status,path,w,h,component_count,reasons
ok,Assets/Art/War/Units/V2/Cutouts/Crawl/war-unit-aether-lamp-scout-v2/war-unit-aether-lamp-scout-v2-crawl-down-00.png,128,128,1,
ok,Assets/Art/War/Units/V2/Cutouts/Crawl/war-unit-aether-lamp-scout-v2/war-unit-aether-lamp-scout-v2-crawl-down-01.png,128,128,1,
ok,Assets/Art/War/Units/V2/Cutouts/Crawl/war-unit-aether-lamp-scout-v2/war-unit-aether-lamp-scout-v2-crawl-down-02.png,128,128,1,
ok,Assets/Art/War/Units/V2/Cutouts/Crawl/war-unit-aether-lamp-scout-v2/war-unit-aether-lamp-scout-v2-crawl-down-03.png,128,128,1,
ok,Assets/Art/War/Units/V2/Cutouts/Crawl/war-unit-aether-lamp-scout-v2/war-unit-aether-lamp-scout-v2-crawl-left-00.png,128,128,1,large alpha touches frame edge: 0
ok,Assets/Art/War/Units/V2/Cutouts/Crawl/war-unit-aether-lamp-scout-v2/war-unit-aether-lamp-scout-v2-crawl-left-01.png,128,128,1,
ok,Assets/Art/War/Units/V2/Cutouts/Crawl/war-unit-aether-lamp-scout-v2/war-unit-aether-lamp-scout-v2-crawl-left-02.png,128,128,1,large alpha touches frame edge: 0
ok,Assets/Art/War/Units/V2/Cutouts/Crawl/war-unit-aether-lamp-scout-v2/war-unit-aether-lamp-scout-v2-crawl-left-03.png,128,128,1,large alpha touches frame edge: 0
suspect,Assets/Art/War/Units/V2/Cutouts/Crawl/war-unit-aether-lamp-scout-v2/war-unit-aether-lamp-scout-v2-crawl-right-00.png,128,128,2,"component 1 looks separated: area=162 ratio=0.04 dist=43.0 bbox=[62, 118, 82, 127] | large alpha touches frame edge: 0,1"
suspect,Assets/Art/War/Units/V2/Cutouts/Crawl/war-unit-aether-lamp-scout-v2/war-unit-aether-lamp-scout-v2-crawl-right-01.png,128,128,2,"component 1 looks separated: area=139 ratio=0.04 dist=42.0 bbox=[51, 119, 71, 127] | large alpha touches frame edge: 1"
suspect,Assets/Art/War/Units/V2/Cutouts/Crawl/war-unit-aether-lamp-scout-v2/war-unit-aether-lamp-scout-v2-crawl-right-02.png,128,128,3,"component 1 looks separated: area=106 ratio=0.03 dist=45.0 bbox=[47, 121, 65, 127] | large alpha touches frame edge: 0,1"
suspect,Assets/Art/War/Units/V2/Cutouts/Crawl/war-unit-aether-lamp-scout-v2/war-unit-aether-lamp-scout-v2-crawl-right-03.png,128,128,2,"component 1 looks separated: area=91 ratio=0.03 dist=47.0 bbox=[43, 121, 60, 127] | large alpha touches frame edge: 0,1"
ok,Assets/Art/War/Units/V2/Cutouts/Crawl/war-unit-aether-lamp-scout-v2/war-unit-aether-lamp-scout-v2-crawl-up-00.png,128,128,1,large alpha touches frame edge: 0
ok,Assets/Art/War/Units/V2/Cutouts/Crawl/war-unit-aether-lamp-scout-v2/war-unit-aether-lamp-scout-v2-crawl-up-01.png,128,128,1,large alpha touches frame edge: 0
ok,Assets/Art/War/Units/V2/Cutouts/Crawl/war-unit-aether-lamp-scout-v2/war-unit-aether-lamp-scout-v2-crawl-up-02.png,128,128,1,large alpha touches frame edge: 0
ok,Assets/Art/War/Units/V2/Cutouts/Crawl/war-unit-aether-lamp-scout-v2/war-unit-aether-lamp-scout-v2-crawl-up-03.png,128,128,1,large alpha touches frame edge: 0
ok,Assets/Art/War/Units/V2/Cutouts/Crawl/war-unit-ammo-runner-v2/war-unit-ammo-runner-v2-crawl-down-00.png,128,128,1,
ok,Assets/Art/War/Units/V2/Cutouts/Crawl/war-unit-ammo-runner-v2/war-unit-ammo-runner-v2-crawl-down-01.png,128,128,1,
ok,Assets/Art/War/Units/V2/Cutouts/Crawl/war-unit-ammo-runner-v2/war-unit-ammo-runner-v2-crawl-down-02.png,128,128,1,
ok,Assets/Art/War/Units/V2/Cutouts/Crawl/war-unit-ammo-runner-v2/war-unit-ammo-runner-v2-crawl-down-03.png,128,128,1,
ok,Assets/Art/War/Units/V2/Cutouts/Crawl/war-unit-ammo-runner-v2/war-unit-ammo-runner-v2-crawl-left-00.png,128,128,1,
ok,Assets/Art/War/Units/V2/Cutouts/Crawl/war-unit-ammo-runner-v2/war-unit-ammo-runner-v2-crawl-left-01.png,128,128,1,
ok,Assets/Art/War/Units/V2/Cutouts/Crawl/war-unit-ammo-runner-v2/war-unit-ammo-runner-v2-crawl-left-02.png,128,128,1,
ok,Assets/Art/War/Units/V2/Cutouts/Crawl/war-unit-ammo-runner-v2/war-unit-ammo-runner-v2-crawl-left-03.png,128,128,1,
suspect,Assets/Art/War/Units/V2/Cutouts/Crawl/war-unit-ammo-runner-v2/war-unit-ammo-runner-v2-crawl-right-00.png,128,128,3,"component 2 looks separated: area=124 ratio=0.04 dist=48.0 bbox=[55, 120, 73, 127] | large alpha touches frame edge: 2"
ok,Assets/Art/War/Units/V2/Cutouts/Crawl/war-unit-ammo-runner-v2/war-unit-ammo-runner-v2-crawl-right-01.png,128,128,3,
ok,Assets/Art/War/Units/V2/Cutouts/Crawl/war-unit-ammo-runner-v2/war-unit-ammo-runner-v2-crawl-right-02.png,128,128,3,
suspect,Assets/Art/War/Units/V2/Cutouts/Crawl/war-unit-ammo-runner-v2/war-unit-ammo-runner-v2-crawl-right-03.png,128,128,3,large alpha touches frame edge: 0
ok,Assets/Art/War/Units/V2/Cutouts/Crawl/war-unit-ammo-runner-v2/war-unit-ammo-runner-v2-crawl-up-00.png,128,128,1,large alpha touches frame edge: 0
ok,Assets/Art/War/Units/V2/Cutouts/Crawl/war-unit-ammo-runner-v2/war-unit-ammo-runner-v2-crawl-up-01.png,128,128,1,large alpha touches frame edge: 0
ok,Assets/Art/War/Units/V2/Cutouts/Crawl/war-unit-ammo-runner-v2/war-unit-ammo-runner-v2-crawl-up-02.png,128,128,1,large alpha touches frame edge: 0
ok,Assets/Art/War/Units/V2/Cutouts/Crawl/war-unit-ammo-runner-v2/war-unit-ammo-runner-v2-crawl-up-03.png,128,128,1,large alpha touches frame edge: 0
ok,Assets/Art/War/Units/V2/Cutouts/Crawl/war-unit-artillery-observer-v2/war-unit-artillery-observer-v2-crawl-down-00.png,128,256,1,
ok,Assets/Art/War/Units/V2/Cutouts/Crawl/war-unit-artillery-observer-v2/war-unit-artillery-observer-v2-crawl-down-01.png,128,256,1,
ok,Assets/Art/War/Units/V2/Cutouts/Crawl/war-unit-artillery-observer-v2/war-unit-artillery-observer-v2-crawl-down-02.png,128,256,1,
ok,Assets/Art/War/Units/V2/Cutouts/Crawl/war-unit-artillery-observer-v2/war-unit-artillery-observer-v2-crawl-down-03.png,128,256,1,large alpha touches frame edge: 0
ok,Assets/Art/War/Units/V2/Cutouts/Crawl/war-unit-artillery-observer-v2/war-unit-artillery-observer-v2-crawl-left-00.png,128,256,1,large alpha touches frame edge: 0
suspect,Assets/Art/War/Units/V2/Cutouts/Crawl/war-unit-artillery-observer-v2/war-unit-artillery-observer-v2-crawl-left-01.png,128,256,2,"large alpha touches frame edge: 0,1"
suspect,Assets/Art/War/Units/V2/Cutouts/Crawl/war-unit-artillery-observer-v2/war-unit-artillery-observer-v2-crawl-left-02.png,128,256,3,large alpha touches frame edge: 0
ok,Assets/Art/War/Units/V2/Cutouts/Crawl/war-unit-artillery-observer-v2/war-unit-artillery-observer-v2-crawl-left-03.png,128,256,1,large alpha touches frame edge: 0
suspect,Assets/Art/War/Units/V2/Cutouts/Crawl/war-unit-artillery-observer-v2/war-unit-artillery-observer-v2-crawl-right-00.png,128,256,2,"component 1 looks separated: area=358 ratio=0.05 dist=88.0 bbox=[63, 238, 89, 255] | large alpha touches frame edge: 0,1"
suspect,Assets/Art/War/Units/V2/Cutouts/Crawl/war-unit-artillery-observer-v2/war-unit-artillery-observer-v2-crawl-right-01.png,128,256,3,"component 1 looks separated: area=440 ratio=0.07 dist=84.0 bbox=[50, 235, 79, 255] | large alpha touches frame edge: 1"
suspect,Assets/Art/War/Units/V2/Cutouts/Crawl/war-unit-artillery-observer-v2/war-unit-artillery-observer-v2-crawl-right-02.png,128,256,2,"component 1 looks separated: area=425 ratio=0.07 dist=85.0 bbox=[44, 236, 73, 255] | large alpha touches frame edge: 1"
suspect,Assets/Art/War/Units/V2/Cutouts/Crawl/war-unit-artillery-observer-v2/war-unit-artillery-observer-v2-crawl-right-03.png,128,256,2,"component 1 looks separated: area=413 ratio=0.07 dist=85.0 bbox=[39, 236, 68, 255] | large alpha touches frame edge: 0,1"
ok,Assets/Art/War/Units/V2/Cutouts/Crawl/war-unit-artillery-observer-v2/war-unit-artillery-observer-v2-crawl-up-00.png,128,256,1,large alpha touches frame edge: 0
ok,Assets/Art/War/Units/V2/Cutouts/Crawl/war-unit-artillery-observer-v2/war-unit-artillery-observer-v2-crawl-up-01.png,128,256,1,large alpha touches frame edge: 0
ok,Assets/Art/War/Units/V2/Cutouts/Crawl/war-unit-artillery-observer-v2/war-unit-artillery-observer-v2-crawl-up-02.png,128,256,1,large alpha touches frame edge: 0
ok,Assets/Art/War/Units/V2/Cutouts/Crawl/war-unit-artillery-observer-v2/war-unit-artillery-observer-v2-crawl-up-03.png,128,256,1,large alpha touches frame edge: 0
ok,Assets/Art/War/Units/V2/Cutouts/Crawl/war-unit-bound-shell-cantor-v2/war-unit-bound-shell-cantor-v2-crawl-down-00.png,128,256,1,
ok,Assets/Art/War/Units/V2/Cutouts/Crawl/war-unit-bound-shell-cantor-v2/war-unit-bound-shell-cantor-v2-crawl-down-01.png,128,256,1,
ok,Assets/Art/War/Units/V2/Cutouts/Crawl/war-unit-bound-shell-cantor-v2/war-unit-bound-shell-cantor-v2-crawl-down-02.png,128,256,1,
ok,Assets/Art/War/Units/V2/Cutouts/Crawl/war-unit-bound-shell-cantor-v2/war-unit-bound-shell-cantor-v2-crawl-down-03.png,128,256,1,
ok,Assets/Art/War/Units/V2/Cutouts/Crawl/war-unit-bound-shell-cantor-v2/war-unit-bound-shell-cantor-v2-crawl-left-00.png,128,256,1,large alpha touches frame edge: 0
suspect,Assets/Art/War/Units/V2/Cutouts/Crawl/war-unit-bound-shell-cantor-v2/war-unit-bound-shell-cantor-v2-crawl-left-01.png,128,256,2,"large alpha touches frame edge: 0,1"
suspect,Assets/Art/War/Units/V2/Cutouts/Crawl/war-unit-bound-shell-cantor-v2/war-unit-bound-shell-cantor-v2-crawl-left-02.png,128,256,5,large alpha touches frame edge: 1
ok,Assets/Art/War/Units/V2/Cutouts/Crawl/war-unit-bound-shell-cantor-v2/war-unit-bound-shell-cantor-v2-crawl-left-03.png,128,256,1,large alpha touches frame edge: 0
suspect,Assets/Art/War/Units/V2/Cutouts/Crawl/war-unit-bound-shell-cantor-v2/war-unit-bound-shell-cantor-v2-crawl-right-00.png,128,256,2,"component 1 looks separated: area=491 ratio=0.08 dist=112.0 bbox=[61, 237, 96, 255] | large alpha touches frame edge: 0,1"
suspect,Assets/Art/War/Units/V2/Cutouts/Crawl/war-unit-bound-shell-cantor-v2/war-unit-bound-shell-cantor-v2-crawl-right-01.png,128,256,4,"component 1 looks separated: area=354 ratio=0.06 dist=112.0 bbox=[52, 241, 81, 255] | large alpha touches frame edge: 1"
suspect,Assets/Art/War/Units/V2/Cutouts/Crawl/war-unit-bound-shell-cantor-v2/war-unit-bound-shell-cantor-v2-crawl-right-02.png,128,256,3,"component 1 looks separated: area=232 ratio=0.04 dist=113.0 bbox=[44, 245, 71, 255] | large alpha touches frame edge: 0,1"
suspect,Assets/Art/War/Units/V2/Cutouts/Crawl/war-unit-bound-shell-cantor-v2/war-unit-bound-shell-cantor-v2-crawl-right-03.png,128,256,2,"component 1 looks separated: area=198 ratio=0.03 dist=106.0 bbox=[33, 246, 59, 255] | large alpha touches frame edge: 0,1"
ok,Assets/Art/War/Units/V2/Cutouts/Crawl/war-unit-bound-shell-cantor-v2/war-unit-bound-shell-cantor-v2-crawl-up-00.png,128,256,1,large alpha touches frame edge: 0
ok,Assets/Art/War/Units/V2/Cutouts/Crawl/war-unit-bound-shell-cantor-v2/war-unit-bound-shell-cantor-v2-crawl-up-01.png,128,256,1,large alpha touches frame edge: 0
suspect,Assets/Art/War/Units/V2/Cutouts/Crawl/war-unit-bound-shell-cantor-v2/war-unit-bound-shell-cantor-v2-crawl-up-02.png,128,256,2,large alpha touches frame edge: 0
ok,Assets/Art/War/Units/V2/Cutouts/Crawl/war-unit-bound-shell-cantor-v2/war-unit-bound-shell-cantor-v2-crawl-up-03.png,128,256,1,large alpha touches frame edge: 0
ok,Assets/Art/War/Units/V2/Cutouts/Crawl/war-unit-clockwork-trenchhand-v2/war-unit-clockwork-trenchhand-v2-crawl-down-00.png,128,128,1,
ok,Assets/Art/War/Units/V2/Cutouts/Crawl/war-unit-clockwork-trenchhand-v2/war-unit-clockwork-trenchhand-v2-crawl-down-01.png,128,128,1,
ok,Assets/Art/War/Units/V2/Cutouts/Crawl/war-unit-clockwork-trenchhand-v2/war-unit-clockwork-trenchhand-v2-crawl-down-02.png,128,128,1,
ok,Assets/Art/War/Units/V2/Cutouts/Crawl/war-unit-clockwork-trenchhand-v2/war-unit-clockwork-trenchhand-v2-crawl-down-03.png,128,128,1,
ok,Assets/Art/War/Units/V2/Cutouts/Crawl/war-unit-clockwork-trenchhand-v2/war-unit-clockwork-trenchhand-v2-crawl-left-00.png,128,128,1,large alpha touches frame edge: 0
ok,Assets/Art/War/Units/V2/Cutouts/Crawl/war-unit-clockwork-trenchhand-v2/war-unit-clockwork-trenchhand-v2-crawl-left-01.png,128,128,2,
ok,Assets/Art/War/Units/V2/Cutouts/Crawl/war-unit-clockwork-trenchhand-v2/war-unit-clockwork-trenchhand-v2-crawl-left-02.png,128,128,3,
ok,Assets/Art/War/Units/V2/Cutouts/Crawl/war-unit-clockwork-trenchhand-v2/war-unit-clockwork-trenchhand-v2-crawl-left-03.png,128,128,1,large alpha touches frame edge: 0
suspect,Assets/Art/War/Units/V2/Cutouts/Crawl/war-unit-clockwork-trenchhand-v2/war-unit-clockwork-trenchhand-v2-crawl-right-00.png,128,128,3,"component 1 looks separated: area=450 ratio=0.12 dist=41.0 bbox=[53, 107, 85, 127] | large alpha touches frame edge: 0,1"
suspect,Assets/Art/War/Units/V2/Cutouts/Crawl/war-unit-clockwork-trenchhand-v2/war-unit-clockwork-trenchhand-v2-crawl-right-01.png,128,128,3,"component 1 looks separated: area=473 ratio=0.13 dist=42.0 bbox=[35, 108, 78, 127] | large alpha touches frame edge: 1"
suspect,Assets/Art/War/Units/V2/Cutouts/Crawl/war-unit-clockwork-trenchhand-v2/war-unit-clockwork-trenchhand-v2-crawl-right-02.png,128,128,4,"component 1 looks separated: area=384 ratio=0.11 dist=41.0 bbox=[47, 110, 76, 127] | large alpha touches frame edge: 1"
suspect,Assets/Art/War/Units/V2/Cutouts/Crawl/war-unit-clockwork-trenchhand-v2/war-unit-clockwork-trenchhand-v2-crawl-right-03.png,128,128,2,"component 1 looks separated: area=433 ratio=0.12 dist=38.0 bbox=[21, 109, 63, 127] | large alpha touches frame edge: 0,1"
ok,Assets/Art/War/Units/V2/Cutouts/Crawl/war-unit-clockwork-trenchhand-v2/war-unit-clockwork-trenchhand-v2-crawl-up-00.png,128,128,1,large alpha touches frame edge: 0
ok,Assets/Art/War/Units/V2/Cutouts/Crawl/war-unit-clockwork-trenchhand-v2/war-unit-clockwork-trenchhand-v2-crawl-up-01.png,128,128,1,large alpha touches frame edge: 0
ok,Assets/Art/War/Units/V2/Cutouts/Crawl/war-unit-clockwork-trenchhand-v2/war-unit-clockwork-trenchhand-v2-crawl-up-02.png,128,128,1,large alpha touches frame edge: 0
ok,Assets/Art/War/Units/V2/Cutouts/Crawl/war-unit-clockwork-trenchhand-v2/war-unit-clockwork-trenchhand-v2-crawl-up-03.png,128,128,1,large alpha touches frame edge: 0
ok,Assets/Art/War/Units/V2/Cutouts/Crawl/war-unit-combat-medic-v2/war-unit-combat-medic-v2-crawl-down-00.png,128,128,1,
ok,Assets/Art/War/Units/V2/Cutouts/Crawl/war-unit-combat-medic-v2/war-unit-combat-medic-v2-crawl-down-01.png,128,128,1,
ok,Assets/Art/War/Units/V2/Cutouts/Crawl/war-unit-combat-medic-v2/war-unit-combat-medic-v2-crawl-down-02.png,128,128,1,
ok,Assets/Art/War/Units/V2/Cutouts/Crawl/war-unit-combat-medic-v2/war-unit-combat-medic-v2-crawl-down-03.png,128,128,1,
suspect,Assets/Art/War/Units/V2/Cutouts/Crawl/war-unit-combat-medic-v2/war-unit-combat-medic-v2-crawl-left-00.png,128,128,4,"component 1 looks separated: area=90 ratio=0.03 dist=54.0 bbox=[82, 121, 100, 127] | large alpha touches frame edge: 1"
ok,Assets/Art/War/Units/V2/Cutouts/Crawl/war-unit-combat-medic-v2/war-unit-combat-medic-v2-crawl-left-01.png,128,128,3,
ok,Assets/Art/War/Units/V2/Cutouts/Crawl/war-unit-combat-medic-v2/war-unit-combat-medic-v2-crawl-left-02.png,128,128,2,
ok,Assets/Art/War/Units/V2/Cutouts/Crawl/war-unit-combat-medic-v2/war-unit-combat-medic-v2-crawl-left-03.png,128,128,2,
suspect,Assets/Art/War/Units/V2/Cutouts/Crawl/war-unit-combat-medic-v2/war-unit-combat-medic-v2-crawl-right-00.png,128,128,2,"component 1 looks separated: area=617 ratio=0.24 dist=66.0 bbox=[51, 101, 88, 127] | large alpha touches frame edge: 0,1"
suspect,Assets/Art/War/Units/V2/Cutouts/Crawl/war-unit-combat-medic-v2/war-unit-combat-medic-v2-crawl-right-01.png,128,128,2,"component 1 looks separated: area=645 ratio=0.25 dist=64.0 bbox=[38, 101, 79, 127] | large alpha touches frame edge: 0,1"
suspect,Assets/Art/War/Units/V2/Cutouts/Crawl/war-unit-combat-medic-v2/war-unit-combat-medic-v2-crawl-right-02.png,128,128,2,"component 1 looks separated: area=610 ratio=0.24 dist=63.0 bbox=[33, 102, 73, 127] | large alpha touches frame edge: 0,1"
suspect,Assets/Art/War/Units/V2/Cutouts/Crawl/war-unit-combat-medic-v2/war-unit-combat-medic-v2-crawl-right-03.png,128,128,2,"component 1 looks separated: area=563 ratio=0.23 dist=63.0 bbox=[31, 102, 66, 127] | large alpha touches frame edge: 0,1"
ok,Assets/Art/War/Units/V2/Cutouts/Crawl/war-unit-combat-medic-v2/war-unit-combat-medic-v2-crawl-up-00.png,128,128,1,large alpha touches frame edge: 0
ok,Assets/Art/War/Units/V2/Cutouts/Crawl/war-unit-combat-medic-v2/war-unit-combat-medic-v2-crawl-up-01.png,128,128,1,large alpha touches frame edge: 0
ok,Assets/Art/War/Units/V2/Cutouts/Crawl/war-unit-combat-medic-v2/war-unit-combat-medic-v2-crawl-up-02.png,128,128,1,large alpha touches frame edge: 0
ok,Assets/Art/War/Units/V2/Cutouts/Crawl/war-unit-combat-medic-v2/war-unit-combat-medic-v2-crawl-up-03.png,128,128,1,large alpha touches frame edge: 0
ok,Assets/Art/War/Units/V2/Cutouts/Crawl/war-unit-echo-runner-v2/war-unit-echo-runner-v2-crawl-down-00.png,128,128,1,
ok,Assets/Art/War/Units/V2/Cutouts/Crawl/war-unit-echo-runner-v2/war-unit-echo-runner-v2-crawl-down-01.png,128,128,1,
ok,Assets/Art/War/Units/V2/Cutouts/Crawl/war-unit-echo-runner-v2/war-unit-echo-runner-v2-crawl-down-02.png,128,128,1,
ok,Assets/Art/War/Units/V2/Cutouts/Crawl/war-unit-echo-runner-v2/war-unit-echo-runner-v2-crawl-down-03.png,128,128,1,
ok,Assets/Art/War/Units/V2/Cutouts/Crawl/war-unit-echo-runner-v2/war-unit-echo-runner-v2-crawl-left-00.png,128,128,1,
ok,Assets/Art/War/Units/V2/Cutouts/Crawl/war-unit-echo-runner-v2/war-unit-echo-runner-v2-crawl-left-01.png,128,128,2,
suspect,Assets/Art/War/Units/V2/Cutouts/Crawl/war-unit-echo-runner-v2/war-unit-echo-runner-v2-crawl-left-02.png,128,128,2,"large alpha touches frame edge: 0,1"
ok,Assets/Art/War/Units/V2/Cutouts/Crawl/war-unit-echo-runner-v2/war-unit-echo-runner-v2-crawl-left-03.png,128,128,1,large alpha touches frame edge: 0
suspect,Assets/Art/War/Units/V2/Cutouts/Crawl/war-unit-echo-runner-v2/war-unit-echo-runner-v2-crawl-right-00.png,128,128,2,"component 1 looks separated: area=395 ratio=0.11 dist=37.0 bbox=[41, 109, 73, 127] | large alpha touches frame edge: 1"
suspect,Assets/Art/War/Units/V2/Cutouts/Crawl/war-unit-echo-runner-v2/war-unit-echo-runner-v2-crawl-right-01.png,128,128,4,"component 1 looks separated: area=351 ratio=0.10 dist=38.0 bbox=[41, 111, 67, 127] | large alpha touches frame edge: 0,1,2"
suspect,Assets/Art/War/Units/V2/Cutouts/Crawl/war-unit-echo-runner-v2/war-unit-echo-runner-v2-crawl-right-02.png,128,128,3,"component 1 looks separated: area=305 ratio=0.08 dist=39.0 bbox=[39, 113, 65, 127] | component 2 looks separated: area=147 ratio=0.04 dist=13.0 bbox=[119, 44, 127, 64] | large alpha touches frame edge: 0,1,2"
suspect,Assets/Art/War/Units/V2/Cutouts/Crawl/war-unit-echo-runner-v2/war-unit-echo-runner-v2-crawl-right-03.png,128,128,2,"component 1 looks separated: area=264 ratio=0.07 dist=38.0 bbox=[33, 114, 59, 127] | large alpha touches frame edge: 0,1"
ok,Assets/Art/War/Units/V2/Cutouts/Crawl/war-unit-echo-runner-v2/war-unit-echo-runner-v2-crawl-up-00.png,128,128,1,large alpha touches frame edge: 0
ok,Assets/Art/War/Units/V2/Cutouts/Crawl/war-unit-echo-runner-v2/war-unit-echo-runner-v2-crawl-up-01.png,128,128,1,large alpha touches frame edge: 0
ok,Assets/Art/War/Units/V2/Cutouts/Crawl/war-unit-echo-runner-v2/war-unit-echo-runner-v2-crawl-up-02.png,128,128,1,large alpha touches frame edge: 0
ok,Assets/Art/War/Units/V2/Cutouts/Crawl/war-unit-echo-runner-v2/war-unit-echo-runner-v2-crawl-up-03.png,128,128,1,large alpha touches frame edge: 0
ok,Assets/Art/War/Units/V2/Cutouts/Crawl/war-unit-field-chaplain-orderly-v2/war-unit-field-chaplain-orderly-v2-crawl-down-00.png,128,128,1,
ok,Assets/Art/War/Units/V2/Cutouts/Crawl/war-unit-field-chaplain-orderly-v2/war-unit-field-chaplain-orderly-v2-crawl-down-01.png,128,128,1,
ok,Assets/Art/War/Units/V2/Cutouts/Crawl/war-unit-field-chaplain-orderly-v2/war-unit-field-chaplain-orderly-v2-crawl-down-02.png,128,128,1,
ok,Assets/Art/War/Units/V2/Cutouts/Crawl/war-unit-field-chaplain-orderly-v2/war-unit-field-chaplain-orderly-v2-crawl-down-03.png,128,128,1,
ok,Assets/Art/War/Units/V2/Cutouts/Crawl/war-unit-field-chaplain-orderly-v2/war-unit-field-chaplain-orderly-v2-crawl-left-00.png,128,128,1,
ok,Assets/Art/War/Units/V2/Cutouts/Crawl/war-unit-field-chaplain-orderly-v2/war-unit-field-chaplain-orderly-v2-crawl-left-01.png,128,128,1,large alpha touches frame edge: 0
ok,Assets/Art/War/Units/V2/Cutouts/Crawl/war-unit-field-chaplain-orderly-v2/war-unit-field-chaplain-orderly-v2-crawl-left-02.png,128,128,1,large alpha touches frame edge: 0
ok,Assets/Art/War/Units/V2/Cutouts/Crawl/war-unit-field-chaplain-orderly-v2/war-unit-field-chaplain-orderly-v2-crawl-left-03.png,128,128,1,
ok,Assets/Art/War/Units/V2/Cutouts/Crawl/war-unit-field-chaplain-orderly-v2/war-unit-field-chaplain-orderly-v2-crawl-right-00.png,128,128,1,
ok,Assets/Art/War/Units/V2/Cutouts/Crawl/war-unit-field-chaplain-orderly-v2/war-unit-field-chaplain-orderly-v2-crawl-right-01.png,128,128,1,
ok,Assets/Art/War/Units/V2/Cutouts/Crawl/war-unit-field-chaplain-orderly-v2/war-unit-field-chaplain-orderly-v2-crawl-right-02.png,128,128,1,
ok,Assets/Art/War/Units/V2/Cutouts/Crawl/war-unit-field-chaplain-orderly-v2/war-unit-field-chaplain-orderly-v2-crawl-right-03.png,128,128,1,
ok,Assets/Art/War/Units/V2/Cutouts/Crawl/war-unit-field-chaplain-orderly-v2/war-unit-field-chaplain-orderly-v2-crawl-up-00.png,128,128,1,
ok,Assets/Art/War/Units/V2/Cutouts/Crawl/war-unit-field-chaplain-orderly-v2/war-unit-field-chaplain-orderly-v2-crawl-up-01.png,128,128,1,
ok,Assets/Art/War/Units/V2/Cutouts/Crawl/war-unit-field-chaplain-orderly-v2/war-unit-field-chaplain-orderly-v2-crawl-up-02.png,128,128,1,
ok,Assets/Art/War/Units/V2/Cutouts/Crawl/war-unit-field-chaplain-orderly-v2/war-unit-field-chaplain-orderly-v2-crawl-up-03.png,128,128,1,
ok,Assets/Art/War/Units/V2/Cutouts/Crawl/war-unit-field-doctor-v2/war-unit-field-doctor-v2-crawl-down-00.png,128,128,1,
ok,Assets/Art/War/Units/V2/Cutouts/Crawl/war-unit-field-doctor-v2/war-unit-field-doctor-v2-crawl-down-01.png,128,128,1,
ok,Assets/Art/War/Units/V2/Cutouts/Crawl/war-unit-field-doctor-v2/war-unit-field-doctor-v2-crawl-down-02.png,128,128,1,
ok,Assets/Art/War/Units/V2/Cutouts/Crawl/war-unit-field-doctor-v2/war-unit-field-doctor-v2-crawl-down-03.png,128,128,1,
suspect,Assets/Art/War/Units/V2/Cutouts/Crawl/war-unit-field-doctor-v2/war-unit-field-doctor-v2-crawl-left-00.png,128,128,5,"component 2 looks separated: area=90 ratio=0.02 dist=19.0 bbox=[82, 121, 100, 127] | large alpha touches frame edge: 2"
ok,Assets/Art/War/Units/V2/Cutouts/Crawl/war-unit-field-doctor-v2/war-unit-field-doctor-v2-crawl-left-01.png,128,128,4,
ok,Assets/Art/War/Units/V2/Cutouts/Crawl/war-unit-field-doctor-v2/war-unit-field-doctor-v2-crawl-left-02.png,128,128,3,
ok,Assets/Art/War/Units/V2/Cutouts/Crawl/war-unit-field-doctor-v2/war-unit-field-doctor-v2-crawl-left-03.png,128,128,3,
suspect,Assets/Art/War/Units/V2/Cutouts/Crawl/war-unit-field-doctor-v2/war-unit-field-doctor-v2-crawl-right-00.png,128,128,4,"component 2 looks separated: area=617 ratio=0.24 dist=66.0 bbox=[51, 101, 88, 127] | component 3 looks separated: area=272 ratio=0.11 dist=29.0 bbox=[99, 64, 114, 80] | large alpha touches frame edge: 0,2"
suspect,Assets/Art/War/Units/V2/Cutouts/Crawl/war-unit-field-doctor-v2/war-unit-field-doctor-v2-crawl-right-01.png,128,128,4,"component 2 looks separated: area=645 ratio=0.25 dist=64.0 bbox=[38, 101, 79, 127] | component 3 looks separated: area=272 ratio=0.11 dist=27.0 bbox=[91, 64, 106, 80] | large alpha touches frame edge: 0,2"
suspect,Assets/Art/War/Units/V2/Cutouts/Crawl/war-unit-field-doctor-v2/war-unit-field-doctor-v2-crawl-right-02.png,128,128,4,"component 2 looks separated: area=610 ratio=0.24 dist=63.0 bbox=[33, 102, 73, 127] | component 3 looks separated: area=272 ratio=0.11 dist=25.0 bbox=[84, 64, 99, 80] | large alpha touches frame edge: 0,2"
suspect,Assets/Art/War/Units/V2/Cutouts/Crawl/war-unit-field-doctor-v2/war-unit-field-doctor-v2-crawl-right-03.png,128,128,4,"component 2 looks separated: area=563 ratio=0.23 dist=63.0 bbox=[31, 102, 66, 127] | component 3 looks separated: area=272 ratio=0.11 dist=25.0 bbox=[84, 64, 99, 80] | large alpha touches frame edge: 0,2"
ok,Assets/Art/War/Units/V2/Cutouts/Crawl/war-unit-field-doctor-v2/war-unit-field-doctor-v2-crawl-up-00.png,128,128,1,large alpha touches frame edge: 0
ok,Assets/Art/War/Units/V2/Cutouts/Crawl/war-unit-field-doctor-v2/war-unit-field-doctor-v2-crawl-up-01.png,128,128,1,large alpha touches frame edge: 0
ok,Assets/Art/War/Units/V2/Cutouts/Crawl/war-unit-field-doctor-v2/war-unit-field-doctor-v2-crawl-up-02.png,128,128,1,large alpha touches frame edge: 0
ok,Assets/Art/War/Units/V2/Cutouts/Crawl/war-unit-field-doctor-v2/war-unit-field-doctor-v2-crawl-up-03.png,128,128,1,large alpha touches frame edge: 0
ok,Assets/Art/War/Units/V2/Cutouts/Crawl/war-unit-field-engineer-v2/war-unit-field-engineer-v2-crawl-down-00.png,128,128,1,
ok,Assets/Art/War/Units/V2/Cutouts/Crawl/war-unit-field-engineer-v2/war-unit-field-engineer-v2-crawl-down-01.png,128,128,1,
ok,Assets/Art/War/Units/V2/Cutouts/Crawl/war-unit-field-engineer-v2/war-unit-field-engineer-v2-crawl-down-02.png,128,128,1,
ok,Assets/Art/War/Units/V2/Cutouts/Crawl/war-unit-field-engineer-v2/war-unit-field-engineer-v2-crawl-down-03.png,128,128,1,
ok,Assets/Art/War/Units/V2/Cutouts/Crawl/war-unit-field-engineer-v2/war-unit-field-engineer-v2-crawl-left-00.png,128,128,1,
ok,Assets/Art/War/Units/V2/Cutouts/Crawl/war-unit-field-engineer-v2/war-unit-field-engineer-v2-crawl-left-01.png,128,128,1,
ok,Assets/Art/War/Units/V2/Cutouts/Crawl/war-unit-field-engineer-v2/war-unit-field-engineer-v2-crawl-left-02.png,128,128,1,
ok,Assets/Art/War/Units/V2/Cutouts/Crawl/war-unit-field-engineer-v2/war-unit-field-engineer-v2-crawl-left-03.png,128,128,1,large alpha touches frame edge: 0
ok,Assets/Art/War/Units/V2/Cutouts/Crawl/war-unit-field-engineer-v2/war-unit-field-engineer-v2-crawl-right-00.png,128,128,2,
ok,Assets/Art/War/Units/V2/Cutouts/Crawl/war-unit-field-engineer-v2/war-unit-field-engineer-v2-crawl-right-01.png,128,128,1,
ok,Assets/Art/War/Units/V2/Cutouts/Crawl/war-unit-field-engineer-v2/war-unit-field-engineer-v2-crawl-right-02.png,128,128,1,
ok,Assets/Art/War/Units/V2/Cutouts/Crawl/war-unit-field-engineer-v2/war-unit-field-engineer-v2-crawl-right-03.png,128,128,1,
ok,Assets/Art/War/Units/V2/Cutouts/Crawl/war-unit-field-engineer-v2/war-unit-field-engineer-v2-crawl-up-00.png,128,128,1,large alpha touches frame edge: 0
ok,Assets/Art/War/Units/V2/Cutouts/Crawl/war-unit-field-engineer-v2/war-unit-field-engineer-v2-crawl-up-01.png,128,128,1,
ok,Assets/Art/War/Units/V2/Cutouts/Crawl/war-unit-field-engineer-v2/war-unit-field-engineer-v2-crawl-up-02.png,128,128,1,
ok,Assets/Art/War/Units/V2/Cutouts/Crawl/war-unit-field-engineer-v2/war-unit-field-engineer-v2-crawl-up-03.png,128,128,1,
ok,Assets/Art/War/Units/V2/Cutouts/Crawl/war-unit-grave-mine-warden-v2/war-unit-grave-mine-warden-v2-crawl-down-00.png,128,128,1,
ok,Assets/Art/War/Units/V2/Cutouts/Crawl/war-unit-grave-mine-warden-v2/war-unit-grave-mine-warden-v2-crawl-down-01.png,128,128,1,
ok,Assets/Art/War/Units/V2/Cutouts/Crawl/war-unit-grave-mine-warden-v2/war-unit-grave-mine-warden-v2-crawl-down-02.png,128,128,1,
ok,Assets/Art/War/Units/V2/Cutouts/Crawl/war-unit-grave-mine-warden-v2/war-unit-grave-mine-warden-v2-crawl-down-03.png,128,128,1,
ok,Assets/Art/War/Units/V2/Cutouts/Crawl/war-unit-grave-mine-warden-v2/war-unit-grave-mine-warden-v2-crawl-left-00.png,128,128,1,
ok,Assets/Art/War/Units/V2/Cutouts/Crawl/war-unit-grave-mine-warden-v2/war-unit-grave-mine-warden-v2-crawl-left-01.png,128,128,1,
suspect,Assets/Art/War/Units/V2/Cutouts/Crawl/war-unit-grave-mine-warden-v2/war-unit-grave-mine-warden-v2-crawl-left-02.png,128,128,2,large alpha touches frame edge: 1
ok,Assets/Art/War/Units/V2/Cutouts/Crawl/war-unit-grave-mine-warden-v2/war-unit-grave-mine-warden-v2-crawl-left-03.png,128,128,1,large alpha touches frame edge: 0
suspect,Assets/Art/War/Units/V2/Cutouts/Crawl/war-unit-grave-mine-warden-v2/war-unit-grave-mine-warden-v2-crawl-right-00.png,128,128,3,"large alpha touches frame edge: 0,1"
suspect,Assets/Art/War/Units/V2/Cutouts/Crawl/war-unit-grave-mine-warden-v2/war-unit-grave-mine-warden-v2-crawl-right-01.png,128,128,4,"component 1 looks separated: area=403 ratio=0.12 dist=38.0 bbox=[36, 109, 69, 127] | component 2 looks separated: area=232 ratio=0.07 dist=20.0 bbox=[94, 91, 113, 105] | large alpha touches frame edge: 1"
suspect,Assets/Art/War/Units/V2/Cutouts/Crawl/war-unit-grave-mine-warden-v2/war-unit-grave-mine-warden-v2-crawl-right-02.png,128,128,5,"component 1 looks separated: area=397 ratio=0.12 dist=37.0 bbox=[29, 109, 63, 127] | component 2 looks separated: area=232 ratio=0.07 dist=18.0 bbox=[97, 90, 116, 104] | large alpha touches frame edge: 1"
suspect,Assets/Art/War/Units/V2/Cutouts/Crawl/war-unit-grave-mine-warden-v2/war-unit-grave-mine-warden-v2-crawl-right-03.png,128,128,4,"component 1 looks separated: area=383 ratio=0.11 dist=38.0 bbox=[24, 109, 56, 127] | component 2 looks separated: area=232 ratio=0.07 dist=19.0 bbox=[90, 90, 109, 104] | large alpha touches frame edge: 0,1"
ok,Assets/Art/War/Units/V2/Cutouts/Crawl/war-unit-grave-mine-warden-v2/war-unit-grave-mine-warden-v2-crawl-up-00.png,128,128,1,large alpha touches frame edge: 0
suspect,Assets/Art/War/Units/V2/Cutouts/Crawl/war-unit-grave-mine-warden-v2/war-unit-grave-mine-warden-v2-crawl-up-01.png,128,128,2,large alpha touches frame edge: 0
suspect,Assets/Art/War/Units/V2/Cutouts/Crawl/war-unit-grave-mine-warden-v2/war-unit-grave-mine-warden-v2-crawl-up-02.png,128,128,3,large alpha touches frame edge: 0
suspect,Assets/Art/War/Units/V2/Cutouts/Crawl/war-unit-grave-mine-warden-v2/war-unit-grave-mine-warden-v2-crawl-up-03.png,128,128,2,large alpha touches frame edge: 0
ok,Assets/Art/War/Units/V2/Cutouts/Crawl/war-unit-grave-salt-warden-v2/war-unit-grave-salt-warden-v2-crawl-down-00.png,128,128,1,
ok,Assets/Art/War/Units/V2/Cutouts/Crawl/war-unit-grave-salt-warden-v2/war-unit-grave-salt-warden-v2-crawl-down-01.png,128,128,1,
ok,Assets/Art/War/Units/V2/Cutouts/Crawl/war-unit-grave-salt-warden-v2/war-unit-grave-salt-warden-v2-crawl-down-02.png,128,128,1,
ok,Assets/Art/War/Units/V2/Cutouts/Crawl/war-unit-grave-salt-warden-v2/war-unit-grave-salt-warden-v2-crawl-down-03.png,128,128,1,
ok,Assets/Art/War/Units/V2/Cutouts/Crawl/war-unit-grave-salt-warden-v2/war-unit-grave-salt-warden-v2-crawl-left-00.png,128,128,1,
ok,Assets/Art/War/Units/V2/Cutouts/Crawl/war-unit-grave-salt-warden-v2/war-unit-grave-salt-warden-v2-crawl-left-01.png,128,128,1,
ok,Assets/Art/War/Units/V2/Cutouts/Crawl/war-unit-grave-salt-warden-v2/war-unit-grave-salt-warden-v2-crawl-left-02.png,128,128,2,
ok,Assets/Art/War/Units/V2/Cutouts/Crawl/war-unit-grave-salt-warden-v2/war-unit-grave-salt-warden-v2-crawl-left-03.png,128,128,1,large alpha touches frame edge: 0
suspect,Assets/Art/War/Units/V2/Cutouts/Crawl/war-unit-grave-salt-warden-v2/war-unit-grave-salt-warden-v2-crawl-right-00.png,128,128,2,"component 1 looks separated: area=423 ratio=0.12 dist=36.0 bbox=[48, 108, 83, 127] | large alpha touches frame edge: 1"
suspect,Assets/Art/War/Units/V2/Cutouts/Crawl/war-unit-grave-salt-warden-v2/war-unit-grave-salt-warden-v2-crawl-right-01.png,128,128,2,"component 1 looks separated: area=403 ratio=0.12 dist=38.0 bbox=[36, 109, 69, 127] | large alpha touches frame edge: 1"
suspect,Assets/Art/War/Units/V2/Cutouts/Crawl/war-unit-grave-salt-warden-v2/war-unit-grave-salt-warden-v2-crawl-right-02.png,128,128,3,"component 1 looks separated: area=397 ratio=0.12 dist=37.0 bbox=[29, 109, 63, 127] | large alpha touches frame edge: 1"
suspect,Assets/Art/War/Units/V2/Cutouts/Crawl/war-unit-grave-salt-warden-v2/war-unit-grave-salt-warden-v2-crawl-right-03.png,128,128,2,"component 1 looks separated: area=383 ratio=0.11 dist=38.0 bbox=[24, 109, 56, 127] | large alpha touches frame edge: 0,1"
ok,Assets/Art/War/Units/V2/Cutouts/Crawl/war-unit-grave-salt-warden-v2/war-unit-grave-salt-warden-v2-crawl-up-00.png,128,128,1,large alpha touches frame edge: 0
ok,Assets/Art/War/Units/V2/Cutouts/Crawl/war-unit-grave-salt-warden-v2/war-unit-grave-salt-warden-v2-crawl-up-01.png,128,128,1,large alpha touches frame edge: 0
ok,Assets/Art/War/Units/V2/Cutouts/Crawl/war-unit-grave-salt-warden-v2/war-unit-grave-salt-warden-v2-crawl-up-02.png,128,128,1,large alpha touches frame edge: 0
ok,Assets/Art/War/Units/V2/Cutouts/Crawl/war-unit-grave-salt-warden-v2/war-unit-grave-salt-warden-v2-crawl-up-03.png,128,128,1,large alpha touches frame edge: 0
ok,Assets/Art/War/Units/V2/Cutouts/Crawl/war-unit-grenadier-v2/war-unit-grenadier-v2-crawl-down-00.png,128,128,1,
ok,Assets/Art/War/Units/V2/Cutouts/Crawl/war-unit-grenadier-v2/war-unit-grenadier-v2-crawl-down-01.png,128,128,1,
ok,Assets/Art/War/Units/V2/Cutouts/Crawl/war-unit-grenadier-v2/war-unit-grenadier-v2-crawl-down-02.png,128,128,1,
ok,Assets/Art/War/Units/V2/Cutouts/Crawl/war-unit-grenadier-v2/war-unit-grenadier-v2-crawl-down-03.png,128,128,1,
ok,Assets/Art/War/Units/V2/Cutouts/Crawl/war-unit-grenadier-v2/war-unit-grenadier-v2-crawl-left-00.png,128,128,1,
ok,Assets/Art/War/Units/V2/Cutouts/Crawl/war-unit-grenadier-v2/war-unit-grenadier-v2-crawl-left-01.png,128,128,1,
suspect,Assets/Art/War/Units/V2/Cutouts/Crawl/war-unit-grenadier-v2/war-unit-grenadier-v2-crawl-left-02.png,128,128,2,large alpha touches frame edge: 0
ok,Assets/Art/War/Units/V2/Cutouts/Crawl/war-unit-grenadier-v2/war-unit-grenadier-v2-crawl-left-03.png,128,128,1,large alpha touches frame edge: 0
suspect,Assets/Art/War/Units/V2/Cutouts/Crawl/war-unit-grenadier-v2/war-unit-grenadier-v2-crawl-right-00.png,128,128,2,"component 1 looks separated: area=175 ratio=0.05 dist=45.0 bbox=[61, 117, 80, 127] | large alpha touches frame edge: 0,1"
suspect,Assets/Art/War/Units/V2/Cutouts/Crawl/war-unit-grenadier-v2/war-unit-grenadier-v2-crawl-right-01.png,128,128,3,"component 1 looks separated: area=207 ratio=0.07 dist=42.0 bbox=[52, 116, 73, 127] | large alpha touches frame edge: 0,1"
suspect,Assets/Art/War/Units/V2/Cutouts/Crawl/war-unit-grenadier-v2/war-unit-grenadier-v2-crawl-right-02.png,128,128,3,"component 1 looks separated: area=206 ratio=0.06 dist=43.0 bbox=[49, 116, 69, 127] | large alpha touches frame edge: 0,1"
suspect,Assets/Art/War/Units/V2/Cutouts/Crawl/war-unit-grenadier-v2/war-unit-grenadier-v2-crawl-right-03.png,128,128,2,"component 1 looks separated: area=191 ratio=0.06 dist=43.0 bbox=[47, 116, 66, 127] | large alpha touches frame edge: 1"
ok,Assets/Art/War/Units/V2/Cutouts/Crawl/war-unit-grenadier-v2/war-unit-grenadier-v2-crawl-up-00.png,128,128,1,large alpha touches frame edge: 0
ok,Assets/Art/War/Units/V2/Cutouts/Crawl/war-unit-grenadier-v2/war-unit-grenadier-v2-crawl-up-01.png,128,128,1,large alpha touches frame edge: 0
ok,Assets/Art/War/Units/V2/Cutouts/Crawl/war-unit-grenadier-v2/war-unit-grenadier-v2-crawl-up-02.png,128,128,1,large alpha touches frame edge: 0
ok,Assets/Art/War/Units/V2/Cutouts/Crawl/war-unit-grenadier-v2/war-unit-grenadier-v2-crawl-up-03.png,128,128,1,large alpha touches frame edge: 0
ok,Assets/Art/War/Units/V2/Cutouts/Crawl/war-unit-mg-gunner-v2/war-unit-mg-gunner-v2-crawl-down-00.png,128,128,1,
ok,Assets/Art/War/Units/V2/Cutouts/Crawl/war-unit-mg-gunner-v2/war-unit-mg-gunner-v2-crawl-down-01.png,128,128,1,
ok,Assets/Art/War/Units/V2/Cutouts/Crawl/war-unit-mg-gunner-v2/war-unit-mg-gunner-v2-crawl-down-02.png,128,128,1,
ok,Assets/Art/War/Units/V2/Cutouts/Crawl/war-unit-mg-gunner-v2/war-unit-mg-gunner-v2-crawl-down-03.png,128,128,1,
ok,Assets/Art/War/Units/V2/Cutouts/Crawl/war-unit-mg-gunner-v2/war-unit-mg-gunner-v2-crawl-left-00.png,128,128,1,large alpha touches frame edge: 0
ok,Assets/Art/War/Units/V2/Cutouts/Crawl/war-unit-mg-gunner-v2/war-unit-mg-gunner-v2-crawl-left-01.png,128,128,2,
ok,Assets/Art/War/Units/V2/Cutouts/Crawl/war-unit-mg-gunner-v2/war-unit-mg-gunner-v2-crawl-left-02.png,128,128,1,
ok,Assets/Art/War/Units/V2/Cutouts/Crawl/war-unit-mg-gunner-v2/war-unit-mg-gunner-v2-crawl-left-03.png,128,128,1,
suspect,Assets/Art/War/Units/V2/Cutouts/Crawl/war-unit-mg-gunner-v2/war-unit-mg-gunner-v2-crawl-right-00.png,128,128,2,"component 1 looks separated: area=138 ratio=0.03 dist=42.0 bbox=[65, 119, 84, 127] | large alpha touches frame edge: 0,1"
suspect,Assets/Art/War/Units/V2/Cutouts/Crawl/war-unit-mg-gunner-v2/war-unit-mg-gunner-v2-crawl-right-01.png,128,128,4,"component 1 looks separated: area=127 ratio=0.03 dist=43.0 bbox=[52, 120, 71, 127] | large alpha touches frame edge: 0,1"
suspect,Assets/Art/War/Units/V2/Cutouts/Crawl/war-unit-mg-gunner-v2/war-unit-mg-gunner-v2-crawl-right-02.png,128,128,2,"component 1 looks separated: area=158 ratio=0.04 dist=41.0 bbox=[49, 118, 67, 127] | large alpha touches frame edge: 1"
suspect,Assets/Art/War/Units/V2/Cutouts/Crawl/war-unit-mg-gunner-v2/war-unit-mg-gunner-v2-crawl-right-03.png,128,128,2,"component 1 looks separated: area=172 ratio=0.05 dist=40.0 bbox=[44, 117, 64, 127] | large alpha touches frame edge: 1"
ok,Assets/Art/War/Units/V2/Cutouts/Crawl/war-unit-mg-gunner-v2/war-unit-mg-gunner-v2-crawl-up-00.png,128,128,1,large alpha touches frame edge: 0
ok,Assets/Art/War/Units/V2/Cutouts/Crawl/war-unit-mg-gunner-v2/war-unit-mg-gunner-v2-crawl-up-01.png,128,128,1,large alpha touches frame edge: 0
ok,Assets/Art/War/Units/V2/Cutouts/Crawl/war-unit-mg-gunner-v2/war-unit-mg-gunner-v2-crawl-up-02.png,128,128,1,large alpha touches frame edge: 0
ok,Assets/Art/War/Units/V2/Cutouts/Crawl/war-unit-mg-gunner-v2/war-unit-mg-gunner-v2-crawl-up-03.png,128,128,1,large alpha touches frame edge: 0
ok,Assets/Art/War/Units/V2/Cutouts/Crawl/war-unit-patrol-corporal-v2/war-unit-patrol-corporal-v2-crawl-down-00.png,128,256,1,large alpha touches frame edge: 0
ok,Assets/Art/War/Units/V2/Cutouts/Crawl/war-unit-patrol-corporal-v2/war-unit-patrol-corporal-v2-crawl-down-01.png,128,256,1,large alpha touches frame edge: 0
ok,Assets/Art/War/Units/V2/Cutouts/Crawl/war-unit-patrol-corporal-v2/war-unit-patrol-corporal-v2-crawl-down-02.png,128,256,1,large alpha touches frame edge: 0
ok,Assets/Art/War/Units/V2/Cutouts/Crawl/war-unit-patrol-corporal-v2/war-unit-patrol-corporal-v2-crawl-down-03.png,128,256,1,large alpha touches frame edge: 0
ok,Assets/Art/War/Units/V2/Cutouts/Crawl/war-unit-patrol-corporal-v2/war-unit-patrol-corporal-v2-crawl-left-00.png,128,256,1,large alpha touches frame edge: 0
ok,Assets/Art/War/Units/V2/Cutouts/Crawl/war-unit-patrol-corporal-v2/war-unit-patrol-corporal-v2-crawl-left-01.png,128,256,1,large alpha touches frame edge: 0
ok,Assets/Art/War/Units/V2/Cutouts/Crawl/war-unit-patrol-corporal-v2/war-unit-patrol-corporal-v2-crawl-left-02.png,128,256,1,large alpha touches frame edge: 0
ok,Assets/Art/War/Units/V2/Cutouts/Crawl/war-unit-patrol-corporal-v2/war-unit-patrol-corporal-v2-crawl-left-03.png,128,256,1,large alpha touches frame edge: 0
suspect,Assets/Art/War/Units/V2/Cutouts/Crawl/war-unit-patrol-corporal-v2/war-unit-patrol-corporal-v2-crawl-right-00.png,128,256,2,"component 1 looks separated: area=242 ratio=0.07 dist=85.0 bbox=[48, 236, 76, 247] | large alpha touches frame edge: 0"
suspect,Assets/Art/War/Units/V2/Cutouts/Crawl/war-unit-patrol-corporal-v2/war-unit-patrol-corporal-v2-crawl-right-01.png,128,256,2,"component 1 looks separated: area=256 ratio=0.07 dist=77.0 bbox=[48, 234, 75, 247] | large alpha touches frame edge: 0"
suspect,Assets/Art/War/Units/V2/Cutouts/Crawl/war-unit-patrol-corporal-v2/war-unit-patrol-corporal-v2-crawl-right-02.png,128,256,2,"component 1 looks separated: area=267 ratio=0.07 dist=79.0 bbox=[52, 236, 82, 247] | large alpha touches frame edge: 0"
suspect,Assets/Art/War/Units/V2/Cutouts/Crawl/war-unit-patrol-corporal-v2/war-unit-patrol-corporal-v2-crawl-right-03.png,128,256,2,"component 1 looks separated: area=243 ratio=0.07 dist=75.0 bbox=[45, 236, 71, 247] | large alpha touches frame edge: 0"
ok,Assets/Art/War/Units/V2/Cutouts/Crawl/war-unit-patrol-corporal-v2/war-unit-patrol-corporal-v2-crawl-up-00.png,128,256,1,large alpha touches frame edge: 0
ok,Assets/Art/War/Units/V2/Cutouts/Crawl/war-unit-patrol-corporal-v2/war-unit-patrol-corporal-v2-crawl-up-01.png,128,256,1,large alpha touches frame edge: 0
ok,Assets/Art/War/Units/V2/Cutouts/Crawl/war-unit-patrol-corporal-v2/war-unit-patrol-corporal-v2-crawl-up-02.png,128,256,1,large alpha touches frame edge: 0
ok,Assets/Art/War/Units/V2/Cutouts/Crawl/war-unit-patrol-corporal-v2/war-unit-patrol-corporal-v2-crawl-up-03.png,128,256,1,large alpha touches frame edge: 0
ok,Assets/Art/War/Units/V2/Cutouts/Crawl/war-unit-porter-v2/war-unit-porter-v2-crawl-down-00.png,128,128,1,
ok,Assets/Art/War/Units/V2/Cutouts/Crawl/war-unit-porter-v2/war-unit-porter-v2-crawl-down-01.png,128,128,1,
ok,Assets/Art/War/Units/V2/Cutouts/Crawl/war-unit-porter-v2/war-unit-porter-v2-crawl-down-02.png,128,128,1,
ok,Assets/Art/War/Units/V2/Cutouts/Crawl/war-unit-porter-v2/war-unit-porter-v2-crawl-down-03.png,128,128,1,
ok,Assets/Art/War/Units/V2/Cutouts/Crawl/war-unit-porter-v2/war-unit-porter-v2-crawl-left-00.png,128,128,1,
ok,Assets/Art/War/Units/V2/Cutouts/Crawl/war-unit-porter-v2/war-unit-porter-v2-crawl-left-01.png,128,128,1,
ok,Assets/Art/War/Units/V2/Cutouts/Crawl/war-unit-porter-v2/war-unit-porter-v2-crawl-left-02.png,128,128,1,
ok,Assets/Art/War/Units/V2/Cutouts/Crawl/war-unit-porter-v2/war-unit-porter-v2-crawl-left-03.png,128,128,1,
suspect,Assets/Art/War/Units/V2/Cutouts/Crawl/war-unit-porter-v2/war-unit-porter-v2-crawl-right-00.png,128,128,2,"component 1 looks separated: area=124 ratio=0.04 dist=48.0 bbox=[55, 120, 73, 127] | large alpha touches frame edge: 1"
ok,Assets/Art/War/Units/V2/Cutouts/Crawl/war-unit-porter-v2/war-unit-porter-v2-crawl-right-01.png,128,128,2,
ok,Assets/Art/War/Units/V2/Cutouts/Crawl/war-unit-porter-v2/war-unit-porter-v2-crawl-right-02.png,128,128,2,
suspect,Assets/Art/War/Units/V2/Cutouts/Crawl/war-unit-porter-v2/war-unit-porter-v2-crawl-right-03.png,128,128,2,large alpha touches frame edge: 0
ok,Assets/Art/War/Units/V2/Cutouts/Crawl/war-unit-porter-v2/war-unit-porter-v2-crawl-up-00.png,128,128,1,large alpha touches frame edge: 0
ok,Assets/Art/War/Units/V2/Cutouts/Crawl/war-unit-porter-v2/war-unit-porter-v2-crawl-up-01.png,128,128,1,large alpha touches frame edge: 0
ok,Assets/Art/War/Units/V2/Cutouts/Crawl/war-unit-porter-v2/war-unit-porter-v2-crawl-up-02.png,128,128,1,large alpha touches frame edge: 0
ok,Assets/Art/War/Units/V2/Cutouts/Crawl/war-unit-porter-v2/war-unit-porter-v2-crawl-up-03.png,128,128,1,large alpha touches frame edge: 0
ok,Assets/Art/War/Units/V2/Cutouts/Crawl/war-unit-pressure-projector-v2/war-unit-pressure-projector-v2-crawl-down-00.png,128,128,1,
ok,Assets/Art/War/Units/V2/Cutouts/Crawl/war-unit-pressure-projector-v2/war-unit-pressure-projector-v2-crawl-down-01.png,128,128,1,
ok,Assets/Art/War/Units/V2/Cutouts/Crawl/war-unit-pressure-projector-v2/war-unit-pressure-projector-v2-crawl-down-02.png,128,128,1,
ok,Assets/Art/War/Units/V2/Cutouts/Crawl/war-unit-pressure-projector-v2/war-unit-pressure-projector-v2-crawl-down-03.png,128,128,1,
ok,Assets/Art/War/Units/V2/Cutouts/Crawl/war-unit-pressure-projector-v2/war-unit-pressure-projector-v2-crawl-left-00.png,128,128,1,large alpha touches frame edge: 0
ok,Assets/Art/War/Units/V2/Cutouts/Crawl/war-unit-pressure-projector-v2/war-unit-pressure-projector-v2-crawl-left-01.png,128,128,2,
ok,Assets/Art/War/Units/V2/Cutouts/Crawl/war-unit-pressure-projector-v2/war-unit-pressure-projector-v2-crawl-left-02.png,128,128,1,
ok,Assets/Art/War/Units/V2/Cutouts/Crawl/war-unit-pressure-projector-v2/war-unit-pressure-projector-v2-crawl-left-03.png,128,128,1,
suspect,Assets/Art/War/Units/V2/Cutouts/Crawl/war-unit-pressure-projector-v2/war-unit-pressure-projector-v2-crawl-right-00.png,128,128,2,"component 1 looks separated: area=262 ratio=0.08 dist=44.0 bbox=[57, 114, 82, 127] | large alpha touches frame edge: 0,1"
suspect,Assets/Art/War/Units/V2/Cutouts/Crawl/war-unit-pressure-projector-v2/war-unit-pressure-projector-v2-crawl-right-01.png,128,128,2,"component 1 looks separated: area=212 ratio=0.06 dist=46.0 bbox=[50, 116, 72, 127] | large alpha touches frame edge: 1"
suspect,Assets/Art/War/Units/V2/Cutouts/Crawl/war-unit-pressure-projector-v2/war-unit-pressure-projector-v2-crawl-right-02.png,128,128,3,"component 1 looks separated: area=214 ratio=0.06 dist=45.0 bbox=[46, 116, 68, 127] | large alpha touches frame edge: 1"
suspect,Assets/Art/War/Units/V2/Cutouts/Crawl/war-unit-pressure-projector-v2/war-unit-pressure-projector-v2-crawl-right-03.png,128,128,2,"component 1 looks separated: area=210 ratio=0.06 dist=46.0 bbox=[37, 116, 58, 127] | large alpha touches frame edge: 0,1"
ok,Assets/Art/War/Units/V2/Cutouts/Crawl/war-unit-pressure-projector-v2/war-unit-pressure-projector-v2-crawl-up-00.png,128,128,1,large alpha touches frame edge: 0
ok,Assets/Art/War/Units/V2/Cutouts/Crawl/war-unit-pressure-projector-v2/war-unit-pressure-projector-v2-crawl-up-01.png,128,128,1,large alpha touches frame edge: 0
ok,Assets/Art/War/Units/V2/Cutouts/Crawl/war-unit-pressure-projector-v2/war-unit-pressure-projector-v2-crawl-up-02.png,128,128,1,large alpha touches frame edge: 0
ok,Assets/Art/War/Units/V2/Cutouts/Crawl/war-unit-pressure-projector-v2/war-unit-pressure-projector-v2-crawl-up-03.png,128,128,1,large alpha touches frame edge: 0
ok,Assets/Art/War/Units/V2/Cutouts/Crawl/war-unit-quartermaster-runner-v2/war-unit-quartermaster-runner-v2-crawl-down-00.png,128,256,1,
ok,Assets/Art/War/Units/V2/Cutouts/Crawl/war-unit-quartermaster-runner-v2/war-unit-quartermaster-runner-v2-crawl-down-01.png,128,256,1,
ok,Assets/Art/War/Units/V2/Cutouts/Crawl/war-unit-quartermaster-runner-v2/war-unit-quartermaster-runner-v2-crawl-down-02.png,128,256,1,
ok,Assets/Art/War/Units/V2/Cutouts/Crawl/war-unit-quartermaster-runner-v2/war-unit-quartermaster-runner-v2-crawl-down-03.png,128,256,1,
ok,Assets/Art/War/Units/V2/Cutouts/Crawl/war-unit-quartermaster-runner-v2/war-unit-quartermaster-runner-v2-crawl-left-00.png,128,256,1,
ok,Assets/Art/War/Units/V2/Cutouts/Crawl/war-unit-quartermaster-runner-v2/war-unit-quartermaster-runner-v2-crawl-left-01.png,128,256,1,
ok,Assets/Art/War/Units/V2/Cutouts/Crawl/war-unit-quartermaster-runner-v2/war-unit-quartermaster-runner-v2-crawl-left-02.png,128,256,2,
ok,Assets/Art/War/Units/V2/Cutouts/Crawl/war-unit-quartermaster-runner-v2/war-unit-quartermaster-runner-v2-crawl-left-03.png,128,256,1,large alpha touches frame edge: 0
suspect,Assets/Art/War/Units/V2/Cutouts/Crawl/war-unit-quartermaster-runner-v2/war-unit-quartermaster-runner-v2-crawl-right-00.png,128,256,2,"component 1 looks separated: area=240 ratio=0.04 dist=85.0 bbox=[61, 239, 77, 255] | large alpha touches frame edge: 1"
suspect,Assets/Art/War/Units/V2/Cutouts/Crawl/war-unit-quartermaster-runner-v2/war-unit-quartermaster-runner-v2-crawl-right-01.png,128,256,2,"component 1 looks separated: area=188 ratio=0.03 dist=87.0 bbox=[54, 242, 71, 255] | large alpha touches frame edge: 1"
suspect,Assets/Art/War/Units/V2/Cutouts/Crawl/war-unit-quartermaster-runner-v2/war-unit-quartermaster-runner-v2-crawl-right-02.png,128,256,2,"component 1 looks separated: area=153 ratio=0.03 dist=88.0 bbox=[50, 244, 66, 255] | large alpha touches frame edge: 1"
suspect,Assets/Art/War/Units/V2/Cutouts/Crawl/war-unit-quartermaster-runner-v2/war-unit-quartermaster-runner-v2-crawl-right-03.png,128,256,2,"component 1 looks separated: area=228 ratio=0.04 dist=84.0 bbox=[43, 240, 61, 255] | large alpha touches frame edge: 0,1"
ok,Assets/Art/War/Units/V2/Cutouts/Crawl/war-unit-quartermaster-runner-v2/war-unit-quartermaster-runner-v2-crawl-up-00.png,128,256,1,large alpha touches frame edge: 0
ok,Assets/Art/War/Units/V2/Cutouts/Crawl/war-unit-quartermaster-runner-v2/war-unit-quartermaster-runner-v2-crawl-up-01.png,128,256,1,large alpha touches frame edge: 0
ok,Assets/Art/War/Units/V2/Cutouts/Crawl/war-unit-quartermaster-runner-v2/war-unit-quartermaster-runner-v2-crawl-up-02.png,128,256,1,large alpha touches frame edge: 0
ok,Assets/Art/War/Units/V2/Cutouts/Crawl/war-unit-quartermaster-runner-v2/war-unit-quartermaster-runner-v2-crawl-up-03.png,128,256,1,large alpha touches frame edge: 0
ok,Assets/Art/War/Units/V2/Cutouts/Crawl/war-unit-rifleman-v2/war-unit-rifleman-v2-crawl-down-00.png,128,128,1,
ok,Assets/Art/War/Units/V2/Cutouts/Crawl/war-unit-rifleman-v2/war-unit-rifleman-v2-crawl-down-01.png,128,128,1,
ok,Assets/Art/War/Units/V2/Cutouts/Crawl/war-unit-rifleman-v2/war-unit-rifleman-v2-crawl-down-02.png,128,128,1,
ok,Assets/Art/War/Units/V2/Cutouts/Crawl/war-unit-rifleman-v2/war-unit-rifleman-v2-crawl-down-03.png,128,128,1,
ok,Assets/Art/War/Units/V2/Cutouts/Crawl/war-unit-rifleman-v2/war-unit-rifleman-v2-crawl-left-00.png,128,128,1,
ok,Assets/Art/War/Units/V2/Cutouts/Crawl/war-unit-rifleman-v2/war-unit-rifleman-v2-crawl-left-01.png,128,128,1,
ok,Assets/Art/War/Units/V2/Cutouts/Crawl/war-unit-rifleman-v2/war-unit-rifleman-v2-crawl-left-02.png,128,128,1,
ok,Assets/Art/War/Units/V2/Cutouts/Crawl/war-unit-rifleman-v2/war-unit-rifleman-v2-crawl-left-03.png,128,128,1,
ok,Assets/Art/War/Units/V2/Cutouts/Crawl/war-unit-rifleman-v2/war-unit-rifleman-v2-crawl-right-00.png,128,128,1,
ok,Assets/Art/War/Units/V2/Cutouts/Crawl/war-unit-rifleman-v2/war-unit-rifleman-v2-crawl-right-01.png,128,128,1,
ok,Assets/Art/War/Units/V2/Cutouts/Crawl/war-unit-rifleman-v2/war-unit-rifleman-v2-crawl-right-02.png,128,128,1,
ok,Assets/Art/War/Units/V2/Cutouts/Crawl/war-unit-rifleman-v2/war-unit-rifleman-v2-crawl-right-03.png,128,128,1,
ok,Assets/Art/War/Units/V2/Cutouts/Crawl/war-unit-rifleman-v2/war-unit-rifleman-v2-crawl-up-00.png,128,128,1,large alpha touches frame edge: 0
ok,Assets/Art/War/Units/V2/Cutouts/Crawl/war-unit-rifleman-v2/war-unit-rifleman-v2-crawl-up-01.png,128,128,1,large alpha touches frame edge: 0
ok,Assets/Art/War/Units/V2/Cutouts/Crawl/war-unit-rifleman-v2/war-unit-rifleman-v2-crawl-up-02.png,128,128,1,
ok,Assets/Art/War/Units/V2/Cutouts/Crawl/war-unit-rifleman-v2/war-unit-rifleman-v2-crawl-up-03.png,128,128,1,
ok,Assets/Art/War/Units/V2/Cutouts/Crawl/war-unit-sapper-v2/war-unit-sapper-v2-crawl-down-00.png,128,128,1,
ok,Assets/Art/War/Units/V2/Cutouts/Crawl/war-unit-sapper-v2/war-unit-sapper-v2-crawl-down-01.png,128,128,1,
ok,Assets/Art/War/Units/V2/Cutouts/Crawl/war-unit-sapper-v2/war-unit-sapper-v2-crawl-down-02.png,128,128,1,
ok,Assets/Art/War/Units/V2/Cutouts/Crawl/war-unit-sapper-v2/war-unit-sapper-v2-crawl-down-03.png,128,128,1,
ok,Assets/Art/War/Units/V2/Cutouts/Crawl/war-unit-sapper-v2/war-unit-sapper-v2-crawl-left-00.png,128,128,1,
ok,Assets/Art/War/Units/V2/Cutouts/Crawl/war-unit-sapper-v2/war-unit-sapper-v2-crawl-left-01.png,128,128,1,
ok,Assets/Art/War/Units/V2/Cutouts/Crawl/war-unit-sapper-v2/war-unit-sapper-v2-crawl-left-02.png,128,128,1,
ok,Assets/Art/War/Units/V2/Cutouts/Crawl/war-unit-sapper-v2/war-unit-sapper-v2-crawl-left-03.png,128,128,1,large alpha touches frame edge: 0
ok,Assets/Art/War/Units/V2/Cutouts/Crawl/war-unit-sapper-v2/war-unit-sapper-v2-crawl-right-00.png,128,128,2,
ok,Assets/Art/War/Units/V2/Cutouts/Crawl/war-unit-sapper-v2/war-unit-sapper-v2-crawl-right-01.png,128,128,2,
suspect,Assets/Art/War/Units/V2/Cutouts/Crawl/war-unit-sapper-v2/war-unit-sapper-v2-crawl-right-02.png,128,128,3,large alpha touches frame edge: 0
suspect,Assets/Art/War/Units/V2/Cutouts/Crawl/war-unit-sapper-v2/war-unit-sapper-v2-crawl-right-03.png,128,128,2,large alpha touches frame edge: 0
ok,Assets/Art/War/Units/V2/Cutouts/Crawl/war-unit-sapper-v2/war-unit-sapper-v2-crawl-up-00.png,128,128,1,large alpha touches frame edge: 0
ok,Assets/Art/War/Units/V2/Cutouts/Crawl/war-unit-sapper-v2/war-unit-sapper-v2-crawl-up-01.png,128,128,1,large alpha touches frame edge: 0
ok,Assets/Art/War/Units/V2/Cutouts/Crawl/war-unit-sapper-v2/war-unit-sapper-v2-crawl-up-02.png,128,128,1,large alpha touches frame edge: 0
ok,Assets/Art/War/Units/V2/Cutouts/Crawl/war-unit-sapper-v2/war-unit-sapper-v2-crawl-up-03.png,128,128,1,large alpha touches frame edge: 0
ok,Assets/Art/War/Units/V2/Cutouts/Crawl/war-unit-scout-v2/war-unit-scout-v2-crawl-down-00.png,128,128,1,
ok,Assets/Art/War/Units/V2/Cutouts/Crawl/war-unit-scout-v2/war-unit-scout-v2-crawl-down-01.png,128,128,1,
ok,Assets/Art/War/Units/V2/Cutouts/Crawl/war-unit-scout-v2/war-unit-scout-v2-crawl-down-02.png,128,128,1,
ok,Assets/Art/War/Units/V2/Cutouts/Crawl/war-unit-scout-v2/war-unit-scout-v2-crawl-down-03.png,128,128,1,
ok,Assets/Art/War/Units/V2/Cutouts/Crawl/war-unit-scout-v2/war-unit-scout-v2-crawl-left-00.png,128,128,1,
ok,Assets/Art/War/Units/V2/Cutouts/Crawl/war-unit-scout-v2/war-unit-scout-v2-crawl-left-01.png,128,128,1,
ok,Assets/Art/War/Units/V2/Cutouts/Crawl/war-unit-scout-v2/war-unit-scout-v2-crawl-left-02.png,128,128,1,
ok,Assets/Art/War/Units/V2/Cutouts/Crawl/war-unit-scout-v2/war-unit-scout-v2-crawl-left-03.png,128,128,1,
ok,Assets/Art/War/Units/V2/Cutouts/Crawl/war-unit-scout-v2/war-unit-scout-v2-crawl-right-00.png,128,128,1,
ok,Assets/Art/War/Units/V2/Cutouts/Crawl/war-unit-scout-v2/war-unit-scout-v2-crawl-right-01.png,128,128,1,
ok,Assets/Art/War/Units/V2/Cutouts/Crawl/war-unit-scout-v2/war-unit-scout-v2-crawl-right-02.png,128,128,1,
ok,Assets/Art/War/Units/V2/Cutouts/Crawl/war-unit-scout-v2/war-unit-scout-v2-crawl-right-03.png,128,128,1,
ok,Assets/Art/War/Units/V2/Cutouts/Crawl/war-unit-scout-v2/war-unit-scout-v2-crawl-up-00.png,128,128,1,
ok,Assets/Art/War/Units/V2/Cutouts/Crawl/war-unit-scout-v2/war-unit-scout-v2-crawl-up-01.png,128,128,1,
ok,Assets/Art/War/Units/V2/Cutouts/Crawl/war-unit-scout-v2/war-unit-scout-v2-crawl-up-02.png,128,128,1,
ok,Assets/Art/War/Units/V2/Cutouts/Crawl/war-unit-scout-v2/war-unit-scout-v2-crawl-up-03.png,128,128,1,
ok,Assets/Art/War/Units/V2/Cutouts/Crawl/war-unit-senior-surgeon-v2/war-unit-senior-surgeon-v2-crawl-down-00.png,128,256,1,
ok,Assets/Art/War/Units/V2/Cutouts/Crawl/war-unit-senior-surgeon-v2/war-unit-senior-surgeon-v2-crawl-down-01.png,128,256,1,
ok,Assets/Art/War/Units/V2/Cutouts/Crawl/war-unit-senior-surgeon-v2/war-unit-senior-surgeon-v2-crawl-down-02.png,128,256,1,
ok,Assets/Art/War/Units/V2/Cutouts/Crawl/war-unit-senior-surgeon-v2/war-unit-senior-surgeon-v2-crawl-down-03.png,128,256,1,
ok,Assets/Art/War/Units/V2/Cutouts/Crawl/war-unit-senior-surgeon-v2/war-unit-senior-surgeon-v2-crawl-left-00.png,128,256,1,large alpha touches frame edge: 0
ok,Assets/Art/War/Units/V2/Cutouts/Crawl/war-unit-senior-surgeon-v2/war-unit-senior-surgeon-v2-crawl-left-01.png,128,256,1,
ok,Assets/Art/War/Units/V2/Cutouts/Crawl/war-unit-senior-surgeon-v2/war-unit-senior-surgeon-v2-crawl-left-02.png,128,256,1,
ok,Assets/Art/War/Units/V2/Cutouts/Crawl/war-unit-senior-surgeon-v2/war-unit-senior-surgeon-v2-crawl-left-03.png,128,256,1,
ok,Assets/Art/War/Units/V2/Cutouts/Crawl/war-unit-senior-surgeon-v2/war-unit-senior-surgeon-v2-crawl-right-00.png,128,256,1,
ok,Assets/Art/War/Units/V2/Cutouts/Crawl/war-unit-senior-surgeon-v2/war-unit-senior-surgeon-v2-crawl-right-01.png,128,256,2,
suspect,Assets/Art/War/Units/V2/Cutouts/Crawl/war-unit-senior-surgeon-v2/war-unit-senior-surgeon-v2-crawl-right-02.png,128,256,2,"large alpha touches frame edge: 0,1"
ok,Assets/Art/War/Units/V2/Cutouts/Crawl/war-unit-senior-surgeon-v2/war-unit-senior-surgeon-v2-crawl-right-03.png,128,256,1,large alpha touches frame edge: 0
ok,Assets/Art/War/Units/V2/Cutouts/Crawl/war-unit-senior-surgeon-v2/war-unit-senior-surgeon-v2-crawl-up-00.png,128,256,1,
ok,Assets/Art/War/Units/V2/Cutouts/Crawl/war-unit-senior-surgeon-v2/war-unit-senior-surgeon-v2-crawl-up-01.png,128,256,1,
ok,Assets/Art/War/Units/V2/Cutouts/Crawl/war-unit-senior-surgeon-v2/war-unit-senior-surgeon-v2-crawl-up-02.png,128,256,1,
ok,Assets/Art/War/Units/V2/Cutouts/Crawl/war-unit-senior-surgeon-v2/war-unit-senior-surgeon-v2-crawl-up-03.png,128,256,1,
ok,Assets/Art/War/Units/V2/Cutouts/Crawl/war-unit-shell-runner-v2/war-unit-shell-runner-v2-crawl-down-00.png,128,128,1,
ok,Assets/Art/War/Units/V2/Cutouts/Crawl/war-unit-shell-runner-v2/war-unit-shell-runner-v2-crawl-down-01.png,128,128,1,
ok,Assets/Art/War/Units/V2/Cutouts/Crawl/war-unit-shell-runner-v2/war-unit-shell-runner-v2-crawl-down-02.png,128,128,1,
ok,Assets/Art/War/Units/V2/Cutouts/Crawl/war-unit-shell-runner-v2/war-unit-shell-runner-v2-crawl-down-03.png,128,128,1,
ok,Assets/Art/War/Units/V2/Cutouts/Crawl/war-unit-shell-runner-v2/war-unit-shell-runner-v2-crawl-left-00.png,128,128,1,
ok,Assets/Art/War/Units/V2/Cutouts/Crawl/war-unit-shell-runner-v2/war-unit-shell-runner-v2-crawl-left-01.png,128,128,1,
ok,Assets/Art/War/Units/V2/Cutouts/Crawl/war-unit-shell-runner-v2/war-unit-shell-runner-v2-crawl-left-02.png,128,128,1,
ok,Assets/Art/War/Units/V2/Cutouts/Crawl/war-unit-shell-runner-v2/war-unit-shell-runner-v2-crawl-left-03.png,128,128,1,
ok,Assets/Art/War/Units/V2/Cutouts/Crawl/war-unit-shell-runner-v2/war-unit-shell-runner-v2-crawl-right-00.png,128,128,2,
suspect,Assets/Art/War/Units/V2/Cutouts/Crawl/war-unit-shell-runner-v2/war-unit-shell-runner-v2-crawl-right-01.png,128,128,2,"component 1 looks separated: area=173 ratio=0.06 dist=51.0 bbox=[48, 117, 68, 127] | large alpha touches frame edge: 1"
suspect,Assets/Art/War/Units/V2/Cutouts/Crawl/war-unit-shell-runner-v2/war-unit-shell-runner-v2-crawl-right-02.png,128,128,2,"component 1 looks separated: area=181 ratio=0.06 dist=51.0 bbox=[54, 117, 75, 127] | large alpha touches frame edge: 1"
suspect,Assets/Art/War/Units/V2/Cutouts/Crawl/war-unit-shell-runner-v2/war-unit-shell-runner-v2-crawl-right-03.png,128,128,2,"component 1 looks separated: area=157 ratio=0.05 dist=51.0 bbox=[53, 118, 73, 127] | large alpha touches frame edge: 1"
ok,Assets/Art/War/Units/V2/Cutouts/Crawl/war-unit-shell-runner-v2/war-unit-shell-runner-v2-crawl-up-00.png,128,128,1,large alpha touches frame edge: 0
ok,Assets/Art/War/Units/V2/Cutouts/Crawl/war-unit-shell-runner-v2/war-unit-shell-runner-v2-crawl-up-01.png,128,128,1,large alpha touches frame edge: 0
ok,Assets/Art/War/Units/V2/Cutouts/Crawl/war-unit-shell-runner-v2/war-unit-shell-runner-v2-crawl-up-02.png,128,128,1,large alpha touches frame edge: 0
ok,Assets/Art/War/Units/V2/Cutouts/Crawl/war-unit-shell-runner-v2/war-unit-shell-runner-v2-crawl-up-03.png,128,128,1,large alpha touches frame edge: 0
ok,Assets/Art/War/Units/V2/Cutouts/Crawl/war-unit-siege-mortar-artificer-v2/war-unit-siege-mortar-artificer-v2-crawl-down-00.png,128,128,1,
ok,Assets/Art/War/Units/V2/Cutouts/Crawl/war-unit-siege-mortar-artificer-v2/war-unit-siege-mortar-artificer-v2-crawl-down-01.png,128,128,1,
ok,Assets/Art/War/Units/V2/Cutouts/Crawl/war-unit-siege-mortar-artificer-v2/war-unit-siege-mortar-artificer-v2-crawl-down-02.png,128,128,1,
ok,Assets/Art/War/Units/V2/Cutouts/Crawl/war-unit-siege-mortar-artificer-v2/war-unit-siege-mortar-artificer-v2-crawl-down-03.png,128,128,1,
ok,Assets/Art/War/Units/V2/Cutouts/Crawl/war-unit-siege-mortar-artificer-v2/war-unit-siege-mortar-artificer-v2-crawl-left-00.png,128,128,1,
ok,Assets/Art/War/Units/V2/Cutouts/Crawl/war-unit-siege-mortar-artificer-v2/war-unit-siege-mortar-artificer-v2-crawl-left-01.png,128,128,1,
ok,Assets/Art/War/Units/V2/Cutouts/Crawl/war-unit-siege-mortar-artificer-v2/war-unit-siege-mortar-artificer-v2-crawl-left-02.png,128,128,1,
ok,Assets/Art/War/Units/V2/Cutouts/Crawl/war-unit-siege-mortar-artificer-v2/war-unit-siege-mortar-artificer-v2-crawl-left-03.png,128,128,1,
ok,Assets/Art/War/Units/V2/Cutouts/Crawl/war-unit-siege-mortar-artificer-v2/war-unit-siege-mortar-artificer-v2-crawl-right-00.png,128,128,5,
ok,Assets/Art/War/Units/V2/Cutouts/Crawl/war-unit-siege-mortar-artificer-v2/war-unit-siege-mortar-artificer-v2-crawl-right-01.png,128,128,5,
suspect,Assets/Art/War/Units/V2/Cutouts/Crawl/war-unit-siege-mortar-artificer-v2/war-unit-siege-mortar-artificer-v2-crawl-right-02.png,128,128,5,"component 1 looks separated: area=104 ratio=0.03 dist=29.0 bbox=[54, 121, 73, 127] | large alpha touches frame edge: 1"
suspect,Assets/Art/War/Units/V2/Cutouts/Crawl/war-unit-siege-mortar-artificer-v2/war-unit-siege-mortar-artificer-v2-crawl-right-03.png,128,128,5,large alpha touches frame edge: 0
ok,Assets/Art/War/Units/V2/Cutouts/Crawl/war-unit-siege-mortar-artificer-v2/war-unit-siege-mortar-artificer-v2-crawl-up-00.png,128,128,1,large alpha touches frame edge: 0
ok,Assets/Art/War/Units/V2/Cutouts/Crawl/war-unit-siege-mortar-artificer-v2/war-unit-siege-mortar-artificer-v2-crawl-up-01.png,128,128,1,large alpha touches frame edge: 0
ok,Assets/Art/War/Units/V2/Cutouts/Crawl/war-unit-siege-mortar-artificer-v2/war-unit-siege-mortar-artificer-v2-crawl-up-02.png,128,128,1,large alpha touches frame edge: 0
ok,Assets/Art/War/Units/V2/Cutouts/Crawl/war-unit-siege-mortar-artificer-v2/war-unit-siege-mortar-artificer-v2-crawl-up-03.png,128,128,1,large alpha touches frame edge: 0
ok,Assets/Art/War/Units/V2/Cutouts/Crawl/war-unit-signaller-v2/war-unit-signaller-v2-crawl-down-00.png,128,128,1,
ok,Assets/Art/War/Units/V2/Cutouts/Crawl/war-unit-signaller-v2/war-unit-signaller-v2-crawl-down-01.png,128,128,1,
ok,Assets/Art/War/Units/V2/Cutouts/Crawl/war-unit-signaller-v2/war-unit-signaller-v2-crawl-down-02.png,128,128,1,
ok,Assets/Art/War/Units/V2/Cutouts/Crawl/war-unit-signaller-v2/war-unit-signaller-v2-crawl-down-03.png,128,128,1,
ok,Assets/Art/War/Units/V2/Cutouts/Crawl/war-unit-signaller-v2/war-unit-signaller-v2-crawl-left-00.png,128,128,1,
ok,Assets/Art/War/Units/V2/Cutouts/Crawl/war-unit-signaller-v2/war-unit-signaller-v2-crawl-left-01.png,128,128,1,
suspect,Assets/Art/War/Units/V2/Cutouts/Crawl/war-unit-signaller-v2/war-unit-signaller-v2-crawl-left-02.png,128,128,2,large alpha touches frame edge: 0
ok,Assets/Art/War/Units/V2/Cutouts/Crawl/war-unit-signaller-v2/war-unit-signaller-v2-crawl-left-03.png,128,128,1,large alpha touches frame edge: 0
suspect,Assets/Art/War/Units/V2/Cutouts/Crawl/war-unit-signaller-v2/war-unit-signaller-v2-crawl-right-00.png,128,128,2,"component 1 looks separated: area=259 ratio=0.07 dist=41.0 bbox=[61, 114, 85, 127] | large alpha touches frame edge: 0,1"
suspect,Assets/Art/War/Units/V2/Cutouts/Crawl/war-unit-signaller-v2/war-unit-signaller-v2-crawl-right-01.png,128,128,2,"component 1 looks separated: area=259 ratio=0.07 dist=44.0 bbox=[49, 114, 73, 127] | large alpha touches frame edge: 1"
suspect,Assets/Art/War/Units/V2/Cutouts/Crawl/war-unit-signaller-v2/war-unit-signaller-v2-crawl-right-02.png,128,128,3,"component 1 looks separated: area=257 ratio=0.07 dist=43.0 bbox=[47, 114, 72, 127] | large alpha touches frame edge: 0,1"
suspect,Assets/Art/War/Units/V2/Cutouts/Crawl/war-unit-signaller-v2/war-unit-signaller-v2-crawl-right-03.png,128,128,2,"component 1 looks separated: area=260 ratio=0.07 dist=43.0 bbox=[38, 114, 62, 127] | large alpha touches frame edge: 0,1"
ok,Assets/Art/War/Units/V2/Cutouts/Crawl/war-unit-signaller-v2/war-unit-signaller-v2-crawl-up-00.png,128,128,1,large alpha touches frame edge: 0
ok,Assets/Art/War/Units/V2/Cutouts/Crawl/war-unit-signaller-v2/war-unit-signaller-v2-crawl-up-01.png,128,128,1,large alpha touches frame edge: 0
ok,Assets/Art/War/Units/V2/Cutouts/Crawl/war-unit-signaller-v2/war-unit-signaller-v2-crawl-up-02.png,128,128,1,large alpha touches frame edge: 0
ok,Assets/Art/War/Units/V2/Cutouts/Crawl/war-unit-signaller-v2/war-unit-signaller-v2-crawl-up-03.png,128,128,1,large alpha touches frame edge: 0
ok,Assets/Art/War/Units/V2/Cutouts/Crawl/war-unit-stretcher-bearer-v2/war-unit-stretcher-bearer-v2-crawl-down-00.png,128,128,1,
ok,Assets/Art/War/Units/V2/Cutouts/Crawl/war-unit-stretcher-bearer-v2/war-unit-stretcher-bearer-v2-crawl-down-01.png,128,128,1,
ok,Assets/Art/War/Units/V2/Cutouts/Crawl/war-unit-stretcher-bearer-v2/war-unit-stretcher-bearer-v2-crawl-down-02.png,128,128,1,
ok,Assets/Art/War/Units/V2/Cutouts/Crawl/war-unit-stretcher-bearer-v2/war-unit-stretcher-bearer-v2-crawl-down-03.png,128,128,1,
ok,Assets/Art/War/Units/V2/Cutouts/Crawl/war-unit-stretcher-bearer-v2/war-unit-stretcher-bearer-v2-crawl-left-00.png,128,128,1,
ok,Assets/Art/War/Units/V2/Cutouts/Crawl/war-unit-stretcher-bearer-v2/war-unit-stretcher-bearer-v2-crawl-left-01.png,128,128,1,large alpha touches frame edge: 0
ok,Assets/Art/War/Units/V2/Cutouts/Crawl/war-unit-stretcher-bearer-v2/war-unit-stretcher-bearer-v2-crawl-left-02.png,128,128,1,large alpha touches frame edge: 0
ok,Assets/Art/War/Units/V2/Cutouts/Crawl/war-unit-stretcher-bearer-v2/war-unit-stretcher-bearer-v2-crawl-left-03.png,128,128,1,
ok,Assets/Art/War/Units/V2/Cutouts/Crawl/war-unit-stretcher-bearer-v2/war-unit-stretcher-bearer-v2-crawl-right-00.png,128,128,1,
ok,Assets/Art/War/Units/V2/Cutouts/Crawl/war-unit-stretcher-bearer-v2/war-unit-stretcher-bearer-v2-crawl-right-01.png,128,128,1,
ok,Assets/Art/War/Units/V2/Cutouts/Crawl/war-unit-stretcher-bearer-v2/war-unit-stretcher-bearer-v2-crawl-right-02.png,128,128,1,
ok,Assets/Art/War/Units/V2/Cutouts/Crawl/war-unit-stretcher-bearer-v2/war-unit-stretcher-bearer-v2-crawl-right-03.png,128,128,1,
ok,Assets/Art/War/Units/V2/Cutouts/Crawl/war-unit-stretcher-bearer-v2/war-unit-stretcher-bearer-v2-crawl-up-00.png,128,128,1,
ok,Assets/Art/War/Units/V2/Cutouts/Crawl/war-unit-stretcher-bearer-v2/war-unit-stretcher-bearer-v2-crawl-up-01.png,128,128,1,
ok,Assets/Art/War/Units/V2/Cutouts/Crawl/war-unit-stretcher-bearer-v2/war-unit-stretcher-bearer-v2-crawl-up-02.png,128,128,1,
ok,Assets/Art/War/Units/V2/Cutouts/Crawl/war-unit-stretcher-bearer-v2/war-unit-stretcher-bearer-v2-crawl-up-03.png,128,128,1,
ok,Assets/Art/War/Units/V2/Cutouts/Crawl/war-unit-supply-officer-v2/war-unit-supply-officer-v2-crawl-down-00.png,128,256,1,
ok,Assets/Art/War/Units/V2/Cutouts/Crawl/war-unit-supply-officer-v2/war-unit-supply-officer-v2-crawl-down-01.png,128,256,1,
ok,Assets/Art/War/Units/V2/Cutouts/Crawl/war-unit-supply-officer-v2/war-unit-supply-officer-v2-crawl-down-02.png,128,256,1,
ok,Assets/Art/War/Units/V2/Cutouts/Crawl/war-unit-supply-officer-v2/war-unit-supply-officer-v2-crawl-down-03.png,128,256,1,
ok,Assets/Art/War/Units/V2/Cutouts/Crawl/war-unit-supply-officer-v2/war-unit-supply-officer-v2-crawl-left-00.png,128,256,1,
ok,Assets/Art/War/Units/V2/Cutouts/Crawl/war-unit-supply-officer-v2/war-unit-supply-officer-v2-crawl-left-01.png,128,256,1,
ok,Assets/Art/War/Units/V2/Cutouts/Crawl/war-unit-supply-officer-v2/war-unit-supply-officer-v2-crawl-left-02.png,128,256,2,
ok,Assets/Art/War/Units/V2/Cutouts/Crawl/war-unit-supply-officer-v2/war-unit-supply-officer-v2-crawl-left-03.png,128,256,1,large alpha touches frame edge: 0
suspect,Assets/Art/War/Units/V2/Cutouts/Crawl/war-unit-supply-officer-v2/war-unit-supply-officer-v2-crawl-right-00.png,128,256,2,"component 1 looks separated: area=240 ratio=0.04 dist=85.0 bbox=[61, 239, 77, 255] | large alpha touches frame edge: 1"
suspect,Assets/Art/War/Units/V2/Cutouts/Crawl/war-unit-supply-officer-v2/war-unit-supply-officer-v2-crawl-right-01.png,128,256,2,"component 1 looks separated: area=188 ratio=0.03 dist=87.0 bbox=[54, 242, 71, 255] | large alpha touches frame edge: 1"
suspect,Assets/Art/War/Units/V2/Cutouts/Crawl/war-unit-supply-officer-v2/war-unit-supply-officer-v2-crawl-right-02.png,128,256,2,"component 1 looks separated: area=153 ratio=0.03 dist=88.0 bbox=[50, 244, 66, 255] | large alpha touches frame edge: 1"
suspect,Assets/Art/War/Units/V2/Cutouts/Crawl/war-unit-supply-officer-v2/war-unit-supply-officer-v2-crawl-right-03.png,128,256,2,"component 1 looks separated: area=228 ratio=0.04 dist=84.0 bbox=[43, 240, 61, 255] | large alpha touches frame edge: 0,1"
ok,Assets/Art/War/Units/V2/Cutouts/Crawl/war-unit-supply-officer-v2/war-unit-supply-officer-v2-crawl-up-00.png,128,256,1,large alpha touches frame edge: 0
ok,Assets/Art/War/Units/V2/Cutouts/Crawl/war-unit-supply-officer-v2/war-unit-supply-officer-v2-crawl-up-01.png,128,256,1,large alpha touches frame edge: 0
ok,Assets/Art/War/Units/V2/Cutouts/Crawl/war-unit-supply-officer-v2/war-unit-supply-officer-v2-crawl-up-02.png,128,256,1,large alpha touches frame edge: 0
ok,Assets/Art/War/Units/V2/Cutouts/Crawl/war-unit-supply-officer-v2/war-unit-supply-officer-v2-crawl-up-03.png,128,256,1,large alpha touches frame edge: 0
ok,Assets/Art/War/Units/V2/Cutouts/Crawl/war-unit-trench-lieutenant-v2/war-unit-trench-lieutenant-v2-crawl-down-00.png,128,256,1,
ok,Assets/Art/War/Units/V2/Cutouts/Crawl/war-unit-trench-lieutenant-v2/war-unit-trench-lieutenant-v2-crawl-down-01.png,128,256,1,
ok,Assets/Art/War/Units/V2/Cutouts/Crawl/war-unit-trench-lieutenant-v2/war-unit-trench-lieutenant-v2-crawl-down-02.png,128,256,1,
ok,Assets/Art/War/Units/V2/Cutouts/Crawl/war-unit-trench-lieutenant-v2/war-unit-trench-lieutenant-v2-crawl-down-03.png,128,256,1,
ok,Assets/Art/War/Units/V2/Cutouts/Crawl/war-unit-trench-lieutenant-v2/war-unit-trench-lieutenant-v2-crawl-left-00.png,128,256,1,large alpha touches frame edge: 0
ok,Assets/Art/War/Units/V2/Cutouts/Crawl/war-unit-trench-lieutenant-v2/war-unit-trench-lieutenant-v2-crawl-left-01.png,128,256,1,
ok,Assets/Art/War/Units/V2/Cutouts/Crawl/war-unit-trench-lieutenant-v2/war-unit-trench-lieutenant-v2-crawl-left-02.png,128,256,1,
ok,Assets/Art/War/Units/V2/Cutouts/Crawl/war-unit-trench-lieutenant-v2/war-unit-trench-lieutenant-v2-crawl-left-03.png,128,256,1,
ok,Assets/Art/War/Units/V2/Cutouts/Crawl/war-unit-trench-lieutenant-v2/war-unit-trench-lieutenant-v2-crawl-right-00.png,128,256,1,
ok,Assets/Art/War/Units/V2/Cutouts/Crawl/war-unit-trench-lieutenant-v2/war-unit-trench-lieutenant-v2-crawl-right-01.png,128,256,2,
suspect,Assets/Art/War/Units/V2/Cutouts/Crawl/war-unit-trench-lieutenant-v2/war-unit-trench-lieutenant-v2-crawl-right-02.png,128,256,2,"large alpha touches frame edge: 0,1"
ok,Assets/Art/War/Units/V2/Cutouts/Crawl/war-unit-trench-lieutenant-v2/war-unit-trench-lieutenant-v2-crawl-right-03.png,128,256,1,large alpha touches frame edge: 0
ok,Assets/Art/War/Units/V2/Cutouts/Crawl/war-unit-trench-lieutenant-v2/war-unit-trench-lieutenant-v2-crawl-up-00.png,128,256,1,
ok,Assets/Art/War/Units/V2/Cutouts/Crawl/war-unit-trench-lieutenant-v2/war-unit-trench-lieutenant-v2-crawl-up-01.png,128,256,1,
ok,Assets/Art/War/Units/V2/Cutouts/Crawl/war-unit-trench-lieutenant-v2/war-unit-trench-lieutenant-v2-crawl-up-02.png,128,256,1,
ok,Assets/Art/War/Units/V2/Cutouts/Crawl/war-unit-trench-lieutenant-v2/war-unit-trench-lieutenant-v2-crawl-up-03.png,128,256,1,
ok,Assets/Art/War/Units/V2/Cutouts/Crawl/war-unit-trench-marksman-v2/war-unit-trench-marksman-v2-crawl-down-00.png,128,128,1,
ok,Assets/Art/War/Units/V2/Cutouts/Crawl/war-unit-trench-marksman-v2/war-unit-trench-marksman-v2-crawl-down-01.png,128,128,1,
ok,Assets/Art/War/Units/V2/Cutouts/Crawl/war-unit-trench-marksman-v2/war-unit-trench-marksman-v2-crawl-down-02.png,128,128,1,
ok,Assets/Art/War/Units/V2/Cutouts/Crawl/war-unit-trench-marksman-v2/war-unit-trench-marksman-v2-crawl-down-03.png,128,128,1,
ok,Assets/Art/War/Units/V2/Cutouts/Crawl/war-unit-trench-marksman-v2/war-unit-trench-marksman-v2-crawl-left-00.png,128,128,1,
suspect,Assets/Art/War/Units/V2/Cutouts/Crawl/war-unit-trench-marksman-v2/war-unit-trench-marksman-v2-crawl-left-01.png,128,128,2,large alpha touches frame edge: 0
suspect,Assets/Art/War/Units/V2/Cutouts/Crawl/war-unit-trench-marksman-v2/war-unit-trench-marksman-v2-crawl-left-02.png,128,128,2,large alpha touches frame edge: 0
ok,Assets/Art/War/Units/V2/Cutouts/Crawl/war-unit-trench-marksman-v2/war-unit-trench-marksman-v2-crawl-left-03.png,128,128,1,large alpha touches frame edge: 0
suspect,Assets/Art/War/Units/V2/Cutouts/Crawl/war-unit-trench-marksman-v2/war-unit-trench-marksman-v2-crawl-right-00.png,128,128,2,"component 1 looks separated: area=472 ratio=0.13 dist=39.0 bbox=[27, 108, 74, 127] | large alpha touches frame edge: 0,1"
suspect,Assets/Art/War/Units/V2/Cutouts/Crawl/war-unit-trench-marksman-v2/war-unit-trench-marksman-v2-crawl-right-01.png,128,128,4,"component 1 looks separated: area=489 ratio=0.14 dist=39.0 bbox=[29, 107, 76, 127] | large alpha touches frame edge: 0,1"
suspect,Assets/Art/War/Units/V2/Cutouts/Crawl/war-unit-trench-marksman-v2/war-unit-trench-marksman-v2-crawl-right-02.png,128,128,5,"component 1 looks separated: area=306 ratio=0.08 dist=43.0 bbox=[45, 111, 69, 127] | large alpha touches frame edge: 0,1"
suspect,Assets/Art/War/Units/V2/Cutouts/Crawl/war-unit-trench-marksman-v2/war-unit-trench-marksman-v2-crawl-right-03.png,128,128,3,"component 1 looks separated: area=356 ratio=0.10 dist=40.0 bbox=[42, 109, 66, 127] | component 2 looks separated: area=82 ratio=0.02 dist=52.0 bbox=[18, 121, 41, 127] | large alpha touches frame edge: 0,1,2"
ok,Assets/Art/War/Units/V2/Cutouts/Crawl/war-unit-trench-marksman-v2/war-unit-trench-marksman-v2-crawl-up-00.png,128,128,1,large alpha touches frame edge: 0
ok,Assets/Art/War/Units/V2/Cutouts/Crawl/war-unit-trench-marksman-v2/war-unit-trench-marksman-v2-crawl-up-01.png,128,128,1,large alpha touches frame edge: 0
ok,Assets/Art/War/Units/V2/Cutouts/Crawl/war-unit-trench-marksman-v2/war-unit-trench-marksman-v2-crawl-up-02.png,128,128,1,large alpha touches frame edge: 0
ok,Assets/Art/War/Units/V2/Cutouts/Crawl/war-unit-trench-marksman-v2/war-unit-trench-marksman-v2-crawl-up-03.png,128,128,1,large alpha touches frame edge: 0
ok,Assets/Art/War/Units/V2/Cutouts/Crawl/war-unit-trench-mortar-crew-v2/war-unit-trench-mortar-crew-v2-crawl-down-00.png,128,128,1,
ok,Assets/Art/War/Units/V2/Cutouts/Crawl/war-unit-trench-mortar-crew-v2/war-unit-trench-mortar-crew-v2-crawl-down-01.png,128,128,1,
ok,Assets/Art/War/Units/V2/Cutouts/Crawl/war-unit-trench-mortar-crew-v2/war-unit-trench-mortar-crew-v2-crawl-down-02.png,128,128,1,
ok,Assets/Art/War/Units/V2/Cutouts/Crawl/war-unit-trench-mortar-crew-v2/war-unit-trench-mortar-crew-v2-crawl-down-03.png,128,128,1,
ok,Assets/Art/War/Units/V2/Cutouts/Crawl/war-unit-trench-mortar-crew-v2/war-unit-trench-mortar-crew-v2-crawl-left-00.png,128,128,1,
ok,Assets/Art/War/Units/V2/Cutouts/Crawl/war-unit-trench-mortar-crew-v2/war-unit-trench-mortar-crew-v2-crawl-left-01.png,128,128,1,
ok,Assets/Art/War/Units/V2/Cutouts/Crawl/war-unit-trench-mortar-crew-v2/war-unit-trench-mortar-crew-v2-crawl-left-02.png,128,128,1,
ok,Assets/Art/War/Units/V2/Cutouts/Crawl/war-unit-trench-mortar-crew-v2/war-unit-trench-mortar-crew-v2-crawl-left-03.png,128,128,1,
ok,Assets/Art/War/Units/V2/Cutouts/Crawl/war-unit-trench-mortar-crew-v2/war-unit-trench-mortar-crew-v2-crawl-right-00.png,128,128,2,
ok,Assets/Art/War/Units/V2/Cutouts/Crawl/war-unit-trench-mortar-crew-v2/war-unit-trench-mortar-crew-v2-crawl-right-01.png,128,128,2,
suspect,Assets/Art/War/Units/V2/Cutouts/Crawl/war-unit-trench-mortar-crew-v2/war-unit-trench-mortar-crew-v2-crawl-right-02.png,128,128,2,"component 1 looks separated: area=104 ratio=0.03 dist=44.0 bbox=[54, 121, 73, 127] | large alpha touches frame edge: 1"
suspect,Assets/Art/War/Units/V2/Cutouts/Crawl/war-unit-trench-mortar-crew-v2/war-unit-trench-mortar-crew-v2-crawl-right-03.png,128,128,2,large alpha touches frame edge: 0
ok,Assets/Art/War/Units/V2/Cutouts/Crawl/war-unit-trench-mortar-crew-v2/war-unit-trench-mortar-crew-v2-crawl-up-00.png,128,128,1,large alpha touches frame edge: 0
ok,Assets/Art/War/Units/V2/Cutouts/Crawl/war-unit-trench-mortar-crew-v2/war-unit-trench-mortar-crew-v2-crawl-up-01.png,128,128,1,large alpha touches frame edge: 0
ok,Assets/Art/War/Units/V2/Cutouts/Crawl/war-unit-trench-mortar-crew-v2/war-unit-trench-mortar-crew-v2-crawl-up-02.png,128,128,1,large alpha touches frame edge: 0
ok,Assets/Art/War/Units/V2/Cutouts/Crawl/war-unit-trench-mortar-crew-v2/war-unit-trench-mortar-crew-v2-crawl-up-03.png,128,128,1,large alpha touches frame edge: 0
ok,Assets/Art/War/Units/V2/Cutouts/Crawl/war-unit-trench-sanitation-orderly-v2/war-unit-trench-sanitation-orderly-v2-crawl-down-00.png,128,128,1,
ok,Assets/Art/War/Units/V2/Cutouts/Crawl/war-unit-trench-sanitation-orderly-v2/war-unit-trench-sanitation-orderly-v2-crawl-down-01.png,128,128,1,
ok,Assets/Art/War/Units/V2/Cutouts/Crawl/war-unit-trench-sanitation-orderly-v2/war-unit-trench-sanitation-orderly-v2-crawl-down-02.png,128,128,1,
ok,Assets/Art/War/Units/V2/Cutouts/Crawl/war-unit-trench-sanitation-orderly-v2/war-unit-trench-sanitation-orderly-v2-crawl-down-03.png,128,128,1,
ok,Assets/Art/War/Units/V2/Cutouts/Crawl/war-unit-trench-sanitation-orderly-v2/war-unit-trench-sanitation-orderly-v2-crawl-left-00.png,128,128,1,
ok,Assets/Art/War/Units/V2/Cutouts/Crawl/war-unit-trench-sanitation-orderly-v2/war-unit-trench-sanitation-orderly-v2-crawl-left-01.png,128,128,1,
ok,Assets/Art/War/Units/V2/Cutouts/Crawl/war-unit-trench-sanitation-orderly-v2/war-unit-trench-sanitation-orderly-v2-crawl-left-02.png,128,128,1,
ok,Assets/Art/War/Units/V2/Cutouts/Crawl/war-unit-trench-sanitation-orderly-v2/war-unit-trench-sanitation-orderly-v2-crawl-left-03.png,128,128,1,
suspect,Assets/Art/War/Units/V2/Cutouts/Crawl/war-unit-trench-sanitation-orderly-v2/war-unit-trench-sanitation-orderly-v2-crawl-right-00.png,128,128,3,"component 2 looks separated: area=124 ratio=0.04 dist=32.0 bbox=[55, 120, 73, 127] | large alpha touches frame edge: 2"
ok,Assets/Art/War/Units/V2/Cutouts/Crawl/war-unit-trench-sanitation-orderly-v2/war-unit-trench-sanitation-orderly-v2-crawl-right-01.png,128,128,3,
ok,Assets/Art/War/Units/V2/Cutouts/Crawl/war-unit-trench-sanitation-orderly-v2/war-unit-trench-sanitation-orderly-v2-crawl-right-02.png,128,128,3,
suspect,Assets/Art/War/Units/V2/Cutouts/Crawl/war-unit-trench-sanitation-orderly-v2/war-unit-trench-sanitation-orderly-v2-crawl-right-03.png,128,128,3,large alpha touches frame edge: 0
ok,Assets/Art/War/Units/V2/Cutouts/Crawl/war-unit-trench-sanitation-orderly-v2/war-unit-trench-sanitation-orderly-v2-crawl-up-00.png,128,128,1,large alpha touches frame edge: 0
ok,Assets/Art/War/Units/V2/Cutouts/Crawl/war-unit-trench-sanitation-orderly-v2/war-unit-trench-sanitation-orderly-v2-crawl-up-01.png,128,128,1,large alpha touches frame edge: 0
ok,Assets/Art/War/Units/V2/Cutouts/Crawl/war-unit-trench-sanitation-orderly-v2/war-unit-trench-sanitation-orderly-v2-crawl-up-02.png,128,128,1,large alpha touches frame edge: 0
ok,Assets/Art/War/Units/V2/Cutouts/Crawl/war-unit-trench-sanitation-orderly-v2/war-unit-trench-sanitation-orderly-v2-crawl-up-03.png,128,128,1,large alpha touches frame edge: 0
ok,Assets/Art/War/Units/V2/Cutouts/Crawl/war-unit-wire-cutter-v2/war-unit-wire-cutter-v2-crawl-down-00.png,128,128,1,
ok,Assets/Art/War/Units/V2/Cutouts/Crawl/war-unit-wire-cutter-v2/war-unit-wire-cutter-v2-crawl-down-01.png,128,128,1,
ok,Assets/Art/War/Units/V2/Cutouts/Crawl/war-unit-wire-cutter-v2/war-unit-wire-cutter-v2-crawl-down-02.png,128,128,1,
ok,Assets/Art/War/Units/V2/Cutouts/Crawl/war-unit-wire-cutter-v2/war-unit-wire-cutter-v2-crawl-down-03.png,128,128,1,
ok,Assets/Art/War/Units/V2/Cutouts/Crawl/war-unit-wire-cutter-v2/war-unit-wire-cutter-v2-crawl-left-00.png,128,128,1,large alpha touches frame edge: 0
ok,Assets/Art/War/Units/V2/Cutouts/Crawl/war-unit-wire-cutter-v2/war-unit-wire-cutter-v2-crawl-left-01.png,128,128,3,
suspect,Assets/Art/War/Units/V2/Cutouts/Crawl/war-unit-wire-cutter-v2/war-unit-wire-cutter-v2-crawl-left-02.png,128,128,2,"large alpha touches frame edge: 0,1"
ok,Assets/Art/War/Units/V2/Cutouts/Crawl/war-unit-wire-cutter-v2/war-unit-wire-cutter-v2-crawl-left-03.png,128,128,1,large alpha touches frame edge: 0
suspect,Assets/Art/War/Units/V2/Cutouts/Crawl/war-unit-wire-cutter-v2/war-unit-wire-cutter-v2-crawl-right-00.png,128,128,2,"component 1 looks separated: area=175 ratio=0.05 dist=47.0 bbox=[60, 117, 79, 127] | large alpha touches frame edge: 0,1"
suspect,Assets/Art/War/Units/V2/Cutouts/Crawl/war-unit-wire-cutter-v2/war-unit-wire-cutter-v2-crawl-right-01.png,128,128,3,"component 1 looks separated: area=197 ratio=0.05 dist=39.0 bbox=[49, 116, 69, 127] | large alpha touches frame edge: 0,1"
suspect,Assets/Art/War/Units/V2/Cutouts/Crawl/war-unit-wire-cutter-v2/war-unit-wire-cutter-v2-crawl-right-02.png,128,128,3,"component 1 looks separated: area=190 ratio=0.05 dist=42.0 bbox=[46, 117, 67, 127] | large alpha touches frame edge: 1"
suspect,Assets/Art/War/Units/V2/Cutouts/Crawl/war-unit-wire-cutter-v2/war-unit-wire-cutter-v2-crawl-right-03.png,128,128,2,"component 1 looks separated: area=194 ratio=0.05 dist=47.0 bbox=[35, 117, 55, 127] | large alpha touches frame edge: 0,1"
ok,Assets/Art/War/Units/V2/Cutouts/Crawl/war-unit-wire-cutter-v2/war-unit-wire-cutter-v2-crawl-up-00.png,128,128,1,large alpha touches frame edge: 0
ok,Assets/Art/War/Units/V2/Cutouts/Crawl/war-unit-wire-cutter-v2/war-unit-wire-cutter-v2-crawl-up-01.png,128,128,1,large alpha touches frame edge: 0
ok,Assets/Art/War/Units/V2/Cutouts/Crawl/war-unit-wire-cutter-v2/war-unit-wire-cutter-v2-crawl-up-02.png,128,128,1,large alpha touches frame edge: 0
ok,Assets/Art/War/Units/V2/Cutouts/Crawl/war-unit-wire-cutter-v2/war-unit-wire-cutter-v2-crawl-up-03.png,128,128,1,large alpha touches frame edge: 0
ok,Assets/Art/War/Units/V2/Cutouts/Crawl/war-unit-wire-layer-v2/war-unit-wire-layer-v2-crawl-down-00.png,128,128,1,
ok,Assets/Art/War/Units/V2/Cutouts/Crawl/war-unit-wire-layer-v2/war-unit-wire-layer-v2-crawl-down-01.png,128,128,1,
ok,Assets/Art/War/Units/V2/Cutouts/Crawl/war-unit-wire-layer-v2/war-unit-wire-layer-v2-crawl-down-02.png,128,128,1,
ok,Assets/Art/War/Units/V2/Cutouts/Crawl/war-unit-wire-layer-v2/war-unit-wire-layer-v2-crawl-down-03.png,128,128,1,
ok,Assets/Art/War/Units/V2/Cutouts/Crawl/war-unit-wire-layer-v2/war-unit-wire-layer-v2-crawl-left-00.png,128,128,1,large alpha touches frame edge: 0
ok,Assets/Art/War/Units/V2/Cutouts/Crawl/war-unit-wire-layer-v2/war-unit-wire-layer-v2-crawl-left-01.png,128,128,3,
ok,Assets/Art/War/Units/V2/Cutouts/Crawl/war-unit-wire-layer-v2/war-unit-wire-layer-v2-crawl-left-02.png,128,128,1,large alpha touches frame edge: 0
ok,Assets/Art/War/Units/V2/Cutouts/Crawl/war-unit-wire-layer-v2/war-unit-wire-layer-v2-crawl-left-03.png,128,128,1,large alpha touches frame edge: 0
suspect,Assets/Art/War/Units/V2/Cutouts/Crawl/war-unit-wire-layer-v2/war-unit-wire-layer-v2-crawl-right-00.png,128,128,5,"component 1 looks separated: area=175 ratio=0.04 dist=41.0 bbox=[60, 117, 79, 127] | large alpha touches frame edge: 0,1"
suspect,Assets/Art/War/Units/V2/Cutouts/Crawl/war-unit-wire-layer-v2/war-unit-wire-layer-v2-crawl-right-01.png,128,128,6,"component 1 looks separated: area=197 ratio=0.04 dist=39.0 bbox=[49, 116, 69, 127] | large alpha touches frame edge: 0,1"
suspect,Assets/Art/War/Units/V2/Cutouts/Crawl/war-unit-wire-layer-v2/war-unit-wire-layer-v2-crawl-right-02.png,128,128,6,"component 1 looks separated: area=190 ratio=0.04 dist=41.0 bbox=[46, 117, 67, 127] | large alpha touches frame edge: 1"
suspect,Assets/Art/War/Units/V2/Cutouts/Crawl/war-unit-wire-layer-v2/war-unit-wire-layer-v2-crawl-right-03.png,128,128,5,"component 1 looks separated: area=194 ratio=0.05 dist=41.0 bbox=[35, 117, 55, 127] | large alpha touches frame edge: 0,1"
ok,Assets/Art/War/Units/V2/Cutouts/Crawl/war-unit-wire-layer-v2/war-unit-wire-layer-v2-crawl-up-00.png,128,128,1,large alpha touches frame edge: 0
ok,Assets/Art/War/Units/V2/Cutouts/Crawl/war-unit-wire-layer-v2/war-unit-wire-layer-v2-crawl-up-01.png,128,128,1,large alpha touches frame edge: 0
ok,Assets/Art/War/Units/V2/Cutouts/Crawl/war-unit-wire-layer-v2/war-unit-wire-layer-v2-crawl-up-02.png,128,128,1,large alpha touches frame edge: 0
ok,Assets/Art/War/Units/V2/Cutouts/Crawl/war-unit-wire-layer-v2/war-unit-wire-layer-v2-crawl-up-03.png,128,128,1,large alpha touches frame edge: 0
ok,Assets/Art/War/Units/V2/Cutouts/Crouch/war-unit-aether-lamp-scout-v2/war-unit-aether-lamp-scout-v2-crouch-down-00.png,128,128,1,
ok,Assets/Art/War/Units/V2/Cutouts/Crouch/war-unit-aether-lamp-scout-v2/war-unit-aether-lamp-scout-v2-crouch-down-01.png,128,128,1,
ok,Assets/Art/War/Units/V2/Cutouts/Crouch/war-unit-aether-lamp-scout-v2/war-unit-aether-lamp-scout-v2-crouch-down-02.png,128,128,1,
ok,Assets/Art/War/Units/V2/Cutouts/Crouch/war-unit-aether-lamp-scout-v2/war-unit-aether-lamp-scout-v2-crouch-down-03.png,128,128,1,
ok,Assets/Art/War/Units/V2/Cutouts/Crouch/war-unit-aether-lamp-scout-v2/war-unit-aether-lamp-scout-v2-crouch-left-00.png,128,128,1,
ok,Assets/Art/War/Units/V2/Cutouts/Crouch/war-unit-aether-lamp-scout-v2/war-unit-aether-lamp-scout-v2-crouch-left-01.png,128,128,1,
ok,Assets/Art/War/Units/V2/Cutouts/Crouch/war-unit-aether-lamp-scout-v2/war-unit-aether-lamp-scout-v2-crouch-left-02.png,128,128,1,
ok,Assets/Art/War/Units/V2/Cutouts/Crouch/war-unit-aether-lamp-scout-v2/war-unit-aether-lamp-scout-v2-crouch-left-03.png,128,128,1,
suspect,Assets/Art/War/Units/V2/Cutouts/Crouch/war-unit-aether-lamp-scout-v2/war-unit-aether-lamp-scout-v2-crouch-right-00.png,128,128,2,"component 1 looks separated: area=92 ratio=0.02 dist=25.0 bbox=[61, 122, 80, 127] | large alpha touches frame edge: 1"
ok,Assets/Art/War/Units/V2/Cutouts/Crouch/war-unit-aether-lamp-scout-v2/war-unit-aether-lamp-scout-v2-crouch-right-01.png,128,128,2,
suspect,Assets/Art/War/Units/V2/Cutouts/Crouch/war-unit-aether-lamp-scout-v2/war-unit-aether-lamp-scout-v2-crouch-right-02.png,128,128,2,"component 1 looks separated: area=86 ratio=0.02 dist=25.0 bbox=[41, 122, 59, 127] | large alpha touches frame edge: 1"
suspect,Assets/Art/War/Units/V2/Cutouts/Crouch/war-unit-aether-lamp-scout-v2/war-unit-aether-lamp-scout-v2-crouch-right-03.png,128,128,2,"component 1 looks separated: area=92 ratio=0.02 dist=25.0 bbox=[33, 122, 52, 127] | large alpha touches frame edge: 0,1"
ok,Assets/Art/War/Units/V2/Cutouts/Crouch/war-unit-aether-lamp-scout-v2/war-unit-aether-lamp-scout-v2-crouch-up-00.png,128,128,1,large alpha touches frame edge: 0
ok,Assets/Art/War/Units/V2/Cutouts/Crouch/war-unit-aether-lamp-scout-v2/war-unit-aether-lamp-scout-v2-crouch-up-01.png,128,128,1,large alpha touches frame edge: 0
ok,Assets/Art/War/Units/V2/Cutouts/Crouch/war-unit-aether-lamp-scout-v2/war-unit-aether-lamp-scout-v2-crouch-up-02.png,128,128,1,large alpha touches frame edge: 0
ok,Assets/Art/War/Units/V2/Cutouts/Crouch/war-unit-aether-lamp-scout-v2/war-unit-aether-lamp-scout-v2-crouch-up-03.png,128,128,1,large alpha touches frame edge: 0
ok,Assets/Art/War/Units/V2/Cutouts/Crouch/war-unit-ammo-runner-v2/war-unit-ammo-runner-v2-crouch-down-00.png,128,128,1,
ok,Assets/Art/War/Units/V2/Cutouts/Crouch/war-unit-ammo-runner-v2/war-unit-ammo-runner-v2-crouch-down-01.png,128,128,1,
ok,Assets/Art/War/Units/V2/Cutouts/Crouch/war-unit-ammo-runner-v2/war-unit-ammo-runner-v2-crouch-down-02.png,128,128,1,
ok,Assets/Art/War/Units/V2/Cutouts/Crouch/war-unit-ammo-runner-v2/war-unit-ammo-runner-v2-crouch-down-03.png,128,128,1,
ok,Assets/Art/War/Units/V2/Cutouts/Crouch/war-unit-ammo-runner-v2/war-unit-ammo-runner-v2-crouch-left-00.png,128,128,1,
ok,Assets/Art/War/Units/V2/Cutouts/Crouch/war-unit-ammo-runner-v2/war-unit-ammo-runner-v2-crouch-left-01.png,128,128,1,
ok,Assets/Art/War/Units/V2/Cutouts/Crouch/war-unit-ammo-runner-v2/war-unit-ammo-runner-v2-crouch-left-02.png,128,128,1,
ok,Assets/Art/War/Units/V2/Cutouts/Crouch/war-unit-ammo-runner-v2/war-unit-ammo-runner-v2-crouch-left-03.png,128,128,1,
suspect,Assets/Art/War/Units/V2/Cutouts/Crouch/war-unit-ammo-runner-v2/war-unit-ammo-runner-v2-crouch-right-00.png,128,128,2,"component 1 looks separated: area=383 ratio=0.08 dist=18.0 bbox=[57, 110, 84, 127] | large alpha touches frame edge: 1"
suspect,Assets/Art/War/Units/V2/Cutouts/Crouch/war-unit-ammo-runner-v2/war-unit-ammo-runner-v2-crouch-right-01.png,128,128,2,"component 1 looks separated: area=382 ratio=0.08 dist=18.0 bbox=[49, 110, 77, 127] | large alpha touches frame edge: 1"
suspect,Assets/Art/War/Units/V2/Cutouts/Crouch/war-unit-ammo-runner-v2/war-unit-ammo-runner-v2-crouch-right-02.png,128,128,2,"component 1 looks separated: area=379 ratio=0.08 dist=18.0 bbox=[46, 110, 73, 127] | large alpha touches frame edge: 1"
suspect,Assets/Art/War/Units/V2/Cutouts/Crouch/war-unit-ammo-runner-v2/war-unit-ammo-runner-v2-crouch-right-03.png,128,128,2,"component 1 looks separated: area=379 ratio=0.08 dist=18.0 bbox=[38, 110, 65, 127] | large alpha touches frame edge: 1"
ok,Assets/Art/War/Units/V2/Cutouts/Crouch/war-unit-ammo-runner-v2/war-unit-ammo-runner-v2-crouch-up-00.png,128,128,1,large alpha touches frame edge: 0
ok,Assets/Art/War/Units/V2/Cutouts/Crouch/war-unit-ammo-runner-v2/war-unit-ammo-runner-v2-crouch-up-01.png,128,128,1,large alpha touches frame edge: 0
ok,Assets/Art/War/Units/V2/Cutouts/Crouch/war-unit-ammo-runner-v2/war-unit-ammo-runner-v2-crouch-up-02.png,128,128,1,large alpha touches frame edge: 0
ok,Assets/Art/War/Units/V2/Cutouts/Crouch/war-unit-ammo-runner-v2/war-unit-ammo-runner-v2-crouch-up-03.png,128,128,1,large alpha touches frame edge: 0
ok,Assets/Art/War/Units/V2/Cutouts/Crouch/war-unit-artillery-observer-v2/war-unit-artillery-observer-v2-crouch-down-00.png,128,256,1,
ok,Assets/Art/War/Units/V2/Cutouts/Crouch/war-unit-artillery-observer-v2/war-unit-artillery-observer-v2-crouch-down-01.png,128,256,1,
ok,Assets/Art/War/Units/V2/Cutouts/Crouch/war-unit-artillery-observer-v2/war-unit-artillery-observer-v2-crouch-down-02.png,128,256,1,
ok,Assets/Art/War/Units/V2/Cutouts/Crouch/war-unit-artillery-observer-v2/war-unit-artillery-observer-v2-crouch-down-03.png,128,256,1,
ok,Assets/Art/War/Units/V2/Cutouts/Crouch/war-unit-artillery-observer-v2/war-unit-artillery-observer-v2-crouch-left-00.png,128,256,1,
ok,Assets/Art/War/Units/V2/Cutouts/Crouch/war-unit-artillery-observer-v2/war-unit-artillery-observer-v2-crouch-left-01.png,128,256,1,
ok,Assets/Art/War/Units/V2/Cutouts/Crouch/war-unit-artillery-observer-v2/war-unit-artillery-observer-v2-crouch-left-02.png,128,256,1,
ok,Assets/Art/War/Units/V2/Cutouts/Crouch/war-unit-artillery-observer-v2/war-unit-artillery-observer-v2-crouch-left-03.png,128,256,1,
ok,Assets/Art/War/Units/V2/Cutouts/Crouch/war-unit-artillery-observer-v2/war-unit-artillery-observer-v2-crouch-right-00.png,128,256,1,
ok,Assets/Art/War/Units/V2/Cutouts/Crouch/war-unit-artillery-observer-v2/war-unit-artillery-observer-v2-crouch-right-01.png,128,256,1,
ok,Assets/Art/War/Units/V2/Cutouts/Crouch/war-unit-artillery-observer-v2/war-unit-artillery-observer-v2-crouch-right-02.png,128,256,1,
ok,Assets/Art/War/Units/V2/Cutouts/Crouch/war-unit-artillery-observer-v2/war-unit-artillery-observer-v2-crouch-right-03.png,128,256,1,
ok,Assets/Art/War/Units/V2/Cutouts/Crouch/war-unit-artillery-observer-v2/war-unit-artillery-observer-v2-crouch-up-00.png,128,256,1,
ok,Assets/Art/War/Units/V2/Cutouts/Crouch/war-unit-artillery-observer-v2/war-unit-artillery-observer-v2-crouch-up-01.png,128,256,1,
ok,Assets/Art/War/Units/V2/Cutouts/Crouch/war-unit-artillery-observer-v2/war-unit-artillery-observer-v2-crouch-up-02.png,128,256,1,
ok,Assets/Art/War/Units/V2/Cutouts/Crouch/war-unit-artillery-observer-v2/war-unit-artillery-observer-v2-crouch-up-03.png,128,256,1,
ok,Assets/Art/War/Units/V2/Cutouts/Crouch/war-unit-bound-shell-cantor-v2/war-unit-bound-shell-cantor-v2-crouch-down-00.png,128,256,1,
ok,Assets/Art/War/Units/V2/Cutouts/Crouch/war-unit-bound-shell-cantor-v2/war-unit-bound-shell-cantor-v2-crouch-down-01.png,128,256,1,
ok,Assets/Art/War/Units/V2/Cutouts/Crouch/war-unit-bound-shell-cantor-v2/war-unit-bound-shell-cantor-v2-crouch-down-02.png,128,256,1,
ok,Assets/Art/War/Units/V2/Cutouts/Crouch/war-unit-bound-shell-cantor-v2/war-unit-bound-shell-cantor-v2-crouch-down-03.png,128,256,1,
ok,Assets/Art/War/Units/V2/Cutouts/Crouch/war-unit-bound-shell-cantor-v2/war-unit-bound-shell-cantor-v2-crouch-left-00.png,128,256,1,
ok,Assets/Art/War/Units/V2/Cutouts/Crouch/war-unit-bound-shell-cantor-v2/war-unit-bound-shell-cantor-v2-crouch-left-01.png,128,256,1,
suspect,Assets/Art/War/Units/V2/Cutouts/Crouch/war-unit-bound-shell-cantor-v2/war-unit-bound-shell-cantor-v2-crouch-left-02.png,128,256,2,large alpha touches frame edge: 1
ok,Assets/Art/War/Units/V2/Cutouts/Crouch/war-unit-bound-shell-cantor-v2/war-unit-bound-shell-cantor-v2-crouch-left-03.png,128,256,1,large alpha touches frame edge: 0
ok,Assets/Art/War/Units/V2/Cutouts/Crouch/war-unit-bound-shell-cantor-v2/war-unit-bound-shell-cantor-v2-crouch-right-00.png,128,256,1,
ok,Assets/Art/War/Units/V2/Cutouts/Crouch/war-unit-bound-shell-cantor-v2/war-unit-bound-shell-cantor-v2-crouch-right-01.png,128,256,1,
ok,Assets/Art/War/Units/V2/Cutouts/Crouch/war-unit-bound-shell-cantor-v2/war-unit-bound-shell-cantor-v2-crouch-right-02.png,128,256,1,
ok,Assets/Art/War/Units/V2/Cutouts/Crouch/war-unit-bound-shell-cantor-v2/war-unit-bound-shell-cantor-v2-crouch-right-03.png,128,256,1,
ok,Assets/Art/War/Units/V2/Cutouts/Crouch/war-unit-bound-shell-cantor-v2/war-unit-bound-shell-cantor-v2-crouch-up-00.png,128,256,1,large alpha touches frame edge: 0
ok,Assets/Art/War/Units/V2/Cutouts/Crouch/war-unit-bound-shell-cantor-v2/war-unit-bound-shell-cantor-v2-crouch-up-01.png,128,256,1,
ok,Assets/Art/War/Units/V2/Cutouts/Crouch/war-unit-bound-shell-cantor-v2/war-unit-bound-shell-cantor-v2-crouch-up-02.png,128,256,1,
ok,Assets/Art/War/Units/V2/Cutouts/Crouch/war-unit-bound-shell-cantor-v2/war-unit-bound-shell-cantor-v2-crouch-up-03.png,128,256,1,
ok,Assets/Art/War/Units/V2/Cutouts/Crouch/war-unit-clockwork-trenchhand-v2/war-unit-clockwork-trenchhand-v2-crouch-down-00.png,128,128,1,
ok,Assets/Art/War/Units/V2/Cutouts/Crouch/war-unit-clockwork-trenchhand-v2/war-unit-clockwork-trenchhand-v2-crouch-down-01.png,128,128,1,
ok,Assets/Art/War/Units/V2/Cutouts/Crouch/war-unit-clockwork-trenchhand-v2/war-unit-clockwork-trenchhand-v2-crouch-down-02.png,128,128,1,
ok,Assets/Art/War/Units/V2/Cutouts/Crouch/war-unit-clockwork-trenchhand-v2/war-unit-clockwork-trenchhand-v2-crouch-down-03.png,128,128,1,
ok,Assets/Art/War/Units/V2/Cutouts/Crouch/war-unit-clockwork-trenchhand-v2/war-unit-clockwork-trenchhand-v2-crouch-left-00.png,128,128,1,
ok,Assets/Art/War/Units/V2/Cutouts/Crouch/war-unit-clockwork-trenchhand-v2/war-unit-clockwork-trenchhand-v2-crouch-left-01.png,128,128,1,
ok,Assets/Art/War/Units/V2/Cutouts/Crouch/war-unit-clockwork-trenchhand-v2/war-unit-clockwork-trenchhand-v2-crouch-left-02.png,128,128,1,
ok,Assets/Art/War/Units/V2/Cutouts/Crouch/war-unit-clockwork-trenchhand-v2/war-unit-clockwork-trenchhand-v2-crouch-left-03.png,128,128,1,
suspect,Assets/Art/War/Units/V2/Cutouts/Crouch/war-unit-clockwork-trenchhand-v2/war-unit-clockwork-trenchhand-v2-crouch-right-00.png,128,128,2,"component 1 looks separated: area=478 ratio=0.11 dist=20.0 bbox=[60, 106, 88, 127] | large alpha touches frame edge: 1"
suspect,Assets/Art/War/Units/V2/Cutouts/Crouch/war-unit-clockwork-trenchhand-v2/war-unit-clockwork-trenchhand-v2-crouch-right-01.png,128,128,2,"component 1 looks separated: area=480 ratio=0.11 dist=20.0 bbox=[46, 106, 75, 127] | large alpha touches frame edge: 1"
suspect,Assets/Art/War/Units/V2/Cutouts/Crouch/war-unit-clockwork-trenchhand-v2/war-unit-clockwork-trenchhand-v2-crouch-right-02.png,128,128,2,"component 1 looks separated: area=467 ratio=0.11 dist=21.0 bbox=[34, 107, 63, 127] | large alpha touches frame edge: 1"
suspect,Assets/Art/War/Units/V2/Cutouts/Crouch/war-unit-clockwork-trenchhand-v2/war-unit-clockwork-trenchhand-v2-crouch-right-03.png,128,128,2,"component 1 looks separated: area=472 ratio=0.11 dist=21.0 bbox=[27, 107, 56, 127] | large alpha touches frame edge: 1"
ok,Assets/Art/War/Units/V2/Cutouts/Crouch/war-unit-clockwork-trenchhand-v2/war-unit-clockwork-trenchhand-v2-crouch-up-00.png,128,128,1,large alpha touches frame edge: 0
ok,Assets/Art/War/Units/V2/Cutouts/Crouch/war-unit-clockwork-trenchhand-v2/war-unit-clockwork-trenchhand-v2-crouch-up-01.png,128,128,1,large alpha touches frame edge: 0
ok,Assets/Art/War/Units/V2/Cutouts/Crouch/war-unit-clockwork-trenchhand-v2/war-unit-clockwork-trenchhand-v2-crouch-up-02.png,128,128,1,large alpha touches frame edge: 0
ok,Assets/Art/War/Units/V2/Cutouts/Crouch/war-unit-clockwork-trenchhand-v2/war-unit-clockwork-trenchhand-v2-crouch-up-03.png,128,128,1,large alpha touches frame edge: 0
ok,Assets/Art/War/Units/V2/Cutouts/Crouch/war-unit-combat-medic-v2/war-unit-combat-medic-v2-crouch-down-00.png,128,128,1,
ok,Assets/Art/War/Units/V2/Cutouts/Crouch/war-unit-combat-medic-v2/war-unit-combat-medic-v2-crouch-down-01.png,128,128,1,
ok,Assets/Art/War/Units/V2/Cutouts/Crouch/war-unit-combat-medic-v2/war-unit-combat-medic-v2-crouch-down-02.png,128,128,1,
ok,Assets/Art/War/Units/V2/Cutouts/Crouch/war-unit-combat-medic-v2/war-unit-combat-medic-v2-crouch-down-03.png,128,128,1,
ok,Assets/Art/War/Units/V2/Cutouts/Crouch/war-unit-combat-medic-v2/war-unit-combat-medic-v2-crouch-left-00.png,128,128,1,
ok,Assets/Art/War/Units/V2/Cutouts/Crouch/war-unit-combat-medic-v2/war-unit-combat-medic-v2-crouch-left-01.png,128,128,1,
ok,Assets/Art/War/Units/V2/Cutouts/Crouch/war-unit-combat-medic-v2/war-unit-combat-medic-v2-crouch-left-02.png,128,128,1,
ok,Assets/Art/War/Units/V2/Cutouts/Crouch/war-unit-combat-medic-v2/war-unit-combat-medic-v2-crouch-left-03.png,128,128,1,
suspect,Assets/Art/War/Units/V2/Cutouts/Crouch/war-unit-combat-medic-v2/war-unit-combat-medic-v2-crouch-right-00.png,128,128,2,"component 1 looks separated: area=200 ratio=0.06 dist=37.0 bbox=[61, 117, 83, 127] | large alpha touches frame edge: 1"
suspect,Assets/Art/War/Units/V2/Cutouts/Crouch/war-unit-combat-medic-v2/war-unit-combat-medic-v2-crouch-right-01.png,128,128,2,"component 1 looks separated: area=202 ratio=0.06 dist=34.0 bbox=[49, 117, 70, 127] | large alpha touches frame edge: 1"
suspect,Assets/Art/War/Units/V2/Cutouts/Crouch/war-unit-combat-medic-v2/war-unit-combat-medic-v2-crouch-right-02.png,128,128,2,"component 1 looks separated: area=177 ratio=0.05 dist=34.0 bbox=[43, 118, 65, 127] | large alpha touches frame edge: 1"
suspect,Assets/Art/War/Units/V2/Cutouts/Crouch/war-unit-combat-medic-v2/war-unit-combat-medic-v2-crouch-right-03.png,128,128,2,"component 1 looks separated: area=183 ratio=0.05 dist=36.0 bbox=[33, 118, 55, 127] | large alpha touches frame edge: 1"
ok,Assets/Art/War/Units/V2/Cutouts/Crouch/war-unit-combat-medic-v2/war-unit-combat-medic-v2-crouch-up-00.png,128,128,1,large alpha touches frame edge: 0
ok,Assets/Art/War/Units/V2/Cutouts/Crouch/war-unit-combat-medic-v2/war-unit-combat-medic-v2-crouch-up-01.png,128,128,1,large alpha touches frame edge: 0
ok,Assets/Art/War/Units/V2/Cutouts/Crouch/war-unit-combat-medic-v2/war-unit-combat-medic-v2-crouch-up-02.png,128,128,1,large alpha touches frame edge: 0
ok,Assets/Art/War/Units/V2/Cutouts/Crouch/war-unit-combat-medic-v2/war-unit-combat-medic-v2-crouch-up-03.png,128,128,1,large alpha touches frame edge: 0
ok,Assets/Art/War/Units/V2/Cutouts/Crouch/war-unit-echo-runner-v2/war-unit-echo-runner-v2-crouch-down-00.png,128,128,1,
ok,Assets/Art/War/Units/V2/Cutouts/Crouch/war-unit-echo-runner-v2/war-unit-echo-runner-v2-crouch-down-01.png,128,128,1,
ok,Assets/Art/War/Units/V2/Cutouts/Crouch/war-unit-echo-runner-v2/war-unit-echo-runner-v2-crouch-down-02.png,128,128,1,
ok,Assets/Art/War/Units/V2/Cutouts/Crouch/war-unit-echo-runner-v2/war-unit-echo-runner-v2-crouch-down-03.png,128,128,1,
ok,Assets/Art/War/Units/V2/Cutouts/Crouch/war-unit-echo-runner-v2/war-unit-echo-runner-v2-crouch-left-00.png,128,128,1,
ok,Assets/Art/War/Units/V2/Cutouts/Crouch/war-unit-echo-runner-v2/war-unit-echo-runner-v2-crouch-left-01.png,128,128,1,
ok,Assets/Art/War/Units/V2/Cutouts/Crouch/war-unit-echo-runner-v2/war-unit-echo-runner-v2-crouch-left-02.png,128,128,1,
ok,Assets/Art/War/Units/V2/Cutouts/Crouch/war-unit-echo-runner-v2/war-unit-echo-runner-v2-crouch-left-03.png,128,128,1,
suspect,Assets/Art/War/Units/V2/Cutouts/Crouch/war-unit-echo-runner-v2/war-unit-echo-runner-v2-crouch-right-00.png,128,128,2,"component 1 looks separated: area=181 ratio=0.04 dist=25.0 bbox=[57, 118, 79, 127] | large alpha touches frame edge: 1"
suspect,Assets/Art/War/Units/V2/Cutouts/Crouch/war-unit-echo-runner-v2/war-unit-echo-runner-v2-crouch-right-01.png,128,128,2,"component 1 looks separated: area=180 ratio=0.04 dist=24.0 bbox=[46, 118, 68, 127] | large alpha touches frame edge: 1"
suspect,Assets/Art/War/Units/V2/Cutouts/Crouch/war-unit-echo-runner-v2/war-unit-echo-runner-v2-crouch-right-02.png,128,128,2,"component 1 looks separated: area=147 ratio=0.03 dist=26.0 bbox=[39, 119, 60, 127] | large alpha touches frame edge: 1"
suspect,Assets/Art/War/Units/V2/Cutouts/Crouch/war-unit-echo-runner-v2/war-unit-echo-runner-v2-crouch-right-03.png,128,128,2,"component 1 looks separated: area=182 ratio=0.04 dist=22.0 bbox=[31, 118, 53, 127] | large alpha touches frame edge: 1"
ok,Assets/Art/War/Units/V2/Cutouts/Crouch/war-unit-echo-runner-v2/war-unit-echo-runner-v2-crouch-up-00.png,128,128,1,large alpha touches frame edge: 0
ok,Assets/Art/War/Units/V2/Cutouts/Crouch/war-unit-echo-runner-v2/war-unit-echo-runner-v2-crouch-up-01.png,128,128,1,large alpha touches frame edge: 0
ok,Assets/Art/War/Units/V2/Cutouts/Crouch/war-unit-echo-runner-v2/war-unit-echo-runner-v2-crouch-up-02.png,128,128,1,large alpha touches frame edge: 0
ok,Assets/Art/War/Units/V2/Cutouts/Crouch/war-unit-echo-runner-v2/war-unit-echo-runner-v2-crouch-up-03.png,128,128,1,large alpha touches frame edge: 0
ok,Assets/Art/War/Units/V2/Cutouts/Crouch/war-unit-field-chaplain-orderly-v2/war-unit-field-chaplain-orderly-v2-crouch-down-00.png,128,128,1,
ok,Assets/Art/War/Units/V2/Cutouts/Crouch/war-unit-field-chaplain-orderly-v2/war-unit-field-chaplain-orderly-v2-crouch-down-01.png,128,128,1,
ok,Assets/Art/War/Units/V2/Cutouts/Crouch/war-unit-field-chaplain-orderly-v2/war-unit-field-chaplain-orderly-v2-crouch-down-02.png,128,128,1,
ok,Assets/Art/War/Units/V2/Cutouts/Crouch/war-unit-field-chaplain-orderly-v2/war-unit-field-chaplain-orderly-v2-crouch-down-03.png,128,128,1,
ok,Assets/Art/War/Units/V2/Cutouts/Crouch/war-unit-field-chaplain-orderly-v2/war-unit-field-chaplain-orderly-v2-crouch-left-00.png,128,128,1,
ok,Assets/Art/War/Units/V2/Cutouts/Crouch/war-unit-field-chaplain-orderly-v2/war-unit-field-chaplain-orderly-v2-crouch-left-01.png,128,128,1,
ok,Assets/Art/War/Units/V2/Cutouts/Crouch/war-unit-field-chaplain-orderly-v2/war-unit-field-chaplain-orderly-v2-crouch-left-02.png,128,128,1,
ok,Assets/Art/War/Units/V2/Cutouts/Crouch/war-unit-field-chaplain-orderly-v2/war-unit-field-chaplain-orderly-v2-crouch-left-03.png,128,128,1,
ok,Assets/Art/War/Units/V2/Cutouts/Crouch/war-unit-field-chaplain-orderly-v2/war-unit-field-chaplain-orderly-v2-crouch-right-00.png,128,128,1,
ok,Assets/Art/War/Units/V2/Cutouts/Crouch/war-unit-field-chaplain-orderly-v2/war-unit-field-chaplain-orderly-v2-crouch-right-01.png,128,128,1,
ok,Assets/Art/War/Units/V2/Cutouts/Crouch/war-unit-field-chaplain-orderly-v2/war-unit-field-chaplain-orderly-v2-crouch-right-02.png,128,128,1,
ok,Assets/Art/War/Units/V2/Cutouts/Crouch/war-unit-field-chaplain-orderly-v2/war-unit-field-chaplain-orderly-v2-crouch-right-03.png,128,128,1,
ok,Assets/Art/War/Units/V2/Cutouts/Crouch/war-unit-field-chaplain-orderly-v2/war-unit-field-chaplain-orderly-v2-crouch-up-00.png,128,128,1,large alpha touches frame edge: 0
ok,Assets/Art/War/Units/V2/Cutouts/Crouch/war-unit-field-chaplain-orderly-v2/war-unit-field-chaplain-orderly-v2-crouch-up-01.png,128,128,1,large alpha touches frame edge: 0
ok,Assets/Art/War/Units/V2/Cutouts/Crouch/war-unit-field-chaplain-orderly-v2/war-unit-field-chaplain-orderly-v2-crouch-up-02.png,128,128,1,
ok,Assets/Art/War/Units/V2/Cutouts/Crouch/war-unit-field-chaplain-orderly-v2/war-unit-field-chaplain-orderly-v2-crouch-up-03.png,128,128,1,
ok,Assets/Art/War/Units/V2/Cutouts/Crouch/war-unit-field-doctor-v2/war-unit-field-doctor-v2-crouch-down-00.png,128,128,1,
ok,Assets/Art/War/Units/V2/Cutouts/Crouch/war-unit-field-doctor-v2/war-unit-field-doctor-v2-crouch-down-01.png,128,128,1,
ok,Assets/Art/War/Units/V2/Cutouts/Crouch/war-unit-field-doctor-v2/war-unit-field-doctor-v2-crouch-down-02.png,128,128,1,
ok,Assets/Art/War/Units/V2/Cutouts/Crouch/war-unit-field-doctor-v2/war-unit-field-doctor-v2-crouch-down-03.png,128,128,1,
ok,Assets/Art/War/Units/V2/Cutouts/Crouch/war-unit-field-doctor-v2/war-unit-field-doctor-v2-crouch-left-00.png,128,128,1,
ok,Assets/Art/War/Units/V2/Cutouts/Crouch/war-unit-field-doctor-v2/war-unit-field-doctor-v2-crouch-left-01.png,128,128,1,
ok,Assets/Art/War/Units/V2/Cutouts/Crouch/war-unit-field-doctor-v2/war-unit-field-doctor-v2-crouch-left-02.png,128,128,1,
ok,Assets/Art/War/Units/V2/Cutouts/Crouch/war-unit-field-doctor-v2/war-unit-field-doctor-v2-crouch-left-03.png,128,128,1,
suspect,Assets/Art/War/Units/V2/Cutouts/Crouch/war-unit-field-doctor-v2/war-unit-field-doctor-v2-crouch-right-00.png,128,128,3,"component 2 looks separated: area=200 ratio=0.05 dist=21.0 bbox=[61, 117, 83, 127] | large alpha touches frame edge: 2"
suspect,Assets/Art/War/Units/V2/Cutouts/Crouch/war-unit-field-doctor-v2/war-unit-field-doctor-v2-crouch-right-01.png,128,128,3,"component 2 looks separated: area=202 ratio=0.05 dist=21.0 bbox=[49, 117, 70, 127] | large alpha touches frame edge: 2"
suspect,Assets/Art/War/Units/V2/Cutouts/Crouch/war-unit-field-doctor-v2/war-unit-field-doctor-v2-crouch-right-02.png,128,128,3,"component 2 looks separated: area=177 ratio=0.05 dist=22.0 bbox=[43, 118, 65, 127] | large alpha touches frame edge: 2"
suspect,Assets/Art/War/Units/V2/Cutouts/Crouch/war-unit-field-doctor-v2/war-unit-field-doctor-v2-crouch-right-03.png,128,128,3,"component 2 looks separated: area=183 ratio=0.05 dist=22.0 bbox=[33, 118, 55, 127] | large alpha touches frame edge: 2"
ok,Assets/Art/War/Units/V2/Cutouts/Crouch/war-unit-field-doctor-v2/war-unit-field-doctor-v2-crouch-up-00.png,128,128,1,large alpha touches frame edge: 0
ok,Assets/Art/War/Units/V2/Cutouts/Crouch/war-unit-field-doctor-v2/war-unit-field-doctor-v2-crouch-up-01.png,128,128,1,large alpha touches frame edge: 0
ok,Assets/Art/War/Units/V2/Cutouts/Crouch/war-unit-field-doctor-v2/war-unit-field-doctor-v2-crouch-up-02.png,128,128,1,large alpha touches frame edge: 0
ok,Assets/Art/War/Units/V2/Cutouts/Crouch/war-unit-field-doctor-v2/war-unit-field-doctor-v2-crouch-up-03.png,128,128,1,large alpha touches frame edge: 0
ok,Assets/Art/War/Units/V2/Cutouts/Crouch/war-unit-field-engineer-v2/war-unit-field-engineer-v2-crouch-down-00.png,128,128,1,
ok,Assets/Art/War/Units/V2/Cutouts/Crouch/war-unit-field-engineer-v2/war-unit-field-engineer-v2-crouch-down-01.png,128,128,1,
ok,Assets/Art/War/Units/V2/Cutouts/Crouch/war-unit-field-engineer-v2/war-unit-field-engineer-v2-crouch-down-02.png,128,128,1,
ok,Assets/Art/War/Units/V2/Cutouts/Crouch/war-unit-field-engineer-v2/war-unit-field-engineer-v2-crouch-down-03.png,128,128,1,
ok,Assets/Art/War/Units/V2/Cutouts/Crouch/war-unit-field-engineer-v2/war-unit-field-engineer-v2-crouch-left-00.png,128,128,1,
ok,Assets/Art/War/Units/V2/Cutouts/Crouch/war-unit-field-engineer-v2/war-unit-field-engineer-v2-crouch-left-01.png,128,128,1,
ok,Assets/Art/War/Units/V2/Cutouts/Crouch/war-unit-field-engineer-v2/war-unit-field-engineer-v2-crouch-left-02.png,128,128,1,
ok,Assets/Art/War/Units/V2/Cutouts/Crouch/war-unit-field-engineer-v2/war-unit-field-engineer-v2-crouch-left-03.png,128,128,1,
ok,Assets/Art/War/Units/V2/Cutouts/Crouch/war-unit-field-engineer-v2/war-unit-field-engineer-v2-crouch-right-00.png,128,128,1,
ok,Assets/Art/War/Units/V2/Cutouts/Crouch/war-unit-field-engineer-v2/war-unit-field-engineer-v2-crouch-right-01.png,128,128,1,
ok,Assets/Art/War/Units/V2/Cutouts/Crouch/war-unit-field-engineer-v2/war-unit-field-engineer-v2-crouch-right-02.png,128,128,1,
ok,Assets/Art/War/Units/V2/Cutouts/Crouch/war-unit-field-engineer-v2/war-unit-field-engineer-v2-crouch-right-03.png,128,128,1,
ok,Assets/Art/War/Units/V2/Cutouts/Crouch/war-unit-field-engineer-v2/war-unit-field-engineer-v2-crouch-up-00.png,128,128,1,large alpha touches frame edge: 0
ok,Assets/Art/War/Units/V2/Cutouts/Crouch/war-unit-field-engineer-v2/war-unit-field-engineer-v2-crouch-up-01.png,128,128,1,large alpha touches frame edge: 0
ok,Assets/Art/War/Units/V2/Cutouts/Crouch/war-unit-field-engineer-v2/war-unit-field-engineer-v2-crouch-up-02.png,128,128,1,
ok,Assets/Art/War/Units/V2/Cutouts/Crouch/war-unit-field-engineer-v2/war-unit-field-engineer-v2-crouch-up-03.png,128,128,1,
suspect,Assets/Art/War/Units/V2/Cutouts/Crouch/war-unit-grave-mine-warden-v2/war-unit-grave-mine-warden-v2-crouch-down-00.png,128,128,2,large alpha touches frame edge: 1
ok,Assets/Art/War/Units/V2/Cutouts/Crouch/war-unit-grave-mine-warden-v2/war-unit-grave-mine-warden-v2-crouch-down-01.png,128,128,1,
ok,Assets/Art/War/Units/V2/Cutouts/Crouch/war-unit-grave-mine-warden-v2/war-unit-grave-mine-warden-v2-crouch-down-02.png,128,128,1,
ok,Assets/Art/War/Units/V2/Cutouts/Crouch/war-unit-grave-mine-warden-v2/war-unit-grave-mine-warden-v2-crouch-down-03.png,128,128,1,
ok,Assets/Art/War/Units/V2/Cutouts/Crouch/war-unit-grave-mine-warden-v2/war-unit-grave-mine-warden-v2-crouch-left-00.png,128,128,1,
ok,Assets/Art/War/Units/V2/Cutouts/Crouch/war-unit-grave-mine-warden-v2/war-unit-grave-mine-warden-v2-crouch-left-01.png,128,128,1,
ok,Assets/Art/War/Units/V2/Cutouts/Crouch/war-unit-grave-mine-warden-v2/war-unit-grave-mine-warden-v2-crouch-left-02.png,128,128,1,
ok,Assets/Art/War/Units/V2/Cutouts/Crouch/war-unit-grave-mine-warden-v2/war-unit-grave-mine-warden-v2-crouch-left-03.png,128,128,1,
suspect,Assets/Art/War/Units/V2/Cutouts/Crouch/war-unit-grave-mine-warden-v2/war-unit-grave-mine-warden-v2-crouch-right-00.png,128,128,4,"component 3 looks separated: area=175 ratio=0.04 dist=25.0 bbox=[63, 118, 83, 127] | large alpha touches frame edge: 2,3"
suspect,Assets/Art/War/Units/V2/Cutouts/Crouch/war-unit-grave-mine-warden-v2/war-unit-grave-mine-warden-v2-crouch-right-01.png,128,128,3,"component 1 looks separated: area=197 ratio=0.04 dist=13.0 bbox=[52, 117, 73, 127] | large alpha touches frame edge: 1"
suspect,Assets/Art/War/Units/V2/Cutouts/Crouch/war-unit-grave-mine-warden-v2/war-unit-grave-mine-warden-v2-crouch-right-02.png,128,128,3,"component 1 looks separated: area=199 ratio=0.04 dist=13.0 bbox=[43, 117, 64, 127] | large alpha touches frame edge: 1"
suspect,Assets/Art/War/Units/V2/Cutouts/Crouch/war-unit-grave-mine-warden-v2/war-unit-grave-mine-warden-v2-crouch-right-03.png,128,128,4,"component 3 looks separated: area=165 ratio=0.04 dist=25.0 bbox=[33, 118, 54, 127] | large alpha touches frame edge: 3"
ok,Assets/Art/War/Units/V2/Cutouts/Crouch/war-unit-grave-mine-warden-v2/war-unit-grave-mine-warden-v2-crouch-up-00.png,128,128,1,large alpha touches frame edge: 0
ok,Assets/Art/War/Units/V2/Cutouts/Crouch/war-unit-grave-mine-warden-v2/war-unit-grave-mine-warden-v2-crouch-up-01.png,128,128,1,large alpha touches frame edge: 0
ok,Assets/Art/War/Units/V2/Cutouts/Crouch/war-unit-grave-mine-warden-v2/war-unit-grave-mine-warden-v2-crouch-up-02.png,128,128,1,large alpha touches frame edge: 0
ok,Assets/Art/War/Units/V2/Cutouts/Crouch/war-unit-grave-mine-warden-v2/war-unit-grave-mine-warden-v2-crouch-up-03.png,128,128,1,large alpha touches frame edge: 0
ok,Assets/Art/War/Units/V2/Cutouts/Crouch/war-unit-grave-salt-warden-v2/war-unit-grave-salt-warden-v2-crouch-down-00.png,128,128,1,
ok,Assets/Art/War/Units/V2/Cutouts/Crouch/war-unit-grave-salt-warden-v2/war-unit-grave-salt-warden-v2-crouch-down-01.png,128,128,1,
ok,Assets/Art/War/Units/V2/Cutouts/Crouch/war-unit-grave-salt-warden-v2/war-unit-grave-salt-warden-v2-crouch-down-02.png,128,128,1,
ok,Assets/Art/War/Units/V2/Cutouts/Crouch/war-unit-grave-salt-warden-v2/war-unit-grave-salt-warden-v2-crouch-down-03.png,128,128,1,
ok,Assets/Art/War/Units/V2/Cutouts/Crouch/war-unit-grave-salt-warden-v2/war-unit-grave-salt-warden-v2-crouch-left-00.png,128,128,1,
ok,Assets/Art/War/Units/V2/Cutouts/Crouch/war-unit-grave-salt-warden-v2/war-unit-grave-salt-warden-v2-crouch-left-01.png,128,128,1,
ok,Assets/Art/War/Units/V2/Cutouts/Crouch/war-unit-grave-salt-warden-v2/war-unit-grave-salt-warden-v2-crouch-left-02.png,128,128,1,
ok,Assets/Art/War/Units/V2/Cutouts/Crouch/war-unit-grave-salt-warden-v2/war-unit-grave-salt-warden-v2-crouch-left-03.png,128,128,1,
suspect,Assets/Art/War/Units/V2/Cutouts/Crouch/war-unit-grave-salt-warden-v2/war-unit-grave-salt-warden-v2-crouch-right-00.png,128,128,2,"component 1 looks separated: area=175 ratio=0.04 dist=25.0 bbox=[63, 118, 83, 127] | large alpha touches frame edge: 1"
suspect,Assets/Art/War/Units/V2/Cutouts/Crouch/war-unit-grave-salt-warden-v2/war-unit-grave-salt-warden-v2-crouch-right-01.png,128,128,2,"component 1 looks separated: area=197 ratio=0.04 dist=23.0 bbox=[52, 117, 73, 127] | large alpha touches frame edge: 1"
suspect,Assets/Art/War/Units/V2/Cutouts/Crouch/war-unit-grave-salt-warden-v2/war-unit-grave-salt-warden-v2-crouch-right-02.png,128,128,2,"component 1 looks separated: area=199 ratio=0.04 dist=23.0 bbox=[43, 117, 64, 127] | large alpha touches frame edge: 1"
suspect,Assets/Art/War/Units/V2/Cutouts/Crouch/war-unit-grave-salt-warden-v2/war-unit-grave-salt-warden-v2-crouch-right-03.png,128,128,2,"component 1 looks separated: area=165 ratio=0.04 dist=25.0 bbox=[33, 118, 54, 127] | large alpha touches frame edge: 1"
ok,Assets/Art/War/Units/V2/Cutouts/Crouch/war-unit-grave-salt-warden-v2/war-unit-grave-salt-warden-v2-crouch-up-00.png,128,128,1,large alpha touches frame edge: 0
ok,Assets/Art/War/Units/V2/Cutouts/Crouch/war-unit-grave-salt-warden-v2/war-unit-grave-salt-warden-v2-crouch-up-01.png,128,128,1,large alpha touches frame edge: 0
ok,Assets/Art/War/Units/V2/Cutouts/Crouch/war-unit-grave-salt-warden-v2/war-unit-grave-salt-warden-v2-crouch-up-02.png,128,128,1,large alpha touches frame edge: 0
ok,Assets/Art/War/Units/V2/Cutouts/Crouch/war-unit-grave-salt-warden-v2/war-unit-grave-salt-warden-v2-crouch-up-03.png,128,128,1,large alpha touches frame edge: 0
ok,Assets/Art/War/Units/V2/Cutouts/Crouch/war-unit-grenadier-v2/war-unit-grenadier-v2-crouch-down-00.png,128,128,1,
ok,Assets/Art/War/Units/V2/Cutouts/Crouch/war-unit-grenadier-v2/war-unit-grenadier-v2-crouch-down-01.png,128,128,1,
ok,Assets/Art/War/Units/V2/Cutouts/Crouch/war-unit-grenadier-v2/war-unit-grenadier-v2-crouch-down-02.png,128,128,1,
ok,Assets/Art/War/Units/V2/Cutouts/Crouch/war-unit-grenadier-v2/war-unit-grenadier-v2-crouch-down-03.png,128,128,1,
ok,Assets/Art/War/Units/V2/Cutouts/Crouch/war-unit-grenadier-v2/war-unit-grenadier-v2-crouch-left-00.png,128,128,1,
ok,Assets/Art/War/Units/V2/Cutouts/Crouch/war-unit-grenadier-v2/war-unit-grenadier-v2-crouch-left-01.png,128,128,1,
ok,Assets/Art/War/Units/V2/Cutouts/Crouch/war-unit-grenadier-v2/war-unit-grenadier-v2-crouch-left-02.png,128,128,1,
ok,Assets/Art/War/Units/V2/Cutouts/Crouch/war-unit-grenadier-v2/war-unit-grenadier-v2-crouch-left-03.png,128,128,1,
suspect,Assets/Art/War/Units/V2/Cutouts/Crouch/war-unit-grenadier-v2/war-unit-grenadier-v2-crouch-right-00.png,128,128,2,"component 1 looks separated: area=104 ratio=0.03 dist=30.0 bbox=[60, 121, 79, 127] | large alpha touches frame edge: 1"
suspect,Assets/Art/War/Units/V2/Cutouts/Crouch/war-unit-grenadier-v2/war-unit-grenadier-v2-crouch-right-01.png,128,128,2,"component 1 looks separated: area=107 ratio=0.03 dist=31.0 bbox=[51, 121, 69, 127] | large alpha touches frame edge: 1"
suspect,Assets/Art/War/Units/V2/Cutouts/Crouch/war-unit-grenadier-v2/war-unit-grenadier-v2-crouch-right-02.png,128,128,2,"component 1 looks separated: area=113 ratio=0.03 dist=29.0 bbox=[48, 120, 67, 127] | large alpha touches frame edge: 1"
suspect,Assets/Art/War/Units/V2/Cutouts/Crouch/war-unit-grenadier-v2/war-unit-grenadier-v2-crouch-right-03.png,128,128,2,"component 1 looks separated: area=106 ratio=0.03 dist=30.0 bbox=[43, 121, 62, 127] | large alpha touches frame edge: 1"
ok,Assets/Art/War/Units/V2/Cutouts/Crouch/war-unit-grenadier-v2/war-unit-grenadier-v2-crouch-up-00.png,128,128,1,large alpha touches frame edge: 0
ok,Assets/Art/War/Units/V2/Cutouts/Crouch/war-unit-grenadier-v2/war-unit-grenadier-v2-crouch-up-01.png,128,128,1,large alpha touches frame edge: 0
ok,Assets/Art/War/Units/V2/Cutouts/Crouch/war-unit-grenadier-v2/war-unit-grenadier-v2-crouch-up-02.png,128,128,1,large alpha touches frame edge: 0
ok,Assets/Art/War/Units/V2/Cutouts/Crouch/war-unit-grenadier-v2/war-unit-grenadier-v2-crouch-up-03.png,128,128,1,large alpha touches frame edge: 0
ok,Assets/Art/War/Units/V2/Cutouts/Crouch/war-unit-mg-gunner-v2/war-unit-mg-gunner-v2-crouch-down-00.png,128,128,1,
ok,Assets/Art/War/Units/V2/Cutouts/Crouch/war-unit-mg-gunner-v2/war-unit-mg-gunner-v2-crouch-down-01.png,128,128,1,
ok,Assets/Art/War/Units/V2/Cutouts/Crouch/war-unit-mg-gunner-v2/war-unit-mg-gunner-v2-crouch-down-02.png,128,128,1,
ok,Assets/Art/War/Units/V2/Cutouts/Crouch/war-unit-mg-gunner-v2/war-unit-mg-gunner-v2-crouch-down-03.png,128,128,1,
ok,Assets/Art/War/Units/V2/Cutouts/Crouch/war-unit-mg-gunner-v2/war-unit-mg-gunner-v2-crouch-left-00.png,128,128,1,
ok,Assets/Art/War/Units/V2/Cutouts/Crouch/war-unit-mg-gunner-v2/war-unit-mg-gunner-v2-crouch-left-01.png,128,128,1,
suspect,Assets/Art/War/Units/V2/Cutouts/Crouch/war-unit-mg-gunner-v2/war-unit-mg-gunner-v2-crouch-left-02.png,128,128,2,"component 1 looks separated: area=83 ratio=0.03 dist=16.0 bbox=[121, 76, 127, 93] | large alpha touches frame edge: 0,1"
ok,Assets/Art/War/Units/V2/Cutouts/Crouch/war-unit-mg-gunner-v2/war-unit-mg-gunner-v2-crouch-left-03.png,128,128,1,large alpha touches frame edge: 0
ok,Assets/Art/War/Units/V2/Cutouts/Crouch/war-unit-mg-gunner-v2/war-unit-mg-gunner-v2-crouch-right-00.png,128,128,1,large alpha touches frame edge: 0
ok,Assets/Art/War/Units/V2/Cutouts/Crouch/war-unit-mg-gunner-v2/war-unit-mg-gunner-v2-crouch-right-01.png,128,128,1,
ok,Assets/Art/War/Units/V2/Cutouts/Crouch/war-unit-mg-gunner-v2/war-unit-mg-gunner-v2-crouch-right-02.png,128,128,2,
ok,Assets/Art/War/Units/V2/Cutouts/Crouch/war-unit-mg-gunner-v2/war-unit-mg-gunner-v2-crouch-right-03.png,128,128,1,large alpha touches frame edge: 0
ok,Assets/Art/War/Units/V2/Cutouts/Crouch/war-unit-mg-gunner-v2/war-unit-mg-gunner-v2-crouch-up-00.png,128,128,1,large alpha touches frame edge: 0
ok,Assets/Art/War/Units/V2/Cutouts/Crouch/war-unit-mg-gunner-v2/war-unit-mg-gunner-v2-crouch-up-01.png,128,128,1,large alpha touches frame edge: 0
ok,Assets/Art/War/Units/V2/Cutouts/Crouch/war-unit-mg-gunner-v2/war-unit-mg-gunner-v2-crouch-up-02.png,128,128,1,large alpha touches frame edge: 0
ok,Assets/Art/War/Units/V2/Cutouts/Crouch/war-unit-mg-gunner-v2/war-unit-mg-gunner-v2-crouch-up-03.png,128,128,1,large alpha touches frame edge: 0
ok,Assets/Art/War/Units/V2/Cutouts/Crouch/war-unit-patrol-corporal-v2/war-unit-patrol-corporal-v2-crouch-down-00.png,128,256,1,large alpha touches frame edge: 0
ok,Assets/Art/War/Units/V2/Cutouts/Crouch/war-unit-patrol-corporal-v2/war-unit-patrol-corporal-v2-crouch-down-01.png,128,256,1,large alpha touches frame edge: 0
ok,Assets/Art/War/Units/V2/Cutouts/Crouch/war-unit-patrol-corporal-v2/war-unit-patrol-corporal-v2-crouch-down-02.png,128,256,1,large alpha touches frame edge: 0
ok,Assets/Art/War/Units/V2/Cutouts/Crouch/war-unit-patrol-corporal-v2/war-unit-patrol-corporal-v2-crouch-down-03.png,128,256,1,large alpha touches frame edge: 0
ok,Assets/Art/War/Units/V2/Cutouts/Crouch/war-unit-patrol-corporal-v2/war-unit-patrol-corporal-v2-crouch-left-00.png,128,256,1,large alpha touches frame edge: 0
ok,Assets/Art/War/Units/V2/Cutouts/Crouch/war-unit-patrol-corporal-v2/war-unit-patrol-corporal-v2-crouch-left-01.png,128,256,1,large alpha touches frame edge: 0
ok,Assets/Art/War/Units/V2/Cutouts/Crouch/war-unit-patrol-corporal-v2/war-unit-patrol-corporal-v2-crouch-left-02.png,128,256,1,large alpha touches frame edge: 0
ok,Assets/Art/War/Units/V2/Cutouts/Crouch/war-unit-patrol-corporal-v2/war-unit-patrol-corporal-v2-crouch-left-03.png,128,256,1,large alpha touches frame edge: 0
ok,Assets/Art/War/Units/V2/Cutouts/Crouch/war-unit-patrol-corporal-v2/war-unit-patrol-corporal-v2-crouch-right-00.png,128,256,1,large alpha touches frame edge: 0
ok,Assets/Art/War/Units/V2/Cutouts/Crouch/war-unit-patrol-corporal-v2/war-unit-patrol-corporal-v2-crouch-right-01.png,128,256,1,large alpha touches frame edge: 0
ok,Assets/Art/War/Units/V2/Cutouts/Crouch/war-unit-patrol-corporal-v2/war-unit-patrol-corporal-v2-crouch-right-02.png,128,256,1,large alpha touches frame edge: 0
ok,Assets/Art/War/Units/V2/Cutouts/Crouch/war-unit-patrol-corporal-v2/war-unit-patrol-corporal-v2-crouch-right-03.png,128,256,1,large alpha touches frame edge: 0
ok,Assets/Art/War/Units/V2/Cutouts/Crouch/war-unit-patrol-corporal-v2/war-unit-patrol-corporal-v2-crouch-up-00.png,128,256,1,large alpha touches frame edge: 0
ok,Assets/Art/War/Units/V2/Cutouts/Crouch/war-unit-patrol-corporal-v2/war-unit-patrol-corporal-v2-crouch-up-01.png,128,256,1,large alpha touches frame edge: 0
ok,Assets/Art/War/Units/V2/Cutouts/Crouch/war-unit-patrol-corporal-v2/war-unit-patrol-corporal-v2-crouch-up-02.png,128,256,1,large alpha touches frame edge: 0
ok,Assets/Art/War/Units/V2/Cutouts/Crouch/war-unit-patrol-corporal-v2/war-unit-patrol-corporal-v2-crouch-up-03.png,128,256,1,large alpha touches frame edge: 0
ok,Assets/Art/War/Units/V2/Cutouts/Crouch/war-unit-porter-v2/war-unit-porter-v2-crouch-down-00.png,128,128,1,
ok,Assets/Art/War/Units/V2/Cutouts/Crouch/war-unit-porter-v2/war-unit-porter-v2-crouch-down-01.png,128,128,1,
ok,Assets/Art/War/Units/V2/Cutouts/Crouch/war-unit-porter-v2/war-unit-porter-v2-crouch-down-02.png,128,128,1,
ok,Assets/Art/War/Units/V2/Cutouts/Crouch/war-unit-porter-v2/war-unit-porter-v2-crouch-down-03.png,128,128,1,
ok,Assets/Art/War/Units/V2/Cutouts/Crouch/war-unit-porter-v2/war-unit-porter-v2-crouch-left-00.png,128,128,1,
ok,Assets/Art/War/Units/V2/Cutouts/Crouch/war-unit-porter-v2/war-unit-porter-v2-crouch-left-01.png,128,128,1,
ok,Assets/Art/War/Units/V2/Cutouts/Crouch/war-unit-porter-v2/war-unit-porter-v2-crouch-left-02.png,128,128,1,
ok,Assets/Art/War/Units/V2/Cutouts/Crouch/war-unit-porter-v2/war-unit-porter-v2-crouch-left-03.png,128,128,1,
suspect,Assets/Art/War/Units/V2/Cutouts/Crouch/war-unit-porter-v2/war-unit-porter-v2-crouch-right-00.png,128,128,2,"component 1 looks separated: area=383 ratio=0.09 dist=23.0 bbox=[57, 110, 84, 127] | large alpha touches frame edge: 1"
suspect,Assets/Art/War/Units/V2/Cutouts/Crouch/war-unit-porter-v2/war-unit-porter-v2-crouch-right-01.png,128,128,2,"component 1 looks separated: area=382 ratio=0.09 dist=22.0 bbox=[49, 110, 77, 127] | large alpha touches frame edge: 1"
suspect,Assets/Art/War/Units/V2/Cutouts/Crouch/war-unit-porter-v2/war-unit-porter-v2-crouch-right-02.png,128,128,2,"component 1 looks separated: area=379 ratio=0.09 dist=22.0 bbox=[46, 110, 73, 127] | large alpha touches frame edge: 1"
suspect,Assets/Art/War/Units/V2/Cutouts/Crouch/war-unit-porter-v2/war-unit-porter-v2-crouch-right-03.png,128,128,2,"component 1 looks separated: area=379 ratio=0.09 dist=22.0 bbox=[38, 110, 65, 127] | large alpha touches frame edge: 1"
ok,Assets/Art/War/Units/V2/Cutouts/Crouch/war-unit-porter-v2/war-unit-porter-v2-crouch-up-00.png,128,128,1,large alpha touches frame edge: 0
ok,Assets/Art/War/Units/V2/Cutouts/Crouch/war-unit-porter-v2/war-unit-porter-v2-crouch-up-01.png,128,128,1,large alpha touches frame edge: 0
ok,Assets/Art/War/Units/V2/Cutouts/Crouch/war-unit-porter-v2/war-unit-porter-v2-crouch-up-02.png,128,128,1,large alpha touches frame edge: 0
ok,Assets/Art/War/Units/V2/Cutouts/Crouch/war-unit-porter-v2/war-unit-porter-v2-crouch-up-03.png,128,128,1,large alpha touches frame edge: 0
ok,Assets/Art/War/Units/V2/Cutouts/Crouch/war-unit-pressure-projector-v2/war-unit-pressure-projector-v2-crouch-down-00.png,128,128,1,
ok,Assets/Art/War/Units/V2/Cutouts/Crouch/war-unit-pressure-projector-v2/war-unit-pressure-projector-v2-crouch-down-01.png,128,128,1,
ok,Assets/Art/War/Units/V2/Cutouts/Crouch/war-unit-pressure-projector-v2/war-unit-pressure-projector-v2-crouch-down-02.png,128,128,1,
ok,Assets/Art/War/Units/V2/Cutouts/Crouch/war-unit-pressure-projector-v2/war-unit-pressure-projector-v2-crouch-down-03.png,128,128,1,
ok,Assets/Art/War/Units/V2/Cutouts/Crouch/war-unit-pressure-projector-v2/war-unit-pressure-projector-v2-crouch-left-00.png,128,128,1,
ok,Assets/Art/War/Units/V2/Cutouts/Crouch/war-unit-pressure-projector-v2/war-unit-pressure-projector-v2-crouch-left-01.png,128,128,1,
ok,Assets/Art/War/Units/V2/Cutouts/Crouch/war-unit-pressure-projector-v2/war-unit-pressure-projector-v2-crouch-left-02.png,128,128,1,
ok,Assets/Art/War/Units/V2/Cutouts/Crouch/war-unit-pressure-projector-v2/war-unit-pressure-projector-v2-crouch-left-03.png,128,128,1,
ok,Assets/Art/War/Units/V2/Cutouts/Crouch/war-unit-pressure-projector-v2/war-unit-pressure-projector-v2-crouch-right-00.png,128,128,1,
ok,Assets/Art/War/Units/V2/Cutouts/Crouch/war-unit-pressure-projector-v2/war-unit-pressure-projector-v2-crouch-right-01.png,128,128,1,
ok,Assets/Art/War/Units/V2/Cutouts/Crouch/war-unit-pressure-projector-v2/war-unit-pressure-projector-v2-crouch-right-02.png,128,128,1,
ok,Assets/Art/War/Units/V2/Cutouts/Crouch/war-unit-pressure-projector-v2/war-unit-pressure-projector-v2-crouch-right-03.png,128,128,1,
ok,Assets/Art/War/Units/V2/Cutouts/Crouch/war-unit-pressure-projector-v2/war-unit-pressure-projector-v2-crouch-up-00.png,128,128,1,
ok,Assets/Art/War/Units/V2/Cutouts/Crouch/war-unit-pressure-projector-v2/war-unit-pressure-projector-v2-crouch-up-01.png,128,128,1,
ok,Assets/Art/War/Units/V2/Cutouts/Crouch/war-unit-pressure-projector-v2/war-unit-pressure-projector-v2-crouch-up-02.png,128,128,1,
ok,Assets/Art/War/Units/V2/Cutouts/Crouch/war-unit-pressure-projector-v2/war-unit-pressure-projector-v2-crouch-up-03.png,128,128,1,
ok,Assets/Art/War/Units/V2/Cutouts/Crouch/war-unit-quartermaster-runner-v2/war-unit-quartermaster-runner-v2-crouch-down-00.png,128,256,1,
ok,Assets/Art/War/Units/V2/Cutouts/Crouch/war-unit-quartermaster-runner-v2/war-unit-quartermaster-runner-v2-crouch-down-01.png,128,256,1,
ok,Assets/Art/War/Units/V2/Cutouts/Crouch/war-unit-quartermaster-runner-v2/war-unit-quartermaster-runner-v2-crouch-down-02.png,128,256,1,
ok,Assets/Art/War/Units/V2/Cutouts/Crouch/war-unit-quartermaster-runner-v2/war-unit-quartermaster-runner-v2-crouch-down-03.png,128,256,1,
ok,Assets/Art/War/Units/V2/Cutouts/Crouch/war-unit-quartermaster-runner-v2/war-unit-quartermaster-runner-v2-crouch-left-00.png,128,256,1,
ok,Assets/Art/War/Units/V2/Cutouts/Crouch/war-unit-quartermaster-runner-v2/war-unit-quartermaster-runner-v2-crouch-left-01.png,128,256,1,
ok,Assets/Art/War/Units/V2/Cutouts/Crouch/war-unit-quartermaster-runner-v2/war-unit-quartermaster-runner-v2-crouch-left-02.png,128,256,1,
ok,Assets/Art/War/Units/V2/Cutouts/Crouch/war-unit-quartermaster-runner-v2/war-unit-quartermaster-runner-v2-crouch-left-03.png,128,256,1,
suspect,Assets/Art/War/Units/V2/Cutouts/Crouch/war-unit-quartermaster-runner-v2/war-unit-quartermaster-runner-v2-crouch-right-00.png,128,256,2,"component 1 looks separated: area=348 ratio=0.06 dist=68.0 bbox=[65, 235, 86, 255] | large alpha touches frame edge: 1"
suspect,Assets/Art/War/Units/V2/Cutouts/Crouch/war-unit-quartermaster-runner-v2/war-unit-quartermaster-runner-v2-crouch-right-01.png,128,256,2,"component 1 looks separated: area=278 ratio=0.05 dist=72.0 bbox=[55, 238, 73, 255] | large alpha touches frame edge: 1"
suspect,Assets/Art/War/Units/V2/Cutouts/Crouch/war-unit-quartermaster-runner-v2/war-unit-quartermaster-runner-v2-crouch-right-02.png,128,256,2,"component 1 looks separated: area=342 ratio=0.05 dist=70.0 bbox=[44, 235, 65, 255] | large alpha touches frame edge: 1"
suspect,Assets/Art/War/Units/V2/Cutouts/Crouch/war-unit-quartermaster-runner-v2/war-unit-quartermaster-runner-v2-crouch-right-03.png,128,256,2,"component 1 looks separated: area=351 ratio=0.06 dist=68.0 bbox=[39, 235, 59, 255] | large alpha touches frame edge: 1"
ok,Assets/Art/War/Units/V2/Cutouts/Crouch/war-unit-quartermaster-runner-v2/war-unit-quartermaster-runner-v2-crouch-up-00.png,128,256,1,large alpha touches frame edge: 0
ok,Assets/Art/War/Units/V2/Cutouts/Crouch/war-unit-quartermaster-runner-v2/war-unit-quartermaster-runner-v2-crouch-up-01.png,128,256,1,large alpha touches frame edge: 0
ok,Assets/Art/War/Units/V2/Cutouts/Crouch/war-unit-quartermaster-runner-v2/war-unit-quartermaster-runner-v2-crouch-up-02.png,128,256,1,large alpha touches frame edge: 0
ok,Assets/Art/War/Units/V2/Cutouts/Crouch/war-unit-quartermaster-runner-v2/war-unit-quartermaster-runner-v2-crouch-up-03.png,128,256,1,large alpha touches frame edge: 0
ok,Assets/Art/War/Units/V2/Cutouts/Crouch/war-unit-rifleman-v2/war-unit-rifleman-v2-crouch-down-00.png,128,128,1,
ok,Assets/Art/War/Units/V2/Cutouts/Crouch/war-unit-rifleman-v2/war-unit-rifleman-v2-crouch-down-01.png,128,128,1,
ok,Assets/Art/War/Units/V2/Cutouts/Crouch/war-unit-rifleman-v2/war-unit-rifleman-v2-crouch-down-02.png,128,128,1,
ok,Assets/Art/War/Units/V2/Cutouts/Crouch/war-unit-rifleman-v2/war-unit-rifleman-v2-crouch-down-03.png,128,128,1,
ok,Assets/Art/War/Units/V2/Cutouts/Crouch/war-unit-rifleman-v2/war-unit-rifleman-v2-crouch-left-00.png,128,128,1,
ok,Assets/Art/War/Units/V2/Cutouts/Crouch/war-unit-rifleman-v2/war-unit-rifleman-v2-crouch-left-01.png,128,128,1,
ok,Assets/Art/War/Units/V2/Cutouts/Crouch/war-unit-rifleman-v2/war-unit-rifleman-v2-crouch-left-02.png,128,128,2,
ok,Assets/Art/War/Units/V2/Cutouts/Crouch/war-unit-rifleman-v2/war-unit-rifleman-v2-crouch-left-03.png,128,128,1,large alpha touches frame edge: 0
suspect,Assets/Art/War/Units/V2/Cutouts/Crouch/war-unit-rifleman-v2/war-unit-rifleman-v2-crouch-right-00.png,128,128,2,"component 1 looks separated: area=198 ratio=0.06 dist=33.0 bbox=[61, 118, 85, 127] | large alpha touches frame edge: 1"
suspect,Assets/Art/War/Units/V2/Cutouts/Crouch/war-unit-rifleman-v2/war-unit-rifleman-v2-crouch-right-01.png,128,128,2,"component 1 looks separated: area=196 ratio=0.06 dist=33.0 bbox=[53, 118, 77, 127] | large alpha touches frame edge: 1"
suspect,Assets/Art/War/Units/V2/Cutouts/Crouch/war-unit-rifleman-v2/war-unit-rifleman-v2-crouch-right-02.png,128,128,2,"component 1 looks separated: area=183 ratio=0.06 dist=34.0 bbox=[44, 119, 69, 127] | large alpha touches frame edge: 1"
suspect,Assets/Art/War/Units/V2/Cutouts/Crouch/war-unit-rifleman-v2/war-unit-rifleman-v2-crouch-right-03.png,128,128,2,"component 1 looks separated: area=197 ratio=0.06 dist=33.0 bbox=[39, 118, 63, 127] | large alpha touches frame edge: 1"
ok,Assets/Art/War/Units/V2/Cutouts/Crouch/war-unit-rifleman-v2/war-unit-rifleman-v2-crouch-up-00.png,128,128,1,large alpha touches frame edge: 0
ok,Assets/Art/War/Units/V2/Cutouts/Crouch/war-unit-rifleman-v2/war-unit-rifleman-v2-crouch-up-01.png,128,128,1,large alpha touches frame edge: 0
ok,Assets/Art/War/Units/V2/Cutouts/Crouch/war-unit-rifleman-v2/war-unit-rifleman-v2-crouch-up-02.png,128,128,1,large alpha touches frame edge: 0
ok,Assets/Art/War/Units/V2/Cutouts/Crouch/war-unit-rifleman-v2/war-unit-rifleman-v2-crouch-up-03.png,128,128,1,large alpha touches frame edge: 0
ok,Assets/Art/War/Units/V2/Cutouts/Crouch/war-unit-sapper-v2/war-unit-sapper-v2-crouch-down-00.png,128,128,1,
ok,Assets/Art/War/Units/V2/Cutouts/Crouch/war-unit-sapper-v2/war-unit-sapper-v2-crouch-down-01.png,128,128,1,
ok,Assets/Art/War/Units/V2/Cutouts/Crouch/war-unit-sapper-v2/war-unit-sapper-v2-crouch-down-02.png,128,128,1,
ok,Assets/Art/War/Units/V2/Cutouts/Crouch/war-unit-sapper-v2/war-unit-sapper-v2-crouch-down-03.png,128,128,1,
ok,Assets/Art/War/Units/V2/Cutouts/Crouch/war-unit-sapper-v2/war-unit-sapper-v2-crouch-left-00.png,128,128,1,
ok,Assets/Art/War/Units/V2/Cutouts/Crouch/war-unit-sapper-v2/war-unit-sapper-v2-crouch-left-01.png,128,128,1,
ok,Assets/Art/War/Units/V2/Cutouts/Crouch/war-unit-sapper-v2/war-unit-sapper-v2-crouch-left-02.png,128,128,2,
ok,Assets/Art/War/Units/V2/Cutouts/Crouch/war-unit-sapper-v2/war-unit-sapper-v2-crouch-left-03.png,128,128,1,large alpha touches frame edge: 0
suspect,Assets/Art/War/Units/V2/Cutouts/Crouch/war-unit-sapper-v2/war-unit-sapper-v2-crouch-right-00.png,128,128,2,"component 1 looks separated: area=229 ratio=0.06 dist=31.0 bbox=[58, 116, 82, 127] | large alpha touches frame edge: 1"
suspect,Assets/Art/War/Units/V2/Cutouts/Crouch/war-unit-sapper-v2/war-unit-sapper-v2-crouch-right-01.png,128,128,2,"component 1 looks separated: area=230 ratio=0.06 dist=31.0 bbox=[50, 116, 74, 127] | large alpha touches frame edge: 1"
suspect,Assets/Art/War/Units/V2/Cutouts/Crouch/war-unit-sapper-v2/war-unit-sapper-v2-crouch-right-02.png,128,128,2,"component 1 looks separated: area=232 ratio=0.07 dist=26.0 bbox=[45, 116, 69, 127] | large alpha touches frame edge: 1"
suspect,Assets/Art/War/Units/V2/Cutouts/Crouch/war-unit-sapper-v2/war-unit-sapper-v2-crouch-right-03.png,128,128,2,"component 1 looks separated: area=229 ratio=0.06 dist=31.0 bbox=[30, 116, 54, 127] | large alpha touches frame edge: 1"
ok,Assets/Art/War/Units/V2/Cutouts/Crouch/war-unit-sapper-v2/war-unit-sapper-v2-crouch-up-00.png,128,128,1,large alpha touches frame edge: 0
ok,Assets/Art/War/Units/V2/Cutouts/Crouch/war-unit-sapper-v2/war-unit-sapper-v2-crouch-up-01.png,128,128,1,large alpha touches frame edge: 0
ok,Assets/Art/War/Units/V2/Cutouts/Crouch/war-unit-sapper-v2/war-unit-sapper-v2-crouch-up-02.png,128,128,1,large alpha touches frame edge: 0
ok,Assets/Art/War/Units/V2/Cutouts/Crouch/war-unit-sapper-v2/war-unit-sapper-v2-crouch-up-03.png,128,128,1,large alpha touches frame edge: 0
ok,Assets/Art/War/Units/V2/Cutouts/Crouch/war-unit-scout-v2/war-unit-scout-v2-crouch-down-00.png,128,128,1,
ok,Assets/Art/War/Units/V2/Cutouts/Crouch/war-unit-scout-v2/war-unit-scout-v2-crouch-down-01.png,128,128,1,
ok,Assets/Art/War/Units/V2/Cutouts/Crouch/war-unit-scout-v2/war-unit-scout-v2-crouch-down-02.png,128,128,1,
ok,Assets/Art/War/Units/V2/Cutouts/Crouch/war-unit-scout-v2/war-unit-scout-v2-crouch-down-03.png,128,128,1,
ok,Assets/Art/War/Units/V2/Cutouts/Crouch/war-unit-scout-v2/war-unit-scout-v2-crouch-left-00.png,128,128,1,
ok,Assets/Art/War/Units/V2/Cutouts/Crouch/war-unit-scout-v2/war-unit-scout-v2-crouch-left-01.png,128,128,1,
ok,Assets/Art/War/Units/V2/Cutouts/Crouch/war-unit-scout-v2/war-unit-scout-v2-crouch-left-02.png,128,128,1,
ok,Assets/Art/War/Units/V2/Cutouts/Crouch/war-unit-scout-v2/war-unit-scout-v2-crouch-left-03.png,128,128,1,
ok,Assets/Art/War/Units/V2/Cutouts/Crouch/war-unit-scout-v2/war-unit-scout-v2-crouch-right-00.png,128,128,2,
ok,Assets/Art/War/Units/V2/Cutouts/Crouch/war-unit-scout-v2/war-unit-scout-v2-crouch-right-01.png,128,128,2,
ok,Assets/Art/War/Units/V2/Cutouts/Crouch/war-unit-scout-v2/war-unit-scout-v2-crouch-right-02.png,128,128,2,
ok,Assets/Art/War/Units/V2/Cutouts/Crouch/war-unit-scout-v2/war-unit-scout-v2-crouch-right-03.png,128,128,2,
ok,Assets/Art/War/Units/V2/Cutouts/Crouch/war-unit-scout-v2/war-unit-scout-v2-crouch-up-00.png,128,128,1,large alpha touches frame edge: 0
ok,Assets/Art/War/Units/V2/Cutouts/Crouch/war-unit-scout-v2/war-unit-scout-v2-crouch-up-01.png,128,128,1,large alpha touches frame edge: 0
ok,Assets/Art/War/Units/V2/Cutouts/Crouch/war-unit-scout-v2/war-unit-scout-v2-crouch-up-02.png,128,128,1,large alpha touches frame edge: 0
ok,Assets/Art/War/Units/V2/Cutouts/Crouch/war-unit-scout-v2/war-unit-scout-v2-crouch-up-03.png,128,128,1,large alpha touches frame edge: 0
ok,Assets/Art/War/Units/V2/Cutouts/Crouch/war-unit-senior-surgeon-v2/war-unit-senior-surgeon-v2-crouch-down-00.png,128,256,1,
ok,Assets/Art/War/Units/V2/Cutouts/Crouch/war-unit-senior-surgeon-v2/war-unit-senior-surgeon-v2-crouch-down-01.png,128,256,1,
ok,Assets/Art/War/Units/V2/Cutouts/Crouch/war-unit-senior-surgeon-v2/war-unit-senior-surgeon-v2-crouch-down-02.png,128,256,1,
ok,Assets/Art/War/Units/V2/Cutouts/Crouch/war-unit-senior-surgeon-v2/war-unit-senior-surgeon-v2-crouch-down-03.png,128,256,1,
ok,Assets/Art/War/Units/V2/Cutouts/Crouch/war-unit-senior-surgeon-v2/war-unit-senior-surgeon-v2-crouch-left-00.png,128,256,1,
ok,Assets/Art/War/Units/V2/Cutouts/Crouch/war-unit-senior-surgeon-v2/war-unit-senior-surgeon-v2-crouch-left-01.png,128,256,1,
ok,Assets/Art/War/Units/V2/Cutouts/Crouch/war-unit-senior-surgeon-v2/war-unit-senior-surgeon-v2-crouch-left-02.png,128,256,2,
ok,Assets/Art/War/Units/V2/Cutouts/Crouch/war-unit-senior-surgeon-v2/war-unit-senior-surgeon-v2-crouch-left-03.png,128,256,1,large alpha touches frame edge: 0
ok,Assets/Art/War/Units/V2/Cutouts/Crouch/war-unit-senior-surgeon-v2/war-unit-senior-surgeon-v2-crouch-right-00.png,128,256,1,
ok,Assets/Art/War/Units/V2/Cutouts/Crouch/war-unit-senior-surgeon-v2/war-unit-senior-surgeon-v2-crouch-right-01.png,128,256,1,
ok,Assets/Art/War/Units/V2/Cutouts/Crouch/war-unit-senior-surgeon-v2/war-unit-senior-surgeon-v2-crouch-right-02.png,128,256,1,
ok,Assets/Art/War/Units/V2/Cutouts/Crouch/war-unit-senior-surgeon-v2/war-unit-senior-surgeon-v2-crouch-right-03.png,128,256,2,
ok,Assets/Art/War/Units/V2/Cutouts/Crouch/war-unit-senior-surgeon-v2/war-unit-senior-surgeon-v2-crouch-up-00.png,128,256,1,
ok,Assets/Art/War/Units/V2/Cutouts/Crouch/war-unit-senior-surgeon-v2/war-unit-senior-surgeon-v2-crouch-up-01.png,128,256,1,
ok,Assets/Art/War/Units/V2/Cutouts/Crouch/war-unit-senior-surgeon-v2/war-unit-senior-surgeon-v2-crouch-up-02.png,128,256,1,
ok,Assets/Art/War/Units/V2/Cutouts/Crouch/war-unit-senior-surgeon-v2/war-unit-senior-surgeon-v2-crouch-up-03.png,128,256,2,
ok,Assets/Art/War/Units/V2/Cutouts/Crouch/war-unit-shell-runner-v2/war-unit-shell-runner-v2-crouch-down-00.png,128,128,1,
ok,Assets/Art/War/Units/V2/Cutouts/Crouch/war-unit-shell-runner-v2/war-unit-shell-runner-v2-crouch-down-01.png,128,128,1,
ok,Assets/Art/War/Units/V2/Cutouts/Crouch/war-unit-shell-runner-v2/war-unit-shell-runner-v2-crouch-down-02.png,128,128,1,
ok,Assets/Art/War/Units/V2/Cutouts/Crouch/war-unit-shell-runner-v2/war-unit-shell-runner-v2-crouch-down-03.png,128,128,1,
ok,Assets/Art/War/Units/V2/Cutouts/Crouch/war-unit-shell-runner-v2/war-unit-shell-runner-v2-crouch-left-00.png,128,128,1,
ok,Assets/Art/War/Units/V2/Cutouts/Crouch/war-unit-shell-runner-v2/war-unit-shell-runner-v2-crouch-left-01.png,128,128,1,
ok,Assets/Art/War/Units/V2/Cutouts/Crouch/war-unit-shell-runner-v2/war-unit-shell-runner-v2-crouch-left-02.png,128,128,1,
ok,Assets/Art/War/Units/V2/Cutouts/Crouch/war-unit-shell-runner-v2/war-unit-shell-runner-v2-crouch-left-03.png,128,128,1,
ok,Assets/Art/War/Units/V2/Cutouts/Crouch/war-unit-shell-runner-v2/war-unit-shell-runner-v2-crouch-right-00.png,128,128,1,
ok,Assets/Art/War/Units/V2/Cutouts/Crouch/war-unit-shell-runner-v2/war-unit-shell-runner-v2-crouch-right-01.png,128,128,1,
ok,Assets/Art/War/Units/V2/Cutouts/Crouch/war-unit-shell-runner-v2/war-unit-shell-runner-v2-crouch-right-02.png,128,128,1,
ok,Assets/Art/War/Units/V2/Cutouts/Crouch/war-unit-shell-runner-v2/war-unit-shell-runner-v2-crouch-right-03.png,128,128,1,
ok,Assets/Art/War/Units/V2/Cutouts/Crouch/war-unit-shell-runner-v2/war-unit-shell-runner-v2-crouch-up-00.png,128,128,1,large alpha touches frame edge: 0
ok,Assets/Art/War/Units/V2/Cutouts/Crouch/war-unit-shell-runner-v2/war-unit-shell-runner-v2-crouch-up-01.png,128,128,1,large alpha touches frame edge: 0
ok,Assets/Art/War/Units/V2/Cutouts/Crouch/war-unit-shell-runner-v2/war-unit-shell-runner-v2-crouch-up-02.png,128,128,1,
ok,Assets/Art/War/Units/V2/Cutouts/Crouch/war-unit-shell-runner-v2/war-unit-shell-runner-v2-crouch-up-03.png,128,128,1,large alpha touches frame edge: 0
ok,Assets/Art/War/Units/V2/Cutouts/Crouch/war-unit-siege-mortar-artificer-v2/war-unit-siege-mortar-artificer-v2-crouch-down-00.png,128,128,1,
ok,Assets/Art/War/Units/V2/Cutouts/Crouch/war-unit-siege-mortar-artificer-v2/war-unit-siege-mortar-artificer-v2-crouch-down-01.png,128,128,1,
ok,Assets/Art/War/Units/V2/Cutouts/Crouch/war-unit-siege-mortar-artificer-v2/war-unit-siege-mortar-artificer-v2-crouch-down-02.png,128,128,1,
ok,Assets/Art/War/Units/V2/Cutouts/Crouch/war-unit-siege-mortar-artificer-v2/war-unit-siege-mortar-artificer-v2-crouch-down-03.png,128,128,1,
ok,Assets/Art/War/Units/V2/Cutouts/Crouch/war-unit-siege-mortar-artificer-v2/war-unit-siege-mortar-artificer-v2-crouch-left-00.png,128,128,1,
ok,Assets/Art/War/Units/V2/Cutouts/Crouch/war-unit-siege-mortar-artificer-v2/war-unit-siege-mortar-artificer-v2-crouch-left-01.png,128,128,1,
ok,Assets/Art/War/Units/V2/Cutouts/Crouch/war-unit-siege-mortar-artificer-v2/war-unit-siege-mortar-artificer-v2-crouch-left-02.png,128,128,1,
ok,Assets/Art/War/Units/V2/Cutouts/Crouch/war-unit-siege-mortar-artificer-v2/war-unit-siege-mortar-artificer-v2-crouch-left-03.png,128,128,1,
ok,Assets/Art/War/Units/V2/Cutouts/Crouch/war-unit-siege-mortar-artificer-v2/war-unit-siege-mortar-artificer-v2-crouch-right-00.png,128,128,1,
ok,Assets/Art/War/Units/V2/Cutouts/Crouch/war-unit-siege-mortar-artificer-v2/war-unit-siege-mortar-artificer-v2-crouch-right-01.png,128,128,1,
ok,Assets/Art/War/Units/V2/Cutouts/Crouch/war-unit-siege-mortar-artificer-v2/war-unit-siege-mortar-artificer-v2-crouch-right-02.png,128,128,2,
ok,Assets/Art/War/Units/V2/Cutouts/Crouch/war-unit-siege-mortar-artificer-v2/war-unit-siege-mortar-artificer-v2-crouch-right-03.png,128,128,1,
ok,Assets/Art/War/Units/V2/Cutouts/Crouch/war-unit-siege-mortar-artificer-v2/war-unit-siege-mortar-artificer-v2-crouch-up-00.png,128,128,1,
ok,Assets/Art/War/Units/V2/Cutouts/Crouch/war-unit-siege-mortar-artificer-v2/war-unit-siege-mortar-artificer-v2-crouch-up-01.png,128,128,1,large alpha touches frame edge: 0
ok,Assets/Art/War/Units/V2/Cutouts/Crouch/war-unit-siege-mortar-artificer-v2/war-unit-siege-mortar-artificer-v2-crouch-up-02.png,128,128,1,large alpha touches frame edge: 0
ok,Assets/Art/War/Units/V2/Cutouts/Crouch/war-unit-siege-mortar-artificer-v2/war-unit-siege-mortar-artificer-v2-crouch-up-03.png,128,128,1,large alpha touches frame edge: 0
ok,Assets/Art/War/Units/V2/Cutouts/Crouch/war-unit-signaller-v2/war-unit-signaller-v2-crouch-down-00.png,128,128,1,
ok,Assets/Art/War/Units/V2/Cutouts/Crouch/war-unit-signaller-v2/war-unit-signaller-v2-crouch-down-01.png,128,128,1,
ok,Assets/Art/War/Units/V2/Cutouts/Crouch/war-unit-signaller-v2/war-unit-signaller-v2-crouch-down-02.png,128,128,1,
ok,Assets/Art/War/Units/V2/Cutouts/Crouch/war-unit-signaller-v2/war-unit-signaller-v2-crouch-down-03.png,128,128,1,
ok,Assets/Art/War/Units/V2/Cutouts/Crouch/war-unit-signaller-v2/war-unit-signaller-v2-crouch-left-00.png,128,128,1,
ok,Assets/Art/War/Units/V2/Cutouts/Crouch/war-unit-signaller-v2/war-unit-signaller-v2-crouch-left-01.png,128,128,1,
ok,Assets/Art/War/Units/V2/Cutouts/Crouch/war-unit-signaller-v2/war-unit-signaller-v2-crouch-left-02.png,128,128,1,
ok,Assets/Art/War/Units/V2/Cutouts/Crouch/war-unit-signaller-v2/war-unit-signaller-v2-crouch-left-03.png,128,128,1,
suspect,Assets/Art/War/Units/V2/Cutouts/Crouch/war-unit-signaller-v2/war-unit-signaller-v2-crouch-right-00.png,128,128,2,"component 1 looks separated: area=188 ratio=0.04 dist=22.0 bbox=[62, 117, 84, 127] | large alpha touches frame edge: 1"
suspect,Assets/Art/War/Units/V2/Cutouts/Crouch/war-unit-signaller-v2/war-unit-signaller-v2-crouch-right-01.png,128,128,2,"component 1 looks separated: area=182 ratio=0.04 dist=23.0 bbox=[51, 118, 74, 127] | large alpha touches frame edge: 1"
suspect,Assets/Art/War/Units/V2/Cutouts/Crouch/war-unit-signaller-v2/war-unit-signaller-v2-crouch-right-02.png,128,128,2,"component 1 looks separated: area=177 ratio=0.04 dist=23.0 bbox=[49, 118, 71, 127] | large alpha touches frame edge: 1"
suspect,Assets/Art/War/Units/V2/Cutouts/Crouch/war-unit-signaller-v2/war-unit-signaller-v2-crouch-right-03.png,128,128,2,"component 1 looks separated: area=207 ratio=0.04 dist=20.0 bbox=[38, 116, 62, 127] | large alpha touches frame edge: 1"
ok,Assets/Art/War/Units/V2/Cutouts/Crouch/war-unit-signaller-v2/war-unit-signaller-v2-crouch-up-00.png,128,128,1,large alpha touches frame edge: 0
ok,Assets/Art/War/Units/V2/Cutouts/Crouch/war-unit-signaller-v2/war-unit-signaller-v2-crouch-up-01.png,128,128,1,large alpha touches frame edge: 0
ok,Assets/Art/War/Units/V2/Cutouts/Crouch/war-unit-signaller-v2/war-unit-signaller-v2-crouch-up-02.png,128,128,1,large alpha touches frame edge: 0
ok,Assets/Art/War/Units/V2/Cutouts/Crouch/war-unit-signaller-v2/war-unit-signaller-v2-crouch-up-03.png,128,128,1,large alpha touches frame edge: 0
ok,Assets/Art/War/Units/V2/Cutouts/Crouch/war-unit-stretcher-bearer-v2/war-unit-stretcher-bearer-v2-crouch-down-00.png,128,128,1,
ok,Assets/Art/War/Units/V2/Cutouts/Crouch/war-unit-stretcher-bearer-v2/war-unit-stretcher-bearer-v2-crouch-down-01.png,128,128,1,
ok,Assets/Art/War/Units/V2/Cutouts/Crouch/war-unit-stretcher-bearer-v2/war-unit-stretcher-bearer-v2-crouch-down-02.png,128,128,1,
ok,Assets/Art/War/Units/V2/Cutouts/Crouch/war-unit-stretcher-bearer-v2/war-unit-stretcher-bearer-v2-crouch-down-03.png,128,128,1,
ok,Assets/Art/War/Units/V2/Cutouts/Crouch/war-unit-stretcher-bearer-v2/war-unit-stretcher-bearer-v2-crouch-left-00.png,128,128,1,
ok,Assets/Art/War/Units/V2/Cutouts/Crouch/war-unit-stretcher-bearer-v2/war-unit-stretcher-bearer-v2-crouch-left-01.png,128,128,1,
ok,Assets/Art/War/Units/V2/Cutouts/Crouch/war-unit-stretcher-bearer-v2/war-unit-stretcher-bearer-v2-crouch-left-02.png,128,128,1,
ok,Assets/Art/War/Units/V2/Cutouts/Crouch/war-unit-stretcher-bearer-v2/war-unit-stretcher-bearer-v2-crouch-left-03.png,128,128,1,
ok,Assets/Art/War/Units/V2/Cutouts/Crouch/war-unit-stretcher-bearer-v2/war-unit-stretcher-bearer-v2-crouch-right-00.png,128,128,1,
ok,Assets/Art/War/Units/V2/Cutouts/Crouch/war-unit-stretcher-bearer-v2/war-unit-stretcher-bearer-v2-crouch-right-01.png,128,128,1,
ok,Assets/Art/War/Units/V2/Cutouts/Crouch/war-unit-stretcher-bearer-v2/war-unit-stretcher-bearer-v2-crouch-right-02.png,128,128,1,
ok,Assets/Art/War/Units/V2/Cutouts/Crouch/war-unit-stretcher-bearer-v2/war-unit-stretcher-bearer-v2-crouch-right-03.png,128,128,1,
ok,Assets/Art/War/Units/V2/Cutouts/Crouch/war-unit-stretcher-bearer-v2/war-unit-stretcher-bearer-v2-crouch-up-00.png,128,128,1,large alpha touches frame edge: 0
ok,Assets/Art/War/Units/V2/Cutouts/Crouch/war-unit-stretcher-bearer-v2/war-unit-stretcher-bearer-v2-crouch-up-01.png,128,128,1,large alpha touches frame edge: 0
ok,Assets/Art/War/Units/V2/Cutouts/Crouch/war-unit-stretcher-bearer-v2/war-unit-stretcher-bearer-v2-crouch-up-02.png,128,128,1,
ok,Assets/Art/War/Units/V2/Cutouts/Crouch/war-unit-stretcher-bearer-v2/war-unit-stretcher-bearer-v2-crouch-up-03.png,128,128,1,
ok,Assets/Art/War/Units/V2/Cutouts/Crouch/war-unit-supply-officer-v2/war-unit-supply-officer-v2-crouch-down-00.png,128,256,1,
ok,Assets/Art/War/Units/V2/Cutouts/Crouch/war-unit-supply-officer-v2/war-unit-supply-officer-v2-crouch-down-01.png,128,256,1,
ok,Assets/Art/War/Units/V2/Cutouts/Crouch/war-unit-supply-officer-v2/war-unit-supply-officer-v2-crouch-down-02.png,128,256,1,
ok,Assets/Art/War/Units/V2/Cutouts/Crouch/war-unit-supply-officer-v2/war-unit-supply-officer-v2-crouch-down-03.png,128,256,1,
ok,Assets/Art/War/Units/V2/Cutouts/Crouch/war-unit-supply-officer-v2/war-unit-supply-officer-v2-crouch-left-00.png,128,256,1,
ok,Assets/Art/War/Units/V2/Cutouts/Crouch/war-unit-supply-officer-v2/war-unit-supply-officer-v2-crouch-left-01.png,128,256,1,
ok,Assets/Art/War/Units/V2/Cutouts/Crouch/war-unit-supply-officer-v2/war-unit-supply-officer-v2-crouch-left-02.png,128,256,1,
ok,Assets/Art/War/Units/V2/Cutouts/Crouch/war-unit-supply-officer-v2/war-unit-supply-officer-v2-crouch-left-03.png,128,256,1,
suspect,Assets/Art/War/Units/V2/Cutouts/Crouch/war-unit-supply-officer-v2/war-unit-supply-officer-v2-crouch-right-00.png,128,256,2,"component 1 looks separated: area=348 ratio=0.06 dist=68.0 bbox=[65, 235, 86, 255] | large alpha touches frame edge: 1"
suspect,Assets/Art/War/Units/V2/Cutouts/Crouch/war-unit-supply-officer-v2/war-unit-supply-officer-v2-crouch-right-01.png,128,256,2,"component 1 looks separated: area=278 ratio=0.05 dist=72.0 bbox=[55, 238, 73, 255] | large alpha touches frame edge: 1"
suspect,Assets/Art/War/Units/V2/Cutouts/Crouch/war-unit-supply-officer-v2/war-unit-supply-officer-v2-crouch-right-02.png,128,256,3,"component 2 looks separated: area=342 ratio=0.05 dist=70.0 bbox=[44, 235, 65, 255] | large alpha touches frame edge: 2"
suspect,Assets/Art/War/Units/V2/Cutouts/Crouch/war-unit-supply-officer-v2/war-unit-supply-officer-v2-crouch-right-03.png,128,256,2,"component 1 looks separated: area=351 ratio=0.06 dist=68.0 bbox=[39, 235, 59, 255] | large alpha touches frame edge: 1"
ok,Assets/Art/War/Units/V2/Cutouts/Crouch/war-unit-supply-officer-v2/war-unit-supply-officer-v2-crouch-up-00.png,128,256,1,large alpha touches frame edge: 0
ok,Assets/Art/War/Units/V2/Cutouts/Crouch/war-unit-supply-officer-v2/war-unit-supply-officer-v2-crouch-up-01.png,128,256,1,large alpha touches frame edge: 0
ok,Assets/Art/War/Units/V2/Cutouts/Crouch/war-unit-supply-officer-v2/war-unit-supply-officer-v2-crouch-up-02.png,128,256,1,large alpha touches frame edge: 0
ok,Assets/Art/War/Units/V2/Cutouts/Crouch/war-unit-supply-officer-v2/war-unit-supply-officer-v2-crouch-up-03.png,128,256,1,large alpha touches frame edge: 0
ok,Assets/Art/War/Units/V2/Cutouts/Crouch/war-unit-trench-lieutenant-v2/war-unit-trench-lieutenant-v2-crouch-down-00.png,128,256,1,
ok,Assets/Art/War/Units/V2/Cutouts/Crouch/war-unit-trench-lieutenant-v2/war-unit-trench-lieutenant-v2-crouch-down-01.png,128,256,1,
ok,Assets/Art/War/Units/V2/Cutouts/Crouch/war-unit-trench-lieutenant-v2/war-unit-trench-lieutenant-v2-crouch-down-02.png,128,256,1,
ok,Assets/Art/War/Units/V2/Cutouts/Crouch/war-unit-trench-lieutenant-v2/war-unit-trench-lieutenant-v2-crouch-down-03.png,128,256,1,
ok,Assets/Art/War/Units/V2/Cutouts/Crouch/war-unit-trench-lieutenant-v2/war-unit-trench-lieutenant-v2-crouch-left-00.png,128,256,1,
ok,Assets/Art/War/Units/V2/Cutouts/Crouch/war-unit-trench-lieutenant-v2/war-unit-trench-lieutenant-v2-crouch-left-01.png,128,256,1,
ok,Assets/Art/War/Units/V2/Cutouts/Crouch/war-unit-trench-lieutenant-v2/war-unit-trench-lieutenant-v2-crouch-left-02.png,128,256,2,
ok,Assets/Art/War/Units/V2/Cutouts/Crouch/war-unit-trench-lieutenant-v2/war-unit-trench-lieutenant-v2-crouch-left-03.png,128,256,1,large alpha touches frame edge: 0
ok,Assets/Art/War/Units/V2/Cutouts/Crouch/war-unit-trench-lieutenant-v2/war-unit-trench-lieutenant-v2-crouch-right-00.png,128,256,1,
ok,Assets/Art/War/Units/V2/Cutouts/Crouch/war-unit-trench-lieutenant-v2/war-unit-trench-lieutenant-v2-crouch-right-01.png,128,256,1,
ok,Assets/Art/War/Units/V2/Cutouts/Crouch/war-unit-trench-lieutenant-v2/war-unit-trench-lieutenant-v2-crouch-right-02.png,128,256,1,
ok,Assets/Art/War/Units/V2/Cutouts/Crouch/war-unit-trench-lieutenant-v2/war-unit-trench-lieutenant-v2-crouch-right-03.png,128,256,1,
ok,Assets/Art/War/Units/V2/Cutouts/Crouch/war-unit-trench-lieutenant-v2/war-unit-trench-lieutenant-v2-crouch-up-00.png,128,256,1,
ok,Assets/Art/War/Units/V2/Cutouts/Crouch/war-unit-trench-lieutenant-v2/war-unit-trench-lieutenant-v2-crouch-up-01.png,128,256,1,
ok,Assets/Art/War/Units/V2/Cutouts/Crouch/war-unit-trench-lieutenant-v2/war-unit-trench-lieutenant-v2-crouch-up-02.png,128,256,1,
ok,Assets/Art/War/Units/V2/Cutouts/Crouch/war-unit-trench-lieutenant-v2/war-unit-trench-lieutenant-v2-crouch-up-03.png,128,256,1,
ok,Assets/Art/War/Units/V2/Cutouts/Crouch/war-unit-trench-marksman-v2/war-unit-trench-marksman-v2-crouch-down-00.png,128,128,1,
ok,Assets/Art/War/Units/V2/Cutouts/Crouch/war-unit-trench-marksman-v2/war-unit-trench-marksman-v2-crouch-down-01.png,128,128,1,
ok,Assets/Art/War/Units/V2/Cutouts/Crouch/war-unit-trench-marksman-v2/war-unit-trench-marksman-v2-crouch-down-02.png,128,128,1,
ok,Assets/Art/War/Units/V2/Cutouts/Crouch/war-unit-trench-marksman-v2/war-unit-trench-marksman-v2-crouch-down-03.png,128,128,1,
ok,Assets/Art/War/Units/V2/Cutouts/Crouch/war-unit-trench-marksman-v2/war-unit-trench-marksman-v2-crouch-left-00.png,128,128,1,
ok,Assets/Art/War/Units/V2/Cutouts/Crouch/war-unit-trench-marksman-v2/war-unit-trench-marksman-v2-crouch-left-01.png,128,128,2,
suspect,Assets/Art/War/Units/V2/Cutouts/Crouch/war-unit-trench-marksman-v2/war-unit-trench-marksman-v2-crouch-left-02.png,128,128,2,large alpha touches frame edge: 0
ok,Assets/Art/War/Units/V2/Cutouts/Crouch/war-unit-trench-marksman-v2/war-unit-trench-marksman-v2-crouch-left-03.png,128,128,1,large alpha touches frame edge: 0
suspect,Assets/Art/War/Units/V2/Cutouts/Crouch/war-unit-trench-marksman-v2/war-unit-trench-marksman-v2-crouch-right-00.png,128,128,2,large alpha touches frame edge: 0
ok,Assets/Art/War/Units/V2/Cutouts/Crouch/war-unit-trench-marksman-v2/war-unit-trench-marksman-v2-crouch-right-01.png,128,128,2,
ok,Assets/Art/War/Units/V2/Cutouts/Crouch/war-unit-trench-marksman-v2/war-unit-trench-marksman-v2-crouch-right-02.png,128,128,2,
ok,Assets/Art/War/Units/V2/Cutouts/Crouch/war-unit-trench-marksman-v2/war-unit-trench-marksman-v2-crouch-right-03.png,128,128,2,
ok,Assets/Art/War/Units/V2/Cutouts/Crouch/war-unit-trench-marksman-v2/war-unit-trench-marksman-v2-crouch-up-00.png,128,128,1,large alpha touches frame edge: 0
ok,Assets/Art/War/Units/V2/Cutouts/Crouch/war-unit-trench-marksman-v2/war-unit-trench-marksman-v2-crouch-up-01.png,128,128,1,large alpha touches frame edge: 0
ok,Assets/Art/War/Units/V2/Cutouts/Crouch/war-unit-trench-marksman-v2/war-unit-trench-marksman-v2-crouch-up-02.png,128,128,1,large alpha touches frame edge: 0
ok,Assets/Art/War/Units/V2/Cutouts/Crouch/war-unit-trench-marksman-v2/war-unit-trench-marksman-v2-crouch-up-03.png,128,128,1,large alpha touches frame edge: 0
ok,Assets/Art/War/Units/V2/Cutouts/Crouch/war-unit-trench-mortar-crew-v2/war-unit-trench-mortar-crew-v2-crouch-down-00.png,128,128,1,
ok,Assets/Art/War/Units/V2/Cutouts/Crouch/war-unit-trench-mortar-crew-v2/war-unit-trench-mortar-crew-v2-crouch-down-01.png,128,128,1,
ok,Assets/Art/War/Units/V2/Cutouts/Crouch/war-unit-trench-mortar-crew-v2/war-unit-trench-mortar-crew-v2-crouch-down-02.png,128,128,1,
ok,Assets/Art/War/Units/V2/Cutouts/Crouch/war-unit-trench-mortar-crew-v2/war-unit-trench-mortar-crew-v2-crouch-down-03.png,128,128,1,
ok,Assets/Art/War/Units/V2/Cutouts/Crouch/war-unit-trench-mortar-crew-v2/war-unit-trench-mortar-crew-v2-crouch-left-00.png,128,128,1,
ok,Assets/Art/War/Units/V2/Cutouts/Crouch/war-unit-trench-mortar-crew-v2/war-unit-trench-mortar-crew-v2-crouch-left-01.png,128,128,1,
ok,Assets/Art/War/Units/V2/Cutouts/Crouch/war-unit-trench-mortar-crew-v2/war-unit-trench-mortar-crew-v2-crouch-left-02.png,128,128,1,
ok,Assets/Art/War/Units/V2/Cutouts/Crouch/war-unit-trench-mortar-crew-v2/war-unit-trench-mortar-crew-v2-crouch-left-03.png,128,128,1,
ok,Assets/Art/War/Units/V2/Cutouts/Crouch/war-unit-trench-mortar-crew-v2/war-unit-trench-mortar-crew-v2-crouch-right-00.png,128,128,1,
ok,Assets/Art/War/Units/V2/Cutouts/Crouch/war-unit-trench-mortar-crew-v2/war-unit-trench-mortar-crew-v2-crouch-right-01.png,128,128,1,
ok,Assets/Art/War/Units/V2/Cutouts/Crouch/war-unit-trench-mortar-crew-v2/war-unit-trench-mortar-crew-v2-crouch-right-02.png,128,128,2,
ok,Assets/Art/War/Units/V2/Cutouts/Crouch/war-unit-trench-mortar-crew-v2/war-unit-trench-mortar-crew-v2-crouch-right-03.png,128,128,1,
ok,Assets/Art/War/Units/V2/Cutouts/Crouch/war-unit-trench-mortar-crew-v2/war-unit-trench-mortar-crew-v2-crouch-up-00.png,128,128,1,
ok,Assets/Art/War/Units/V2/Cutouts/Crouch/war-unit-trench-mortar-crew-v2/war-unit-trench-mortar-crew-v2-crouch-up-01.png,128,128,1,large alpha touches frame edge: 0
ok,Assets/Art/War/Units/V2/Cutouts/Crouch/war-unit-trench-mortar-crew-v2/war-unit-trench-mortar-crew-v2-crouch-up-02.png,128,128,1,large alpha touches frame edge: 0
ok,Assets/Art/War/Units/V2/Cutouts/Crouch/war-unit-trench-mortar-crew-v2/war-unit-trench-mortar-crew-v2-crouch-up-03.png,128,128,1,large alpha touches frame edge: 0
ok,Assets/Art/War/Units/V2/Cutouts/Crouch/war-unit-trench-sanitation-orderly-v2/war-unit-trench-sanitation-orderly-v2-crouch-down-00.png,128,128,1,
ok,Assets/Art/War/Units/V2/Cutouts/Crouch/war-unit-trench-sanitation-orderly-v2/war-unit-trench-sanitation-orderly-v2-crouch-down-01.png,128,128,1,
ok,Assets/Art/War/Units/V2/Cutouts/Crouch/war-unit-trench-sanitation-orderly-v2/war-unit-trench-sanitation-orderly-v2-crouch-down-02.png,128,128,1,
ok,Assets/Art/War/Units/V2/Cutouts/Crouch/war-unit-trench-sanitation-orderly-v2/war-unit-trench-sanitation-orderly-v2-crouch-down-03.png,128,128,1,
ok,Assets/Art/War/Units/V2/Cutouts/Crouch/war-unit-trench-sanitation-orderly-v2/war-unit-trench-sanitation-orderly-v2-crouch-left-00.png,128,128,1,
ok,Assets/Art/War/Units/V2/Cutouts/Crouch/war-unit-trench-sanitation-orderly-v2/war-unit-trench-sanitation-orderly-v2-crouch-left-01.png,128,128,1,
ok,Assets/Art/War/Units/V2/Cutouts/Crouch/war-unit-trench-sanitation-orderly-v2/war-unit-trench-sanitation-orderly-v2-crouch-left-02.png,128,128,1,
ok,Assets/Art/War/Units/V2/Cutouts/Crouch/war-unit-trench-sanitation-orderly-v2/war-unit-trench-sanitation-orderly-v2-crouch-left-03.png,128,128,1,
suspect,Assets/Art/War/Units/V2/Cutouts/Crouch/war-unit-trench-sanitation-orderly-v2/war-unit-trench-sanitation-orderly-v2-crouch-right-00.png,128,128,2,large alpha touches frame edge: 1
suspect,Assets/Art/War/Units/V2/Cutouts/Crouch/war-unit-trench-sanitation-orderly-v2/war-unit-trench-sanitation-orderly-v2-crouch-right-01.png,128,128,2,large alpha touches frame edge: 1
suspect,Assets/Art/War/Units/V2/Cutouts/Crouch/war-unit-trench-sanitation-orderly-v2/war-unit-trench-sanitation-orderly-v2-crouch-right-02.png,128,128,2,large alpha touches frame edge: 1
suspect,Assets/Art/War/Units/V2/Cutouts/Crouch/war-unit-trench-sanitation-orderly-v2/war-unit-trench-sanitation-orderly-v2-crouch-right-03.png,128,128,2,large alpha touches frame edge: 1
ok,Assets/Art/War/Units/V2/Cutouts/Crouch/war-unit-trench-sanitation-orderly-v2/war-unit-trench-sanitation-orderly-v2-crouch-up-00.png,128,128,1,large alpha touches frame edge: 0
ok,Assets/Art/War/Units/V2/Cutouts/Crouch/war-unit-trench-sanitation-orderly-v2/war-unit-trench-sanitation-orderly-v2-crouch-up-01.png,128,128,1,large alpha touches frame edge: 0
ok,Assets/Art/War/Units/V2/Cutouts/Crouch/war-unit-trench-sanitation-orderly-v2/war-unit-trench-sanitation-orderly-v2-crouch-up-02.png,128,128,1,large alpha touches frame edge: 0
ok,Assets/Art/War/Units/V2/Cutouts/Crouch/war-unit-trench-sanitation-orderly-v2/war-unit-trench-sanitation-orderly-v2-crouch-up-03.png,128,128,1,large alpha touches frame edge: 0
ok,Assets/Art/War/Units/V2/Cutouts/Crouch/war-unit-wire-cutter-v2/war-unit-wire-cutter-v2-crouch-down-00.png,128,128,1,
ok,Assets/Art/War/Units/V2/Cutouts/Crouch/war-unit-wire-cutter-v2/war-unit-wire-cutter-v2-crouch-down-01.png,128,128,1,
ok,Assets/Art/War/Units/V2/Cutouts/Crouch/war-unit-wire-cutter-v2/war-unit-wire-cutter-v2-crouch-down-02.png,128,128,1,
ok,Assets/Art/War/Units/V2/Cutouts/Crouch/war-unit-wire-cutter-v2/war-unit-wire-cutter-v2-crouch-down-03.png,128,128,1,
ok,Assets/Art/War/Units/V2/Cutouts/Crouch/war-unit-wire-cutter-v2/war-unit-wire-cutter-v2-crouch-left-00.png,128,128,1,
ok,Assets/Art/War/Units/V2/Cutouts/Crouch/war-unit-wire-cutter-v2/war-unit-wire-cutter-v2-crouch-left-01.png,128,128,1,
suspect,Assets/Art/War/Units/V2/Cutouts/Crouch/war-unit-wire-cutter-v2/war-unit-wire-cutter-v2-crouch-left-02.png,128,128,2,"component 1 looks separated: area=92 ratio=0.02 dist=18.0 bbox=[118, 74, 127, 85] | large alpha touches frame edge: 0,1"
ok,Assets/Art/War/Units/V2/Cutouts/Crouch/war-unit-wire-cutter-v2/war-unit-wire-cutter-v2-crouch-left-03.png,128,128,1,large alpha touches frame edge: 0
suspect,Assets/Art/War/Units/V2/Cutouts/Crouch/war-unit-wire-cutter-v2/war-unit-wire-cutter-v2-crouch-right-00.png,128,128,2,"component 1 looks separated: area=213 ratio=0.05 dist=26.0 bbox=[53, 115, 74, 127] | large alpha touches frame edge: 1"
suspect,Assets/Art/War/Units/V2/Cutouts/Crouch/war-unit-wire-cutter-v2/war-unit-wire-cutter-v2-crouch-right-01.png,128,128,2,"component 1 looks separated: area=175 ratio=0.04 dist=27.0 bbox=[42, 117, 64, 127] | large alpha touches frame edge: 1"
suspect,Assets/Art/War/Units/V2/Cutouts/Crouch/war-unit-wire-cutter-v2/war-unit-wire-cutter-v2-crouch-right-02.png,128,128,2,"component 1 looks separated: area=187 ratio=0.04 dist=26.0 bbox=[44, 117, 65, 127] | large alpha touches frame edge: 1"
suspect,Assets/Art/War/Units/V2/Cutouts/Crouch/war-unit-wire-cutter-v2/war-unit-wire-cutter-v2-crouch-right-03.png,128,128,2,"component 1 looks separated: area=197 ratio=0.04 dist=23.0 bbox=[36, 116, 57, 127] | large alpha touches frame edge: 1"
ok,Assets/Art/War/Units/V2/Cutouts/Crouch/war-unit-wire-cutter-v2/war-unit-wire-cutter-v2-crouch-up-00.png,128,128,1,large alpha touches frame edge: 0
ok,Assets/Art/War/Units/V2/Cutouts/Crouch/war-unit-wire-cutter-v2/war-unit-wire-cutter-v2-crouch-up-01.png,128,128,1,large alpha touches frame edge: 0
ok,Assets/Art/War/Units/V2/Cutouts/Crouch/war-unit-wire-cutter-v2/war-unit-wire-cutter-v2-crouch-up-02.png,128,128,1,large alpha touches frame edge: 0
ok,Assets/Art/War/Units/V2/Cutouts/Crouch/war-unit-wire-cutter-v2/war-unit-wire-cutter-v2-crouch-up-03.png,128,128,1,large alpha touches frame edge: 0
ok,Assets/Art/War/Units/V2/Cutouts/Crouch/war-unit-wire-layer-v2/war-unit-wire-layer-v2-crouch-down-00.png,128,128,1,
ok,Assets/Art/War/Units/V2/Cutouts/Crouch/war-unit-wire-layer-v2/war-unit-wire-layer-v2-crouch-down-01.png,128,128,1,
ok,Assets/Art/War/Units/V2/Cutouts/Crouch/war-unit-wire-layer-v2/war-unit-wire-layer-v2-crouch-down-02.png,128,128,1,
ok,Assets/Art/War/Units/V2/Cutouts/Crouch/war-unit-wire-layer-v2/war-unit-wire-layer-v2-crouch-down-03.png,128,128,1,
ok,Assets/Art/War/Units/V2/Cutouts/Crouch/war-unit-wire-layer-v2/war-unit-wire-layer-v2-crouch-left-00.png,128,128,1,
ok,Assets/Art/War/Units/V2/Cutouts/Crouch/war-unit-wire-layer-v2/war-unit-wire-layer-v2-crouch-left-01.png,128,128,1,
suspect,Assets/Art/War/Units/V2/Cutouts/Crouch/war-unit-wire-layer-v2/war-unit-wire-layer-v2-crouch-left-02.png,128,128,2,"large alpha touches frame edge: 0,1"
ok,Assets/Art/War/Units/V2/Cutouts/Crouch/war-unit-wire-layer-v2/war-unit-wire-layer-v2-crouch-left-03.png,128,128,1,large alpha touches frame edge: 0
suspect,Assets/Art/War/Units/V2/Cutouts/Crouch/war-unit-wire-layer-v2/war-unit-wire-layer-v2-crouch-right-00.png,128,128,5,"component 1 looks separated: area=213 ratio=0.04 dist=26.0 bbox=[53, 115, 74, 127] | large alpha touches frame edge: 1"
suspect,Assets/Art/War/Units/V2/Cutouts/Crouch/war-unit-wire-layer-v2/war-unit-wire-layer-v2-crouch-right-01.png,128,128,5,"component 1 looks separated: area=175 ratio=0.04 dist=27.0 bbox=[42, 117, 64, 127] | large alpha touches frame edge: 1"
suspect,Assets/Art/War/Units/V2/Cutouts/Crouch/war-unit-wire-layer-v2/war-unit-wire-layer-v2-crouch-right-02.png,128,128,5,"component 1 looks separated: area=187 ratio=0.04 dist=26.0 bbox=[44, 117, 65, 127] | large alpha touches frame edge: 1"
suspect,Assets/Art/War/Units/V2/Cutouts/Crouch/war-unit-wire-layer-v2/war-unit-wire-layer-v2-crouch-right-03.png,128,128,5,"component 1 looks separated: area=197 ratio=0.04 dist=23.0 bbox=[36, 116, 57, 127] | large alpha touches frame edge: 1"
ok,Assets/Art/War/Units/V2/Cutouts/Crouch/war-unit-wire-layer-v2/war-unit-wire-layer-v2-crouch-up-00.png,128,128,1,large alpha touches frame edge: 0
ok,Assets/Art/War/Units/V2/Cutouts/Crouch/war-unit-wire-layer-v2/war-unit-wire-layer-v2-crouch-up-01.png,128,128,1,large alpha touches frame edge: 0
ok,Assets/Art/War/Units/V2/Cutouts/Crouch/war-unit-wire-layer-v2/war-unit-wire-layer-v2-crouch-up-02.png,128,128,1,large alpha touches frame edge: 0
ok,Assets/Art/War/Units/V2/Cutouts/Crouch/war-unit-wire-layer-v2/war-unit-wire-layer-v2-crouch-up-03.png,128,128,1,large alpha touches frame edge: 0
ok,Assets/Art/War/Units/V2/Cutouts/Move/war-unit-aether-lamp-scout-v2/war-unit-aether-lamp-scout-v2-move-down-00.png,128,128,1,
ok,Assets/Art/War/Units/V2/Cutouts/Move/war-unit-aether-lamp-scout-v2/war-unit-aether-lamp-scout-v2-move-down-01.png,128,128,1,
ok,Assets/Art/War/Units/V2/Cutouts/Move/war-unit-aether-lamp-scout-v2/war-unit-aether-lamp-scout-v2-move-down-02.png,128,128,1,
ok,Assets/Art/War/Units/V2/Cutouts/Move/war-unit-aether-lamp-scout-v2/war-unit-aether-lamp-scout-v2-move-down-03.png,128,128,1,
ok,Assets/Art/War/Units/V2/Cutouts/Move/war-unit-aether-lamp-scout-v2/war-unit-aether-lamp-scout-v2-move-left-00.png,128,128,1,
ok,Assets/Art/War/Units/V2/Cutouts/Move/war-unit-aether-lamp-scout-v2/war-unit-aether-lamp-scout-v2-move-left-01.png,128,128,1,
ok,Assets/Art/War/Units/V2/Cutouts/Move/war-unit-aether-lamp-scout-v2/war-unit-aether-lamp-scout-v2-move-left-02.png,128,128,1,
ok,Assets/Art/War/Units/V2/Cutouts/Move/war-unit-aether-lamp-scout-v2/war-unit-aether-lamp-scout-v2-move-left-03.png,128,128,1,
suspect,Assets/Art/War/Units/V2/Cutouts/Move/war-unit-aether-lamp-scout-v2/war-unit-aether-lamp-scout-v2-move-right-00.png,128,128,2,"component 1 looks separated: area=278 ratio=0.08 dist=20.0 bbox=[62, 114, 91, 127] | large alpha touches frame edge: 1"
suspect,Assets/Art/War/Units/V2/Cutouts/Move/war-unit-aether-lamp-scout-v2/war-unit-aether-lamp-scout-v2-move-right-01.png,128,128,2,"component 1 looks separated: area=253 ratio=0.08 dist=22.0 bbox=[42, 115, 71, 127] | large alpha touches frame edge: 1"
suspect,Assets/Art/War/Units/V2/Cutouts/Move/war-unit-aether-lamp-scout-v2/war-unit-aether-lamp-scout-v2-move-right-02.png,128,128,2,"component 1 looks separated: area=246 ratio=0.07 dist=22.0 bbox=[37, 115, 65, 127] | large alpha touches frame edge: 1"
suspect,Assets/Art/War/Units/V2/Cutouts/Move/war-unit-aether-lamp-scout-v2/war-unit-aether-lamp-scout-v2-move-right-03.png,128,128,2,"component 1 looks separated: area=246 ratio=0.07 dist=22.0 bbox=[23, 115, 51, 127] | large alpha touches frame edge: 1"
ok,Assets/Art/War/Units/V2/Cutouts/Move/war-unit-aether-lamp-scout-v2/war-unit-aether-lamp-scout-v2-move-up-00.png,128,128,1,large alpha touches frame edge: 0
ok,Assets/Art/War/Units/V2/Cutouts/Move/war-unit-aether-lamp-scout-v2/war-unit-aether-lamp-scout-v2-move-up-01.png,128,128,1,large alpha touches frame edge: 0
ok,Assets/Art/War/Units/V2/Cutouts/Move/war-unit-aether-lamp-scout-v2/war-unit-aether-lamp-scout-v2-move-up-02.png,128,128,1,large alpha touches frame edge: 0
ok,Assets/Art/War/Units/V2/Cutouts/Move/war-unit-aether-lamp-scout-v2/war-unit-aether-lamp-scout-v2-move-up-03.png,128,128,1,large alpha touches frame edge: 0
ok,Assets/Art/War/Units/V2/Cutouts/Move/war-unit-ammo-runner-v2/war-unit-ammo-runner-v2-move-down-00.png,128,128,1,
ok,Assets/Art/War/Units/V2/Cutouts/Move/war-unit-ammo-runner-v2/war-unit-ammo-runner-v2-move-down-01.png,128,128,1,
ok,Assets/Art/War/Units/V2/Cutouts/Move/war-unit-ammo-runner-v2/war-unit-ammo-runner-v2-move-down-02.png,128,128,1,
ok,Assets/Art/War/Units/V2/Cutouts/Move/war-unit-ammo-runner-v2/war-unit-ammo-runner-v2-move-down-03.png,128,128,1,
ok,Assets/Art/War/Units/V2/Cutouts/Move/war-unit-ammo-runner-v2/war-unit-ammo-runner-v2-move-left-00.png,128,128,1,
ok,Assets/Art/War/Units/V2/Cutouts/Move/war-unit-ammo-runner-v2/war-unit-ammo-runner-v2-move-left-01.png,128,128,1,
ok,Assets/Art/War/Units/V2/Cutouts/Move/war-unit-ammo-runner-v2/war-unit-ammo-runner-v2-move-left-02.png,128,128,1,
ok,Assets/Art/War/Units/V2/Cutouts/Move/war-unit-ammo-runner-v2/war-unit-ammo-runner-v2-move-left-03.png,128,128,1,
suspect,Assets/Art/War/Units/V2/Cutouts/Move/war-unit-ammo-runner-v2/war-unit-ammo-runner-v2-move-right-00.png,128,128,2,"component 1 looks separated: area=254 ratio=0.06 dist=15.0 bbox=[54, 114, 79, 127] | large alpha touches frame edge: 1"
suspect,Assets/Art/War/Units/V2/Cutouts/Move/war-unit-ammo-runner-v2/war-unit-ammo-runner-v2-move-right-01.png,128,128,2,"component 1 looks separated: area=255 ratio=0.06 dist=14.0 bbox=[46, 114, 71, 127] | large alpha touches frame edge: 1"
suspect,Assets/Art/War/Units/V2/Cutouts/Move/war-unit-ammo-runner-v2/war-unit-ammo-runner-v2-move-right-02.png,128,128,2,"component 1 looks separated: area=253 ratio=0.06 dist=13.0 bbox=[38, 114, 63, 127] | large alpha touches frame edge: 1"
suspect,Assets/Art/War/Units/V2/Cutouts/Move/war-unit-ammo-runner-v2/war-unit-ammo-runner-v2-move-right-03.png,128,128,2,"component 1 looks separated: area=254 ratio=0.06 dist=12.0 bbox=[28, 114, 52, 127] | large alpha touches frame edge: 1"
ok,Assets/Art/War/Units/V2/Cutouts/Move/war-unit-ammo-runner-v2/war-unit-ammo-runner-v2-move-up-00.png,128,128,1,large alpha touches frame edge: 0
ok,Assets/Art/War/Units/V2/Cutouts/Move/war-unit-ammo-runner-v2/war-unit-ammo-runner-v2-move-up-01.png,128,128,1,large alpha touches frame edge: 0
ok,Assets/Art/War/Units/V2/Cutouts/Move/war-unit-ammo-runner-v2/war-unit-ammo-runner-v2-move-up-02.png,128,128,1,large alpha touches frame edge: 0
ok,Assets/Art/War/Units/V2/Cutouts/Move/war-unit-ammo-runner-v2/war-unit-ammo-runner-v2-move-up-03.png,128,128,1,large alpha touches frame edge: 0
ok,Assets/Art/War/Units/V2/Cutouts/Move/war-unit-artillery-observer-v2/war-unit-artillery-observer-v2-move-down-00.png,128,256,1,large alpha touches frame edge: 0
ok,Assets/Art/War/Units/V2/Cutouts/Move/war-unit-artillery-observer-v2/war-unit-artillery-observer-v2-move-down-01.png,128,256,1,large alpha touches frame edge: 0
ok,Assets/Art/War/Units/V2/Cutouts/Move/war-unit-artillery-observer-v2/war-unit-artillery-observer-v2-move-down-02.png,128,256,1,large alpha touches frame edge: 0
ok,Assets/Art/War/Units/V2/Cutouts/Move/war-unit-artillery-observer-v2/war-unit-artillery-observer-v2-move-down-03.png,128,256,1,large alpha touches frame edge: 0
suspect,Assets/Art/War/Units/V2/Cutouts/Move/war-unit-artillery-observer-v2/war-unit-artillery-observer-v2-move-left-00.png,128,256,2,"component 1 looks separated: area=125 ratio=0.01 dist=22.0 bbox=[55, 0, 71, 7] | large alpha touches frame edge: 1"
suspect,Assets/Art/War/Units/V2/Cutouts/Move/war-unit-artillery-observer-v2/war-unit-artillery-observer-v2-move-left-01.png,128,256,2,"component 1 looks separated: area=110 ratio=0.01 dist=22.0 bbox=[72, 0, 86, 7] | large alpha touches frame edge: 1"
suspect,Assets/Art/War/Units/V2/Cutouts/Move/war-unit-artillery-observer-v2/war-unit-artillery-observer-v2-move-left-02.png,128,256,2,"component 1 looks separated: area=125 ratio=0.01 dist=22.0 bbox=[45, 0, 61, 7] | large alpha touches frame edge: 1"
suspect,Assets/Art/War/Units/V2/Cutouts/Move/war-unit-artillery-observer-v2/war-unit-artillery-observer-v2-move-left-03.png,128,256,2,"component 1 looks separated: area=125 ratio=0.01 dist=22.0 bbox=[38, 0, 54, 7] | large alpha touches frame edge: 1"
suspect,Assets/Art/War/Units/V2/Cutouts/Move/war-unit-artillery-observer-v2/war-unit-artillery-observer-v2-move-right-00.png,128,256,2,"component 1 looks separated: area=179 ratio=0.02 dist=24.0 bbox=[61, 245, 82, 255] | large alpha touches frame edge: 1"
suspect,Assets/Art/War/Units/V2/Cutouts/Move/war-unit-artillery-observer-v2/war-unit-artillery-observer-v2-move-right-01.png,128,256,2,"component 1 looks separated: area=176 ratio=0.02 dist=24.0 bbox=[56, 245, 77, 255] | large alpha touches frame edge: 1"
suspect,Assets/Art/War/Units/V2/Cutouts/Move/war-unit-artillery-observer-v2/war-unit-artillery-observer-v2-move-right-02.png,128,256,2,"component 1 looks separated: area=176 ratio=0.02 dist=24.0 bbox=[45, 245, 66, 255] | large alpha touches frame edge: 1"
suspect,Assets/Art/War/Units/V2/Cutouts/Move/war-unit-artillery-observer-v2/war-unit-artillery-observer-v2-move-right-03.png,128,256,2,"component 1 looks separated: area=180 ratio=0.02 dist=24.0 bbox=[41, 245, 63, 255] | large alpha touches frame edge: 1"
ok,Assets/Art/War/Units/V2/Cutouts/Move/war-unit-artillery-observer-v2/war-unit-artillery-observer-v2-move-up-00.png,128,256,1,large alpha touches frame edge: 0
ok,Assets/Art/War/Units/V2/Cutouts/Move/war-unit-artillery-observer-v2/war-unit-artillery-observer-v2-move-up-01.png,128,256,1,large alpha touches frame edge: 0
ok,Assets/Art/War/Units/V2/Cutouts/Move/war-unit-artillery-observer-v2/war-unit-artillery-observer-v2-move-up-02.png,128,256,1,large alpha touches frame edge: 0
ok,Assets/Art/War/Units/V2/Cutouts/Move/war-unit-artillery-observer-v2/war-unit-artillery-observer-v2-move-up-03.png,128,256,1,large alpha touches frame edge: 0
ok,Assets/Art/War/Units/V2/Cutouts/Move/war-unit-bound-shell-cantor-v2/war-unit-bound-shell-cantor-v2-move-down-00.png,128,256,1,
ok,Assets/Art/War/Units/V2/Cutouts/Move/war-unit-bound-shell-cantor-v2/war-unit-bound-shell-cantor-v2-move-down-01.png,128,256,1,
ok,Assets/Art/War/Units/V2/Cutouts/Move/war-unit-bound-shell-cantor-v2/war-unit-bound-shell-cantor-v2-move-down-02.png,128,256,1,
ok,Assets/Art/War/Units/V2/Cutouts/Move/war-unit-bound-shell-cantor-v2/war-unit-bound-shell-cantor-v2-move-down-03.png,128,256,1,
ok,Assets/Art/War/Units/V2/Cutouts/Move/war-unit-bound-shell-cantor-v2/war-unit-bound-shell-cantor-v2-move-left-00.png,128,256,1,
ok,Assets/Art/War/Units/V2/Cutouts/Move/war-unit-bound-shell-cantor-v2/war-unit-bound-shell-cantor-v2-move-left-01.png,128,256,1,
ok,Assets/Art/War/Units/V2/Cutouts/Move/war-unit-bound-shell-cantor-v2/war-unit-bound-shell-cantor-v2-move-left-02.png,128,256,1,
ok,Assets/Art/War/Units/V2/Cutouts/Move/war-unit-bound-shell-cantor-v2/war-unit-bound-shell-cantor-v2-move-left-03.png,128,256,1,
suspect,Assets/Art/War/Units/V2/Cutouts/Move/war-unit-bound-shell-cantor-v2/war-unit-bound-shell-cantor-v2-move-right-00.png,128,256,2,"component 1 looks separated: area=170 ratio=0.02 dist=62.0 bbox=[67, 247, 92, 255] | large alpha touches frame edge: 1"
suspect,Assets/Art/War/Units/V2/Cutouts/Move/war-unit-bound-shell-cantor-v2/war-unit-bound-shell-cantor-v2-move-right-01.png,128,256,2,"component 1 looks separated: area=149 ratio=0.02 dist=63.0 bbox=[60, 248, 84, 255] | large alpha touches frame edge: 1"
suspect,Assets/Art/War/Units/V2/Cutouts/Move/war-unit-bound-shell-cantor-v2/war-unit-bound-shell-cantor-v2-move-right-02.png,128,256,2,"component 1 looks separated: area=171 ratio=0.02 dist=61.0 bbox=[50, 247, 75, 255] | large alpha touches frame edge: 1"
suspect,Assets/Art/War/Units/V2/Cutouts/Move/war-unit-bound-shell-cantor-v2/war-unit-bound-shell-cantor-v2-move-right-03.png,128,256,2,"component 1 looks separated: area=157 ratio=0.02 dist=61.0 bbox=[39, 247, 63, 255] | large alpha touches frame edge: 1"
ok,Assets/Art/War/Units/V2/Cutouts/Move/war-unit-bound-shell-cantor-v2/war-unit-bound-shell-cantor-v2-move-up-00.png,128,256,1,large alpha touches frame edge: 0
ok,Assets/Art/War/Units/V2/Cutouts/Move/war-unit-bound-shell-cantor-v2/war-unit-bound-shell-cantor-v2-move-up-01.png,128,256,1,large alpha touches frame edge: 0
ok,Assets/Art/War/Units/V2/Cutouts/Move/war-unit-bound-shell-cantor-v2/war-unit-bound-shell-cantor-v2-move-up-02.png,128,256,1,large alpha touches frame edge: 0
ok,Assets/Art/War/Units/V2/Cutouts/Move/war-unit-bound-shell-cantor-v2/war-unit-bound-shell-cantor-v2-move-up-03.png,128,256,1,large alpha touches frame edge: 0
ok,Assets/Art/War/Units/V2/Cutouts/Move/war-unit-clockwork-trenchhand-v2/war-unit-clockwork-trenchhand-v2-move-down-00.png,128,128,1,
ok,Assets/Art/War/Units/V2/Cutouts/Move/war-unit-clockwork-trenchhand-v2/war-unit-clockwork-trenchhand-v2-move-down-01.png,128,128,1,
ok,Assets/Art/War/Units/V2/Cutouts/Move/war-unit-clockwork-trenchhand-v2/war-unit-clockwork-trenchhand-v2-move-down-02.png,128,128,1,
ok,Assets/Art/War/Units/V2/Cutouts/Move/war-unit-clockwork-trenchhand-v2/war-unit-clockwork-trenchhand-v2-move-down-03.png,128,128,1,
ok,Assets/Art/War/Units/V2/Cutouts/Move/war-unit-clockwork-trenchhand-v2/war-unit-clockwork-trenchhand-v2-move-left-00.png,128,128,1,
ok,Assets/Art/War/Units/V2/Cutouts/Move/war-unit-clockwork-trenchhand-v2/war-unit-clockwork-trenchhand-v2-move-left-01.png,128,128,1,
ok,Assets/Art/War/Units/V2/Cutouts/Move/war-unit-clockwork-trenchhand-v2/war-unit-clockwork-trenchhand-v2-move-left-02.png,128,128,1,
ok,Assets/Art/War/Units/V2/Cutouts/Move/war-unit-clockwork-trenchhand-v2/war-unit-clockwork-trenchhand-v2-move-left-03.png,128,128,1,
suspect,Assets/Art/War/Units/V2/Cutouts/Move/war-unit-clockwork-trenchhand-v2/war-unit-clockwork-trenchhand-v2-move-right-00.png,128,128,2,"component 1 looks separated: area=132 ratio=0.04 dist=17.0 bbox=[61, 119, 78, 127] | large alpha touches frame edge: 1"
suspect,Assets/Art/War/Units/V2/Cutouts/Move/war-unit-clockwork-trenchhand-v2/war-unit-clockwork-trenchhand-v2-move-right-01.png,128,128,2,"component 1 looks separated: area=145 ratio=0.05 dist=16.0 bbox=[47, 118, 65, 127] | large alpha touches frame edge: 1"
suspect,Assets/Art/War/Units/V2/Cutouts/Move/war-unit-clockwork-trenchhand-v2/war-unit-clockwork-trenchhand-v2-move-right-02.png,128,128,2,"component 1 looks separated: area=149 ratio=0.05 dist=17.0 bbox=[41, 118, 58, 127] | large alpha touches frame edge: 1"
suspect,Assets/Art/War/Units/V2/Cutouts/Move/war-unit-clockwork-trenchhand-v2/war-unit-clockwork-trenchhand-v2-move-right-03.png,128,128,2,"component 1 looks separated: area=173 ratio=0.06 dist=16.0 bbox=[32, 117, 50, 127] | large alpha touches frame edge: 1"
ok,Assets/Art/War/Units/V2/Cutouts/Move/war-unit-clockwork-trenchhand-v2/war-unit-clockwork-trenchhand-v2-move-up-00.png,128,128,1,large alpha touches frame edge: 0
ok,Assets/Art/War/Units/V2/Cutouts/Move/war-unit-clockwork-trenchhand-v2/war-unit-clockwork-trenchhand-v2-move-up-01.png,128,128,1,large alpha touches frame edge: 0
ok,Assets/Art/War/Units/V2/Cutouts/Move/war-unit-clockwork-trenchhand-v2/war-unit-clockwork-trenchhand-v2-move-up-02.png,128,128,1,large alpha touches frame edge: 0
ok,Assets/Art/War/Units/V2/Cutouts/Move/war-unit-clockwork-trenchhand-v2/war-unit-clockwork-trenchhand-v2-move-up-03.png,128,128,1,large alpha touches frame edge: 0
ok,Assets/Art/War/Units/V2/Cutouts/Move/war-unit-combat-medic-v2/war-unit-combat-medic-v2-move-down-00.png,128,128,1,
ok,Assets/Art/War/Units/V2/Cutouts/Move/war-unit-combat-medic-v2/war-unit-combat-medic-v2-move-down-01.png,128,128,1,
ok,Assets/Art/War/Units/V2/Cutouts/Move/war-unit-combat-medic-v2/war-unit-combat-medic-v2-move-down-02.png,128,128,1,
ok,Assets/Art/War/Units/V2/Cutouts/Move/war-unit-combat-medic-v2/war-unit-combat-medic-v2-move-down-03.png,128,128,1,
ok,Assets/Art/War/Units/V2/Cutouts/Move/war-unit-combat-medic-v2/war-unit-combat-medic-v2-move-left-00.png,128,128,2,
ok,Assets/Art/War/Units/V2/Cutouts/Move/war-unit-combat-medic-v2/war-unit-combat-medic-v2-move-left-01.png,128,128,2,
ok,Assets/Art/War/Units/V2/Cutouts/Move/war-unit-combat-medic-v2/war-unit-combat-medic-v2-move-left-02.png,128,128,1,
ok,Assets/Art/War/Units/V2/Cutouts/Move/war-unit-combat-medic-v2/war-unit-combat-medic-v2-move-left-03.png,128,128,1,large alpha touches frame edge: 0
suspect,Assets/Art/War/Units/V2/Cutouts/Move/war-unit-combat-medic-v2/war-unit-combat-medic-v2-move-right-00.png,128,128,2,"component 1 looks separated: area=242 ratio=0.08 dist=24.0 bbox=[65, 115, 90, 127] | large alpha touches frame edge: 0,1"
suspect,Assets/Art/War/Units/V2/Cutouts/Move/war-unit-combat-medic-v2/war-unit-combat-medic-v2-move-right-01.png,128,128,2,"component 1 looks separated: area=216 ratio=0.07 dist=26.0 bbox=[54, 116, 78, 127] | large alpha touches frame edge: 0,1"
suspect,Assets/Art/War/Units/V2/Cutouts/Move/war-unit-combat-medic-v2/war-unit-combat-medic-v2-move-right-02.png,128,128,2,"component 1 looks separated: area=210 ratio=0.07 dist=25.0 bbox=[41, 116, 64, 127] | large alpha touches frame edge: 0,1"
suspect,Assets/Art/War/Units/V2/Cutouts/Move/war-unit-combat-medic-v2/war-unit-combat-medic-v2-move-right-03.png,128,128,2,"component 1 looks separated: area=212 ratio=0.07 dist=25.0 bbox=[28, 116, 52, 127] | large alpha touches frame edge: 0,1"
ok,Assets/Art/War/Units/V2/Cutouts/Move/war-unit-combat-medic-v2/war-unit-combat-medic-v2-move-up-00.png,128,128,1,large alpha touches frame edge: 0
ok,Assets/Art/War/Units/V2/Cutouts/Move/war-unit-combat-medic-v2/war-unit-combat-medic-v2-move-up-01.png,128,128,1,large alpha touches frame edge: 0
ok,Assets/Art/War/Units/V2/Cutouts/Move/war-unit-combat-medic-v2/war-unit-combat-medic-v2-move-up-02.png,128,128,1,large alpha touches frame edge: 0
ok,Assets/Art/War/Units/V2/Cutouts/Move/war-unit-combat-medic-v2/war-unit-combat-medic-v2-move-up-03.png,128,128,1,large alpha touches frame edge: 0
ok,Assets/Art/War/Units/V2/Cutouts/Move/war-unit-echo-runner-v2/war-unit-echo-runner-v2-move-down-00.png,128,128,1,
ok,Assets/Art/War/Units/V2/Cutouts/Move/war-unit-echo-runner-v2/war-unit-echo-runner-v2-move-down-01.png,128,128,1,
ok,Assets/Art/War/Units/V2/Cutouts/Move/war-unit-echo-runner-v2/war-unit-echo-runner-v2-move-down-02.png,128,128,1,
ok,Assets/Art/War/Units/V2/Cutouts/Move/war-unit-echo-runner-v2/war-unit-echo-runner-v2-move-down-03.png,128,128,1,
ok,Assets/Art/War/Units/V2/Cutouts/Move/war-unit-echo-runner-v2/war-unit-echo-runner-v2-move-left-00.png,128,128,1,
ok,Assets/Art/War/Units/V2/Cutouts/Move/war-unit-echo-runner-v2/war-unit-echo-runner-v2-move-left-01.png,128,128,1,
ok,Assets/Art/War/Units/V2/Cutouts/Move/war-unit-echo-runner-v2/war-unit-echo-runner-v2-move-left-02.png,128,128,1,
ok,Assets/Art/War/Units/V2/Cutouts/Move/war-unit-echo-runner-v2/war-unit-echo-runner-v2-move-left-03.png,128,128,1,
suspect,Assets/Art/War/Units/V2/Cutouts/Move/war-unit-echo-runner-v2/war-unit-echo-runner-v2-move-right-00.png,128,128,2,"component 1 looks separated: area=349 ratio=0.10 dist=13.0 bbox=[60, 110, 85, 127] | large alpha touches frame edge: 1"
suspect,Assets/Art/War/Units/V2/Cutouts/Move/war-unit-echo-runner-v2/war-unit-echo-runner-v2-move-right-01.png,128,128,2,"component 1 looks separated: area=397 ratio=0.11 dist=14.0 bbox=[45, 108, 71, 127] | large alpha touches frame edge: 1"
suspect,Assets/Art/War/Units/V2/Cutouts/Move/war-unit-echo-runner-v2/war-unit-echo-runner-v2-move-right-02.png,128,128,3,large alpha touches frame edge: 1
suspect,Assets/Art/War/Units/V2/Cutouts/Move/war-unit-echo-runner-v2/war-unit-echo-runner-v2-move-right-03.png,128,128,2,"component 1 looks separated: area=354 ratio=0.10 dist=12.0 bbox=[23, 109, 47, 127] | large alpha touches frame edge: 0,1"
ok,Assets/Art/War/Units/V2/Cutouts/Move/war-unit-echo-runner-v2/war-unit-echo-runner-v2-move-up-00.png,128,128,1,large alpha touches frame edge: 0
ok,Assets/Art/War/Units/V2/Cutouts/Move/war-unit-echo-runner-v2/war-unit-echo-runner-v2-move-up-01.png,128,128,1,large alpha touches frame edge: 0
ok,Assets/Art/War/Units/V2/Cutouts/Move/war-unit-echo-runner-v2/war-unit-echo-runner-v2-move-up-02.png,128,128,1,large alpha touches frame edge: 0
ok,Assets/Art/War/Units/V2/Cutouts/Move/war-unit-echo-runner-v2/war-unit-echo-runner-v2-move-up-03.png,128,128,1,large alpha touches frame edge: 0
ok,Assets/Art/War/Units/V2/Cutouts/Move/war-unit-field-chaplain-orderly-v2/war-unit-field-chaplain-orderly-v2-move-down-00.png,128,128,1,
ok,Assets/Art/War/Units/V2/Cutouts/Move/war-unit-field-chaplain-orderly-v2/war-unit-field-chaplain-orderly-v2-move-down-01.png,128,128,1,
ok,Assets/Art/War/Units/V2/Cutouts/Move/war-unit-field-chaplain-orderly-v2/war-unit-field-chaplain-orderly-v2-move-down-02.png,128,128,1,
ok,Assets/Art/War/Units/V2/Cutouts/Move/war-unit-field-chaplain-orderly-v2/war-unit-field-chaplain-orderly-v2-move-down-03.png,128,128,1,
ok,Assets/Art/War/Units/V2/Cutouts/Move/war-unit-field-chaplain-orderly-v2/war-unit-field-chaplain-orderly-v2-move-left-00.png,128,128,1,
ok,Assets/Art/War/Units/V2/Cutouts/Move/war-unit-field-chaplain-orderly-v2/war-unit-field-chaplain-orderly-v2-move-left-01.png,128,128,1,
ok,Assets/Art/War/Units/V2/Cutouts/Move/war-unit-field-chaplain-orderly-v2/war-unit-field-chaplain-orderly-v2-move-left-02.png,128,128,1,
ok,Assets/Art/War/Units/V2/Cutouts/Move/war-unit-field-chaplain-orderly-v2/war-unit-field-chaplain-orderly-v2-move-left-03.png,128,128,1,
suspect,Assets/Art/War/Units/V2/Cutouts/Move/war-unit-field-chaplain-orderly-v2/war-unit-field-chaplain-orderly-v2-move-right-00.png,128,128,2,"component 1 looks separated: area=163 ratio=0.04 dist=16.0 bbox=[60, 118, 82, 127] | large alpha touches frame edge: 1"
suspect,Assets/Art/War/Units/V2/Cutouts/Move/war-unit-field-chaplain-orderly-v2/war-unit-field-chaplain-orderly-v2-move-right-01.png,128,128,2,"component 1 looks separated: area=185 ratio=0.04 dist=17.0 bbox=[47, 119, 75, 127] | large alpha touches frame edge: 1"
suspect,Assets/Art/War/Units/V2/Cutouts/Move/war-unit-field-chaplain-orderly-v2/war-unit-field-chaplain-orderly-v2-move-right-02.png,128,128,4,"component 2 looks separated: area=186 ratio=0.04 dist=17.0 bbox=[35, 119, 64, 127] | large alpha touches frame edge: 2"
suspect,Assets/Art/War/Units/V2/Cutouts/Move/war-unit-field-chaplain-orderly-v2/war-unit-field-chaplain-orderly-v2-move-right-03.png,128,128,2,"component 1 looks separated: area=172 ratio=0.04 dist=17.0 bbox=[25, 119, 53, 127] | large alpha touches frame edge: 0,1"
ok,Assets/Art/War/Units/V2/Cutouts/Move/war-unit-field-chaplain-orderly-v2/war-unit-field-chaplain-orderly-v2-move-up-00.png,128,128,1,large alpha touches frame edge: 0
ok,Assets/Art/War/Units/V2/Cutouts/Move/war-unit-field-chaplain-orderly-v2/war-unit-field-chaplain-orderly-v2-move-up-01.png,128,128,1,large alpha touches frame edge: 0
ok,Assets/Art/War/Units/V2/Cutouts/Move/war-unit-field-chaplain-orderly-v2/war-unit-field-chaplain-orderly-v2-move-up-02.png,128,128,1,large alpha touches frame edge: 0
ok,Assets/Art/War/Units/V2/Cutouts/Move/war-unit-field-chaplain-orderly-v2/war-unit-field-chaplain-orderly-v2-move-up-03.png,128,128,1,large alpha touches frame edge: 0
ok,Assets/Art/War/Units/V2/Cutouts/Move/war-unit-field-doctor-v2/war-unit-field-doctor-v2-move-down-00.png,128,128,1,
ok,Assets/Art/War/Units/V2/Cutouts/Move/war-unit-field-doctor-v2/war-unit-field-doctor-v2-move-down-01.png,128,128,1,
ok,Assets/Art/War/Units/V2/Cutouts/Move/war-unit-field-doctor-v2/war-unit-field-doctor-v2-move-down-02.png,128,128,1,
ok,Assets/Art/War/Units/V2/Cutouts/Move/war-unit-field-doctor-v2/war-unit-field-doctor-v2-move-down-03.png,128,128,1,
ok,Assets/Art/War/Units/V2/Cutouts/Move/war-unit-field-doctor-v2/war-unit-field-doctor-v2-move-left-00.png,128,128,2,
ok,Assets/Art/War/Units/V2/Cutouts/Move/war-unit-field-doctor-v2/war-unit-field-doctor-v2-move-left-01.png,128,128,2,
suspect,Assets/Art/War/Units/V2/Cutouts/Move/war-unit-field-doctor-v2/war-unit-field-doctor-v2-move-left-02.png,128,128,2,"component 1 looks separated: area=272 ratio=0.08 dist=20.0 bbox=[103, 67, 118, 83]"
ok,Assets/Art/War/Units/V2/Cutouts/Move/war-unit-field-doctor-v2/war-unit-field-doctor-v2-move-left-03.png,128,128,1,large alpha touches frame edge: 0
suspect,Assets/Art/War/Units/V2/Cutouts/Move/war-unit-field-doctor-v2/war-unit-field-doctor-v2-move-right-00.png,128,128,3,"component 2 looks separated: area=242 ratio=0.07 dist=19.0 bbox=[65, 115, 90, 127] | large alpha touches frame edge: 0,2"
suspect,Assets/Art/War/Units/V2/Cutouts/Move/war-unit-field-doctor-v2/war-unit-field-doctor-v2-move-right-01.png,128,128,2,"component 1 looks separated: area=216 ratio=0.06 dist=20.0 bbox=[54, 116, 78, 127] | large alpha touches frame edge: 0,1"
suspect,Assets/Art/War/Units/V2/Cutouts/Move/war-unit-field-doctor-v2/war-unit-field-doctor-v2-move-right-02.png,128,128,3,"component 2 looks separated: area=210 ratio=0.06 dist=20.0 bbox=[41, 116, 64, 127] | large alpha touches frame edge: 0,2"
suspect,Assets/Art/War/Units/V2/Cutouts/Move/war-unit-field-doctor-v2/war-unit-field-doctor-v2-move-right-03.png,128,128,3,"component 2 looks separated: area=212 ratio=0.06 dist=20.0 bbox=[28, 116, 52, 127] | large alpha touches frame edge: 0,2"
ok,Assets/Art/War/Units/V2/Cutouts/Move/war-unit-field-doctor-v2/war-unit-field-doctor-v2-move-up-00.png,128,128,1,large alpha touches frame edge: 0
ok,Assets/Art/War/Units/V2/Cutouts/Move/war-unit-field-doctor-v2/war-unit-field-doctor-v2-move-up-01.png,128,128,1,large alpha touches frame edge: 0
ok,Assets/Art/War/Units/V2/Cutouts/Move/war-unit-field-doctor-v2/war-unit-field-doctor-v2-move-up-02.png,128,128,1,large alpha touches frame edge: 0
ok,Assets/Art/War/Units/V2/Cutouts/Move/war-unit-field-doctor-v2/war-unit-field-doctor-v2-move-up-03.png,128,128,1,large alpha touches frame edge: 0
ok,Assets/Art/War/Units/V2/Cutouts/Move/war-unit-field-engineer-v2/war-unit-field-engineer-v2-move-down-00.png,128,128,1,
ok,Assets/Art/War/Units/V2/Cutouts/Move/war-unit-field-engineer-v2/war-unit-field-engineer-v2-move-down-01.png,128,128,1,
ok,Assets/Art/War/Units/V2/Cutouts/Move/war-unit-field-engineer-v2/war-unit-field-engineer-v2-move-down-02.png,128,128,1,
ok,Assets/Art/War/Units/V2/Cutouts/Move/war-unit-field-engineer-v2/war-unit-field-engineer-v2-move-down-03.png,128,128,1,
ok,Assets/Art/War/Units/V2/Cutouts/Move/war-unit-field-engineer-v2/war-unit-field-engineer-v2-move-left-00.png,128,128,2,
ok,Assets/Art/War/Units/V2/Cutouts/Move/war-unit-field-engineer-v2/war-unit-field-engineer-v2-move-left-01.png,128,128,2,
ok,Assets/Art/War/Units/V2/Cutouts/Move/war-unit-field-engineer-v2/war-unit-field-engineer-v2-move-left-02.png,128,128,2,
ok,Assets/Art/War/Units/V2/Cutouts/Move/war-unit-field-engineer-v2/war-unit-field-engineer-v2-move-left-03.png,128,128,2,
suspect,Assets/Art/War/Units/V2/Cutouts/Move/war-unit-field-engineer-v2/war-unit-field-engineer-v2-move-right-00.png,128,128,2,"component 1 looks separated: area=257 ratio=0.10 dist=24.0 bbox=[60, 112, 80, 127] | large alpha touches frame edge: 0,1"
suspect,Assets/Art/War/Units/V2/Cutouts/Move/war-unit-field-engineer-v2/war-unit-field-engineer-v2-move-right-01.png,128,128,2,"component 1 looks separated: area=253 ratio=0.10 dist=24.0 bbox=[55, 112, 74, 127] | large alpha touches frame edge: 0,1"
suspect,Assets/Art/War/Units/V2/Cutouts/Move/war-unit-field-engineer-v2/war-unit-field-engineer-v2-move-right-02.png,128,128,2,"component 1 looks separated: area=253 ratio=0.09 dist=23.0 bbox=[48, 112, 67, 127] | large alpha touches frame edge: 0,1"
suspect,Assets/Art/War/Units/V2/Cutouts/Move/war-unit-field-engineer-v2/war-unit-field-engineer-v2-move-right-03.png,128,128,2,"component 1 looks separated: area=252 ratio=0.09 dist=23.0 bbox=[39, 112, 58, 127] | large alpha touches frame edge: 0,1"
ok,Assets/Art/War/Units/V2/Cutouts/Move/war-unit-field-engineer-v2/war-unit-field-engineer-v2-move-up-00.png,128,128,1,large alpha touches frame edge: 0
ok,Assets/Art/War/Units/V2/Cutouts/Move/war-unit-field-engineer-v2/war-unit-field-engineer-v2-move-up-01.png,128,128,1,large alpha touches frame edge: 0
ok,Assets/Art/War/Units/V2/Cutouts/Move/war-unit-field-engineer-v2/war-unit-field-engineer-v2-move-up-02.png,128,128,1,large alpha touches frame edge: 0
ok,Assets/Art/War/Units/V2/Cutouts/Move/war-unit-field-engineer-v2/war-unit-field-engineer-v2-move-up-03.png,128,128,1,large alpha touches frame edge: 0
ok,Assets/Art/War/Units/V2/Cutouts/Move/war-unit-grave-mine-warden-v2/war-unit-grave-mine-warden-v2-move-down-00.png,128,128,1,
ok,Assets/Art/War/Units/V2/Cutouts/Move/war-unit-grave-mine-warden-v2/war-unit-grave-mine-warden-v2-move-down-01.png,128,128,1,
ok,Assets/Art/War/Units/V2/Cutouts/Move/war-unit-grave-mine-warden-v2/war-unit-grave-mine-warden-v2-move-down-02.png,128,128,1,
ok,Assets/Art/War/Units/V2/Cutouts/Move/war-unit-grave-mine-warden-v2/war-unit-grave-mine-warden-v2-move-down-03.png,128,128,1,
ok,Assets/Art/War/Units/V2/Cutouts/Move/war-unit-grave-mine-warden-v2/war-unit-grave-mine-warden-v2-move-left-00.png,128,128,1,
ok,Assets/Art/War/Units/V2/Cutouts/Move/war-unit-grave-mine-warden-v2/war-unit-grave-mine-warden-v2-move-left-01.png,128,128,1,
ok,Assets/Art/War/Units/V2/Cutouts/Move/war-unit-grave-mine-warden-v2/war-unit-grave-mine-warden-v2-move-left-02.png,128,128,1,
ok,Assets/Art/War/Units/V2/Cutouts/Move/war-unit-grave-mine-warden-v2/war-unit-grave-mine-warden-v2-move-left-03.png,128,128,1,
ok,Assets/Art/War/Units/V2/Cutouts/Move/war-unit-grave-mine-warden-v2/war-unit-grave-mine-warden-v2-move-right-00.png,128,128,3,
ok,Assets/Art/War/Units/V2/Cutouts/Move/war-unit-grave-mine-warden-v2/war-unit-grave-mine-warden-v2-move-right-01.png,128,128,3,
ok,Assets/Art/War/Units/V2/Cutouts/Move/war-unit-grave-mine-warden-v2/war-unit-grave-mine-warden-v2-move-right-02.png,128,128,3,
ok,Assets/Art/War/Units/V2/Cutouts/Move/war-unit-grave-mine-warden-v2/war-unit-grave-mine-warden-v2-move-right-03.png,128,128,3,
ok,Assets/Art/War/Units/V2/Cutouts/Move/war-unit-grave-mine-warden-v2/war-unit-grave-mine-warden-v2-move-up-00.png,128,128,1,large alpha touches frame edge: 0
ok,Assets/Art/War/Units/V2/Cutouts/Move/war-unit-grave-mine-warden-v2/war-unit-grave-mine-warden-v2-move-up-01.png,128,128,1,large alpha touches frame edge: 0
ok,Assets/Art/War/Units/V2/Cutouts/Move/war-unit-grave-mine-warden-v2/war-unit-grave-mine-warden-v2-move-up-02.png,128,128,1,large alpha touches frame edge: 0
ok,Assets/Art/War/Units/V2/Cutouts/Move/war-unit-grave-mine-warden-v2/war-unit-grave-mine-warden-v2-move-up-03.png,128,128,1,large alpha touches frame edge: 0
ok,Assets/Art/War/Units/V2/Cutouts/Move/war-unit-grave-salt-warden-v2/war-unit-grave-salt-warden-v2-move-down-00.png,128,128,1,
ok,Assets/Art/War/Units/V2/Cutouts/Move/war-unit-grave-salt-warden-v2/war-unit-grave-salt-warden-v2-move-down-01.png,128,128,1,
ok,Assets/Art/War/Units/V2/Cutouts/Move/war-unit-grave-salt-warden-v2/war-unit-grave-salt-warden-v2-move-down-02.png,128,128,1,
ok,Assets/Art/War/Units/V2/Cutouts/Move/war-unit-grave-salt-warden-v2/war-unit-grave-salt-warden-v2-move-down-03.png,128,128,1,
ok,Assets/Art/War/Units/V2/Cutouts/Move/war-unit-grave-salt-warden-v2/war-unit-grave-salt-warden-v2-move-left-00.png,128,128,1,
ok,Assets/Art/War/Units/V2/Cutouts/Move/war-unit-grave-salt-warden-v2/war-unit-grave-salt-warden-v2-move-left-01.png,128,128,1,
ok,Assets/Art/War/Units/V2/Cutouts/Move/war-unit-grave-salt-warden-v2/war-unit-grave-salt-warden-v2-move-left-02.png,128,128,1,
ok,Assets/Art/War/Units/V2/Cutouts/Move/war-unit-grave-salt-warden-v2/war-unit-grave-salt-warden-v2-move-left-03.png,128,128,1,
ok,Assets/Art/War/Units/V2/Cutouts/Move/war-unit-grave-salt-warden-v2/war-unit-grave-salt-warden-v2-move-right-00.png,128,128,3,
ok,Assets/Art/War/Units/V2/Cutouts/Move/war-unit-grave-salt-warden-v2/war-unit-grave-salt-warden-v2-move-right-01.png,128,128,3,
ok,Assets/Art/War/Units/V2/Cutouts/Move/war-unit-grave-salt-warden-v2/war-unit-grave-salt-warden-v2-move-right-02.png,128,128,3,
ok,Assets/Art/War/Units/V2/Cutouts/Move/war-unit-grave-salt-warden-v2/war-unit-grave-salt-warden-v2-move-right-03.png,128,128,3,
ok,Assets/Art/War/Units/V2/Cutouts/Move/war-unit-grave-salt-warden-v2/war-unit-grave-salt-warden-v2-move-up-00.png,128,128,1,large alpha touches frame edge: 0
ok,Assets/Art/War/Units/V2/Cutouts/Move/war-unit-grave-salt-warden-v2/war-unit-grave-salt-warden-v2-move-up-01.png,128,128,1,large alpha touches frame edge: 0
ok,Assets/Art/War/Units/V2/Cutouts/Move/war-unit-grave-salt-warden-v2/war-unit-grave-salt-warden-v2-move-up-02.png,128,128,1,large alpha touches frame edge: 0
ok,Assets/Art/War/Units/V2/Cutouts/Move/war-unit-grave-salt-warden-v2/war-unit-grave-salt-warden-v2-move-up-03.png,128,128,1,large alpha touches frame edge: 0
ok,Assets/Art/War/Units/V2/Cutouts/Move/war-unit-grenadier-v2/war-unit-grenadier-v2-move-down-00.png,128,128,1,
ok,Assets/Art/War/Units/V2/Cutouts/Move/war-unit-grenadier-v2/war-unit-grenadier-v2-move-down-01.png,128,128,1,
ok,Assets/Art/War/Units/V2/Cutouts/Move/war-unit-grenadier-v2/war-unit-grenadier-v2-move-down-02.png,128,128,1,
ok,Assets/Art/War/Units/V2/Cutouts/Move/war-unit-grenadier-v2/war-unit-grenadier-v2-move-down-03.png,128,128,1,
ok,Assets/Art/War/Units/V2/Cutouts/Move/war-unit-grenadier-v2/war-unit-grenadier-v2-move-left-00.png,128,128,1,
ok,Assets/Art/War/Units/V2/Cutouts/Move/war-unit-grenadier-v2/war-unit-grenadier-v2-move-left-01.png,128,128,1,
ok,Assets/Art/War/Units/V2/Cutouts/Move/war-unit-grenadier-v2/war-unit-grenadier-v2-move-left-02.png,128,128,1,
ok,Assets/Art/War/Units/V2/Cutouts/Move/war-unit-grenadier-v2/war-unit-grenadier-v2-move-left-03.png,128,128,1,
suspect,Assets/Art/War/Units/V2/Cutouts/Move/war-unit-grenadier-v2/war-unit-grenadier-v2-move-right-00.png,128,128,2,"component 1 looks separated: area=110 ratio=0.03 dist=21.0 bbox=[61, 120, 78, 127] | large alpha touches frame edge: 1"
suspect,Assets/Art/War/Units/V2/Cutouts/Move/war-unit-grenadier-v2/war-unit-grenadier-v2-move-right-01.png,128,128,2,"component 1 looks separated: area=126 ratio=0.04 dist=19.0 bbox=[54, 119, 73, 127] | large alpha touches frame edge: 1"
suspect,Assets/Art/War/Units/V2/Cutouts/Move/war-unit-grenadier-v2/war-unit-grenadier-v2-move-right-02.png,128,128,2,"component 1 looks separated: area=125 ratio=0.04 dist=19.0 bbox=[49, 119, 67, 127] | large alpha touches frame edge: 1"
suspect,Assets/Art/War/Units/V2/Cutouts/Move/war-unit-grenadier-v2/war-unit-grenadier-v2-move-right-03.png,128,128,2,"component 1 looks separated: area=131 ratio=0.04 dist=20.0 bbox=[42, 119, 60, 127] | large alpha touches frame edge: 1"
ok,Assets/Art/War/Units/V2/Cutouts/Move/war-unit-grenadier-v2/war-unit-grenadier-v2-move-up-00.png,128,128,1,large alpha touches frame edge: 0
ok,Assets/Art/War/Units/V2/Cutouts/Move/war-unit-grenadier-v2/war-unit-grenadier-v2-move-up-01.png,128,128,1,large alpha touches frame edge: 0
ok,Assets/Art/War/Units/V2/Cutouts/Move/war-unit-grenadier-v2/war-unit-grenadier-v2-move-up-02.png,128,128,1,large alpha touches frame edge: 0
ok,Assets/Art/War/Units/V2/Cutouts/Move/war-unit-grenadier-v2/war-unit-grenadier-v2-move-up-03.png,128,128,1,large alpha touches frame edge: 0
ok,Assets/Art/War/Units/V2/Cutouts/Move/war-unit-mg-gunner-v2/war-unit-mg-gunner-v2-move-down-00.png,128,128,1,
ok,Assets/Art/War/Units/V2/Cutouts/Move/war-unit-mg-gunner-v2/war-unit-mg-gunner-v2-move-down-01.png,128,128,1,
ok,Assets/Art/War/Units/V2/Cutouts/Move/war-unit-mg-gunner-v2/war-unit-mg-gunner-v2-move-down-02.png,128,128,1,
ok,Assets/Art/War/Units/V2/Cutouts/Move/war-unit-mg-gunner-v2/war-unit-mg-gunner-v2-move-down-03.png,128,128,1,
ok,Assets/Art/War/Units/V2/Cutouts/Move/war-unit-mg-gunner-v2/war-unit-mg-gunner-v2-move-left-00.png,128,128,1,
ok,Assets/Art/War/Units/V2/Cutouts/Move/war-unit-mg-gunner-v2/war-unit-mg-gunner-v2-move-left-01.png,128,128,1,
ok,Assets/Art/War/Units/V2/Cutouts/Move/war-unit-mg-gunner-v2/war-unit-mg-gunner-v2-move-left-02.png,128,128,1,
ok,Assets/Art/War/Units/V2/Cutouts/Move/war-unit-mg-gunner-v2/war-unit-mg-gunner-v2-move-left-03.png,128,128,1,
ok,Assets/Art/War/Units/V2/Cutouts/Move/war-unit-mg-gunner-v2/war-unit-mg-gunner-v2-move-right-00.png,128,128,2,
ok,Assets/Art/War/Units/V2/Cutouts/Move/war-unit-mg-gunner-v2/war-unit-mg-gunner-v2-move-right-01.png,128,128,2,
ok,Assets/Art/War/Units/V2/Cutouts/Move/war-unit-mg-gunner-v2/war-unit-mg-gunner-v2-move-right-02.png,128,128,2,
ok,Assets/Art/War/Units/V2/Cutouts/Move/war-unit-mg-gunner-v2/war-unit-mg-gunner-v2-move-right-03.png,128,128,2,
ok,Assets/Art/War/Units/V2/Cutouts/Move/war-unit-mg-gunner-v2/war-unit-mg-gunner-v2-move-up-00.png,128,128,1,large alpha touches frame edge: 0
ok,Assets/Art/War/Units/V2/Cutouts/Move/war-unit-mg-gunner-v2/war-unit-mg-gunner-v2-move-up-01.png,128,128,1,large alpha touches frame edge: 0
ok,Assets/Art/War/Units/V2/Cutouts/Move/war-unit-mg-gunner-v2/war-unit-mg-gunner-v2-move-up-02.png,128,128,1,large alpha touches frame edge: 0
ok,Assets/Art/War/Units/V2/Cutouts/Move/war-unit-mg-gunner-v2/war-unit-mg-gunner-v2-move-up-03.png,128,128,1,large alpha touches frame edge: 0
ok,Assets/Art/War/Units/V2/Cutouts/Move/war-unit-patrol-corporal-v2/war-unit-patrol-corporal-v2-move-down-00.png,128,256,1,large alpha touches frame edge: 0
ok,Assets/Art/War/Units/V2/Cutouts/Move/war-unit-patrol-corporal-v2/war-unit-patrol-corporal-v2-move-down-01.png,128,256,1,large alpha touches frame edge: 0
ok,Assets/Art/War/Units/V2/Cutouts/Move/war-unit-patrol-corporal-v2/war-unit-patrol-corporal-v2-move-down-02.png,128,256,1,large alpha touches frame edge: 0
ok,Assets/Art/War/Units/V2/Cutouts/Move/war-unit-patrol-corporal-v2/war-unit-patrol-corporal-v2-move-down-03.png,128,256,1,large alpha touches frame edge: 0
ok,Assets/Art/War/Units/V2/Cutouts/Move/war-unit-patrol-corporal-v2/war-unit-patrol-corporal-v2-move-left-00.png,128,256,1,large alpha touches frame edge: 0
ok,Assets/Art/War/Units/V2/Cutouts/Move/war-unit-patrol-corporal-v2/war-unit-patrol-corporal-v2-move-left-01.png,128,256,1,large alpha touches frame edge: 0
ok,Assets/Art/War/Units/V2/Cutouts/Move/war-unit-patrol-corporal-v2/war-unit-patrol-corporal-v2-move-left-02.png,128,256,1,large alpha touches frame edge: 0
ok,Assets/Art/War/Units/V2/Cutouts/Move/war-unit-patrol-corporal-v2/war-unit-patrol-corporal-v2-move-left-03.png,128,256,1,large alpha touches frame edge: 0
suspect,Assets/Art/War/Units/V2/Cutouts/Move/war-unit-patrol-corporal-v2/war-unit-patrol-corporal-v2-move-right-00.png,128,256,2,"component 1 looks separated: area=982 ratio=0.11 dist=39.0 bbox=[34, 217, 76, 247] | large alpha touches frame edge: 0"
suspect,Assets/Art/War/Units/V2/Cutouts/Move/war-unit-patrol-corporal-v2/war-unit-patrol-corporal-v2-move-right-01.png,128,256,2,"component 1 looks separated: area=982 ratio=0.11 dist=42.0 bbox=[32, 218, 74, 247] | large alpha touches frame edge: 0"
suspect,Assets/Art/War/Units/V2/Cutouts/Move/war-unit-patrol-corporal-v2/war-unit-patrol-corporal-v2-move-right-02.png,128,256,2,"component 1 looks separated: area=987 ratio=0.11 dist=40.0 bbox=[28, 217, 70, 247] | large alpha touches frame edge: 0"
suspect,Assets/Art/War/Units/V2/Cutouts/Move/war-unit-patrol-corporal-v2/war-unit-patrol-corporal-v2-move-right-03.png,128,256,2,"component 1 looks separated: area=986 ratio=0.11 dist=40.0 bbox=[34, 217, 76, 247] | large alpha touches frame edge: 0"
ok,Assets/Art/War/Units/V2/Cutouts/Move/war-unit-patrol-corporal-v2/war-unit-patrol-corporal-v2-move-up-00.png,128,256,1,large alpha touches frame edge: 0
ok,Assets/Art/War/Units/V2/Cutouts/Move/war-unit-patrol-corporal-v2/war-unit-patrol-corporal-v2-move-up-01.png,128,256,1,large alpha touches frame edge: 0
ok,Assets/Art/War/Units/V2/Cutouts/Move/war-unit-patrol-corporal-v2/war-unit-patrol-corporal-v2-move-up-02.png,128,256,1,large alpha touches frame edge: 0
ok,Assets/Art/War/Units/V2/Cutouts/Move/war-unit-patrol-corporal-v2/war-unit-patrol-corporal-v2-move-up-03.png,128,256,1,large alpha touches frame edge: 0
ok,Assets/Art/War/Units/V2/Cutouts/Move/war-unit-porter-v2/war-unit-porter-v2-move-down-00.png,128,128,1,
ok,Assets/Art/War/Units/V2/Cutouts/Move/war-unit-porter-v2/war-unit-porter-v2-move-down-01.png,128,128,1,
ok,Assets/Art/War/Units/V2/Cutouts/Move/war-unit-porter-v2/war-unit-porter-v2-move-down-02.png,128,128,1,
ok,Assets/Art/War/Units/V2/Cutouts/Move/war-unit-porter-v2/war-unit-porter-v2-move-down-03.png,128,128,1,
ok,Assets/Art/War/Units/V2/Cutouts/Move/war-unit-porter-v2/war-unit-porter-v2-move-left-00.png,128,128,1,
ok,Assets/Art/War/Units/V2/Cutouts/Move/war-unit-porter-v2/war-unit-porter-v2-move-left-01.png,128,128,1,
ok,Assets/Art/War/Units/V2/Cutouts/Move/war-unit-porter-v2/war-unit-porter-v2-move-left-02.png,128,128,1,
ok,Assets/Art/War/Units/V2/Cutouts/Move/war-unit-porter-v2/war-unit-porter-v2-move-left-03.png,128,128,1,
suspect,Assets/Art/War/Units/V2/Cutouts/Move/war-unit-porter-v2/war-unit-porter-v2-move-right-00.png,128,128,2,"component 1 looks separated: area=254 ratio=0.07 dist=15.0 bbox=[54, 114, 79, 127] | large alpha touches frame edge: 1"
suspect,Assets/Art/War/Units/V2/Cutouts/Move/war-unit-porter-v2/war-unit-porter-v2-move-right-01.png,128,128,2,"component 1 looks separated: area=255 ratio=0.07 dist=14.0 bbox=[46, 114, 71, 127] | large alpha touches frame edge: 1"
suspect,Assets/Art/War/Units/V2/Cutouts/Move/war-unit-porter-v2/war-unit-porter-v2-move-right-02.png,128,128,2,"component 1 looks separated: area=253 ratio=0.07 dist=13.0 bbox=[38, 114, 63, 127] | large alpha touches frame edge: 1"
suspect,Assets/Art/War/Units/V2/Cutouts/Move/war-unit-porter-v2/war-unit-porter-v2-move-right-03.png,128,128,2,"component 1 looks separated: area=254 ratio=0.07 dist=12.0 bbox=[28, 114, 52, 127] | large alpha touches frame edge: 1"
ok,Assets/Art/War/Units/V2/Cutouts/Move/war-unit-porter-v2/war-unit-porter-v2-move-up-00.png,128,128,1,large alpha touches frame edge: 0
ok,Assets/Art/War/Units/V2/Cutouts/Move/war-unit-porter-v2/war-unit-porter-v2-move-up-01.png,128,128,1,large alpha touches frame edge: 0
ok,Assets/Art/War/Units/V2/Cutouts/Move/war-unit-porter-v2/war-unit-porter-v2-move-up-02.png,128,128,1,large alpha touches frame edge: 0
ok,Assets/Art/War/Units/V2/Cutouts/Move/war-unit-porter-v2/war-unit-porter-v2-move-up-03.png,128,128,1,large alpha touches frame edge: 0
ok,Assets/Art/War/Units/V2/Cutouts/Move/war-unit-pressure-projector-v2/war-unit-pressure-projector-v2-move-down-00.png,128,128,1,
ok,Assets/Art/War/Units/V2/Cutouts/Move/war-unit-pressure-projector-v2/war-unit-pressure-projector-v2-move-down-01.png,128,128,1,
ok,Assets/Art/War/Units/V2/Cutouts/Move/war-unit-pressure-projector-v2/war-unit-pressure-projector-v2-move-down-02.png,128,128,1,
ok,Assets/Art/War/Units/V2/Cutouts/Move/war-unit-pressure-projector-v2/war-unit-pressure-projector-v2-move-down-03.png,128,128,1,
ok,Assets/Art/War/Units/V2/Cutouts/Move/war-unit-pressure-projector-v2/war-unit-pressure-projector-v2-move-left-00.png,128,128,1,
ok,Assets/Art/War/Units/V2/Cutouts/Move/war-unit-pressure-projector-v2/war-unit-pressure-projector-v2-move-left-01.png,128,128,1,
ok,Assets/Art/War/Units/V2/Cutouts/Move/war-unit-pressure-projector-v2/war-unit-pressure-projector-v2-move-left-02.png,128,128,1,
ok,Assets/Art/War/Units/V2/Cutouts/Move/war-unit-pressure-projector-v2/war-unit-pressure-projector-v2-move-left-03.png,128,128,1,
suspect,Assets/Art/War/Units/V2/Cutouts/Move/war-unit-pressure-projector-v2/war-unit-pressure-projector-v2-move-right-00.png,128,128,2,"component 1 looks separated: area=258 ratio=0.08 dist=25.0 bbox=[65, 112, 85, 127] | large alpha touches frame edge: 1"
suspect,Assets/Art/War/Units/V2/Cutouts/Move/war-unit-pressure-projector-v2/war-unit-pressure-projector-v2-move-right-01.png,128,128,2,"component 1 looks separated: area=251 ratio=0.08 dist=24.0 bbox=[53, 112, 74, 127] | large alpha touches frame edge: 1"
suspect,Assets/Art/War/Units/V2/Cutouts/Move/war-unit-pressure-projector-v2/war-unit-pressure-projector-v2-move-right-02.png,128,128,2,"component 1 looks separated: area=253 ratio=0.08 dist=24.0 bbox=[41, 112, 61, 127] | large alpha touches frame edge: 1"
suspect,Assets/Art/War/Units/V2/Cutouts/Move/war-unit-pressure-projector-v2/war-unit-pressure-projector-v2-move-right-03.png,128,128,2,"component 1 looks separated: area=251 ratio=0.08 dist=24.0 bbox=[29, 112, 49, 127] | large alpha touches frame edge: 1"
ok,Assets/Art/War/Units/V2/Cutouts/Move/war-unit-pressure-projector-v2/war-unit-pressure-projector-v2-move-up-00.png,128,128,1,large alpha touches frame edge: 0
ok,Assets/Art/War/Units/V2/Cutouts/Move/war-unit-pressure-projector-v2/war-unit-pressure-projector-v2-move-up-01.png,128,128,1,large alpha touches frame edge: 0
ok,Assets/Art/War/Units/V2/Cutouts/Move/war-unit-pressure-projector-v2/war-unit-pressure-projector-v2-move-up-02.png,128,128,1,large alpha touches frame edge: 0
ok,Assets/Art/War/Units/V2/Cutouts/Move/war-unit-pressure-projector-v2/war-unit-pressure-projector-v2-move-up-03.png,128,128,1,large alpha touches frame edge: 0
ok,Assets/Art/War/Units/V2/Cutouts/Move/war-unit-quartermaster-runner-v2/war-unit-quartermaster-runner-v2-move-down-00.png,128,256,1,
ok,Assets/Art/War/Units/V2/Cutouts/Move/war-unit-quartermaster-runner-v2/war-unit-quartermaster-runner-v2-move-down-01.png,128,256,1,
ok,Assets/Art/War/Units/V2/Cutouts/Move/war-unit-quartermaster-runner-v2/war-unit-quartermaster-runner-v2-move-down-02.png,128,256,1,
ok,Assets/Art/War/Units/V2/Cutouts/Move/war-unit-quartermaster-runner-v2/war-unit-quartermaster-runner-v2-move-down-03.png,128,256,1,
suspect,Assets/Art/War/Units/V2/Cutouts/Move/war-unit-quartermaster-runner-v2/war-unit-quartermaster-runner-v2-move-left-00.png,128,256,2,"component 1 looks separated: area=400 ratio=0.08 dist=40.0 bbox=[70, 231, 91, 255] | large alpha touches frame edge: 1"
suspect,Assets/Art/War/Units/V2/Cutouts/Move/war-unit-quartermaster-runner-v2/war-unit-quartermaster-runner-v2-move-left-01.png,128,256,2,"component 1 looks separated: area=383 ratio=0.08 dist=39.0 bbox=[55, 232, 76, 255] | large alpha touches frame edge: 1"
suspect,Assets/Art/War/Units/V2/Cutouts/Move/war-unit-quartermaster-runner-v2/war-unit-quartermaster-runner-v2-move-left-02.png,128,256,2,"component 1 looks separated: area=366 ratio=0.07 dist=39.0 bbox=[50, 233, 71, 255] | large alpha touches frame edge: 1"
suspect,Assets/Art/War/Units/V2/Cutouts/Move/war-unit-quartermaster-runner-v2/war-unit-quartermaster-runner-v2-move-left-03.png,128,256,2,"component 1 looks separated: area=383 ratio=0.08 dist=39.0 bbox=[38, 232, 59, 255] | large alpha touches frame edge: 1"
suspect,Assets/Art/War/Units/V2/Cutouts/Move/war-unit-quartermaster-runner-v2/war-unit-quartermaster-runner-v2-move-right-00.png,128,256,2,"component 1 looks separated: area=1809 ratio=0.45 dist=43.0 bbox=[57, 184, 95, 255] | large alpha touches frame edge: 0,1"
suspect,Assets/Art/War/Units/V2/Cutouts/Move/war-unit-quartermaster-runner-v2/war-unit-quartermaster-runner-v2-move-right-01.png,128,256,2,"component 1 looks separated: area=1822 ratio=0.44 dist=41.0 bbox=[43, 184, 81, 255] | large alpha touches frame edge: 0,1"
suspect,Assets/Art/War/Units/V2/Cutouts/Move/war-unit-quartermaster-runner-v2/war-unit-quartermaster-runner-v2-move-right-02.png,128,256,2,"component 1 looks separated: area=1715 ratio=0.41 dist=43.0 bbox=[34, 187, 72, 255] | large alpha touches frame edge: 0,1"
suspect,Assets/Art/War/Units/V2/Cutouts/Move/war-unit-quartermaster-runner-v2/war-unit-quartermaster-runner-v2-move-right-03.png,128,256,2,"component 1 looks separated: area=1708 ratio=0.41 dist=44.0 bbox=[24, 187, 62, 255] | large alpha touches frame edge: 0,1"
ok,Assets/Art/War/Units/V2/Cutouts/Move/war-unit-quartermaster-runner-v2/war-unit-quartermaster-runner-v2-move-up-00.png,128,256,1,large alpha touches frame edge: 0
ok,Assets/Art/War/Units/V2/Cutouts/Move/war-unit-quartermaster-runner-v2/war-unit-quartermaster-runner-v2-move-up-01.png,128,256,1,large alpha touches frame edge: 0
ok,Assets/Art/War/Units/V2/Cutouts/Move/war-unit-quartermaster-runner-v2/war-unit-quartermaster-runner-v2-move-up-02.png,128,256,1,large alpha touches frame edge: 0
ok,Assets/Art/War/Units/V2/Cutouts/Move/war-unit-quartermaster-runner-v2/war-unit-quartermaster-runner-v2-move-up-03.png,128,256,1,large alpha touches frame edge: 0
ok,Assets/Art/War/Units/V2/Cutouts/Move/war-unit-rifleman-v2/war-unit-rifleman-v2-move-down-00.png,128,128,1,
ok,Assets/Art/War/Units/V2/Cutouts/Move/war-unit-rifleman-v2/war-unit-rifleman-v2-move-down-01.png,128,128,1,
ok,Assets/Art/War/Units/V2/Cutouts/Move/war-unit-rifleman-v2/war-unit-rifleman-v2-move-down-02.png,128,128,1,
ok,Assets/Art/War/Units/V2/Cutouts/Move/war-unit-rifleman-v2/war-unit-rifleman-v2-move-down-03.png,128,128,1,
suspect,Assets/Art/War/Units/V2/Cutouts/Move/war-unit-rifleman-v2/war-unit-rifleman-v2-move-left-00.png,128,128,2,"component 1 looks separated: area=222 ratio=0.09 dist=25.0 bbox=[68, 116, 93, 127] | large alpha touches frame edge: 1"
suspect,Assets/Art/War/Units/V2/Cutouts/Move/war-unit-rifleman-v2/war-unit-rifleman-v2-move-left-01.png,128,128,2,"component 1 looks separated: area=210 ratio=0.08 dist=26.0 bbox=[54, 117, 77, 127] | large alpha touches frame edge: 1"
suspect,Assets/Art/War/Units/V2/Cutouts/Move/war-unit-rifleman-v2/war-unit-rifleman-v2-move-left-02.png,128,128,2,"component 1 looks separated: area=222 ratio=0.08 dist=28.0 bbox=[44, 116, 69, 127] | large alpha touches frame edge: 1"
suspect,Assets/Art/War/Units/V2/Cutouts/Move/war-unit-rifleman-v2/war-unit-rifleman-v2-move-left-03.png,128,128,2,"component 1 looks separated: area=205 ratio=0.08 dist=29.0 bbox=[30, 117, 53, 127] | large alpha touches frame edge: 1"
suspect,Assets/Art/War/Units/V2/Cutouts/Move/war-unit-rifleman-v2/war-unit-rifleman-v2-move-right-00.png,128,128,2,"component 1 looks separated: area=429 ratio=0.18 dist=35.0 bbox=[64, 108, 91, 127] | large alpha touches frame edge: 0,1"
suspect,Assets/Art/War/Units/V2/Cutouts/Move/war-unit-rifleman-v2/war-unit-rifleman-v2-move-right-01.png,128,128,2,"component 1 looks separated: area=445 ratio=0.18 dist=33.0 bbox=[52, 107, 79, 127] | large alpha touches frame edge: 0,1"
suspect,Assets/Art/War/Units/V2/Cutouts/Move/war-unit-rifleman-v2/war-unit-rifleman-v2-move-right-02.png,128,128,2,"component 1 looks separated: area=425 ratio=0.18 dist=34.0 bbox=[40, 108, 67, 127] | large alpha touches frame edge: 0,1"
suspect,Assets/Art/War/Units/V2/Cutouts/Move/war-unit-rifleman-v2/war-unit-rifleman-v2-move-right-03.png,128,128,2,"component 1 looks separated: area=404 ratio=0.17 dist=37.0 bbox=[27, 109, 54, 127] | large alpha touches frame edge: 0,1"
ok,Assets/Art/War/Units/V2/Cutouts/Move/war-unit-rifleman-v2/war-unit-rifleman-v2-move-up-00.png,128,128,1,large alpha touches frame edge: 0
ok,Assets/Art/War/Units/V2/Cutouts/Move/war-unit-rifleman-v2/war-unit-rifleman-v2-move-up-01.png,128,128,1,large alpha touches frame edge: 0
ok,Assets/Art/War/Units/V2/Cutouts/Move/war-unit-rifleman-v2/war-unit-rifleman-v2-move-up-02.png,128,128,1,large alpha touches frame edge: 0
ok,Assets/Art/War/Units/V2/Cutouts/Move/war-unit-rifleman-v2/war-unit-rifleman-v2-move-up-03.png,128,128,1,large alpha touches frame edge: 0
ok,Assets/Art/War/Units/V2/Cutouts/Move/war-unit-sapper-v2/war-unit-sapper-v2-move-down-00.png,128,128,1,
ok,Assets/Art/War/Units/V2/Cutouts/Move/war-unit-sapper-v2/war-unit-sapper-v2-move-down-01.png,128,128,1,
ok,Assets/Art/War/Units/V2/Cutouts/Move/war-unit-sapper-v2/war-unit-sapper-v2-move-down-02.png,128,128,1,
ok,Assets/Art/War/Units/V2/Cutouts/Move/war-unit-sapper-v2/war-unit-sapper-v2-move-down-03.png,128,128,1,
suspect,Assets/Art/War/Units/V2/Cutouts/Move/war-unit-sapper-v2/war-unit-sapper-v2-move-left-00.png,128,128,2,"component 1 looks separated: area=193 ratio=0.07 dist=26.0 bbox=[66, 117, 89, 127] | large alpha touches frame edge: 1"
suspect,Assets/Art/War/Units/V2/Cutouts/Move/war-unit-sapper-v2/war-unit-sapper-v2-move-left-01.png,128,128,2,"component 1 looks separated: area=161 ratio=0.06 dist=24.0 bbox=[52, 118, 73, 127] | large alpha touches frame edge: 1"
suspect,Assets/Art/War/Units/V2/Cutouts/Move/war-unit-sapper-v2/war-unit-sapper-v2-move-left-02.png,128,128,2,"component 1 looks separated: area=130 ratio=0.05 dist=27.0 bbox=[53, 119, 70, 127] | large alpha touches frame edge: 1"
suspect,Assets/Art/War/Units/V2/Cutouts/Move/war-unit-sapper-v2/war-unit-sapper-v2-move-left-03.png,128,128,2,"component 1 looks separated: area=104 ratio=0.04 dist=26.0 bbox=[44, 121, 61, 127] | large alpha touches frame edge: 1"
suspect,Assets/Art/War/Units/V2/Cutouts/Move/war-unit-sapper-v2/war-unit-sapper-v2-move-right-00.png,128,128,2,"component 1 looks separated: area=756 ratio=0.31 dist=22.0 bbox=[56, 98, 94, 127] | large alpha touches frame edge: 0,1"
suspect,Assets/Art/War/Units/V2/Cutouts/Move/war-unit-sapper-v2/war-unit-sapper-v2-move-right-01.png,128,128,2,"component 1 looks separated: area=788 ratio=0.31 dist=20.0 bbox=[42, 97, 80, 127] | large alpha touches frame edge: 0,1"
suspect,Assets/Art/War/Units/V2/Cutouts/Move/war-unit-sapper-v2/war-unit-sapper-v2-move-right-02.png,128,128,2,"component 1 looks separated: area=695 ratio=0.28 dist=21.0 bbox=[39, 99, 75, 127] | large alpha touches frame edge: 0,1"
suspect,Assets/Art/War/Units/V2/Cutouts/Move/war-unit-sapper-v2/war-unit-sapper-v2-move-right-03.png,128,128,2,"component 1 looks separated: area=626 ratio=0.25 dist=22.0 bbox=[31, 101, 67, 127] | large alpha touches frame edge: 0,1"
ok,Assets/Art/War/Units/V2/Cutouts/Move/war-unit-sapper-v2/war-unit-sapper-v2-move-up-00.png,128,128,1,large alpha touches frame edge: 0
ok,Assets/Art/War/Units/V2/Cutouts/Move/war-unit-sapper-v2/war-unit-sapper-v2-move-up-01.png,128,128,1,large alpha touches frame edge: 0
ok,Assets/Art/War/Units/V2/Cutouts/Move/war-unit-sapper-v2/war-unit-sapper-v2-move-up-02.png,128,128,1,large alpha touches frame edge: 0
ok,Assets/Art/War/Units/V2/Cutouts/Move/war-unit-sapper-v2/war-unit-sapper-v2-move-up-03.png,128,128,1,large alpha touches frame edge: 0
ok,Assets/Art/War/Units/V2/Cutouts/Move/war-unit-scout-v2/war-unit-scout-v2-move-down-00.png,128,128,1,
ok,Assets/Art/War/Units/V2/Cutouts/Move/war-unit-scout-v2/war-unit-scout-v2-move-down-01.png,128,128,1,
ok,Assets/Art/War/Units/V2/Cutouts/Move/war-unit-scout-v2/war-unit-scout-v2-move-down-02.png,128,128,1,
ok,Assets/Art/War/Units/V2/Cutouts/Move/war-unit-scout-v2/war-unit-scout-v2-move-down-03.png,128,128,1,
ok,Assets/Art/War/Units/V2/Cutouts/Move/war-unit-scout-v2/war-unit-scout-v2-move-left-00.png,128,128,1,
ok,Assets/Art/War/Units/V2/Cutouts/Move/war-unit-scout-v2/war-unit-scout-v2-move-left-01.png,128,128,1,
ok,Assets/Art/War/Units/V2/Cutouts/Move/war-unit-scout-v2/war-unit-scout-v2-move-left-02.png,128,128,1,
ok,Assets/Art/War/Units/V2/Cutouts/Move/war-unit-scout-v2/war-unit-scout-v2-move-left-03.png,128,128,1,
suspect,Assets/Art/War/Units/V2/Cutouts/Move/war-unit-scout-v2/war-unit-scout-v2-move-right-00.png,128,128,2,"component 1 looks separated: area=86 ratio=0.03 dist=37.0 bbox=[65, 122, 83, 127] | large alpha touches frame edge: 0,1"
suspect,Assets/Art/War/Units/V2/Cutouts/Move/war-unit-scout-v2/war-unit-scout-v2-move-right-01.png,128,128,2,large alpha touches frame edge: 0
suspect,Assets/Art/War/Units/V2/Cutouts/Move/war-unit-scout-v2/war-unit-scout-v2-move-right-02.png,128,128,2,large alpha touches frame edge: 0
suspect,Assets/Art/War/Units/V2/Cutouts/Move/war-unit-scout-v2/war-unit-scout-v2-move-right-03.png,128,128,2,large alpha touches frame edge: 0
ok,Assets/Art/War/Units/V2/Cutouts/Move/war-unit-scout-v2/war-unit-scout-v2-move-up-00.png,128,128,1,large alpha touches frame edge: 0
ok,Assets/Art/War/Units/V2/Cutouts/Move/war-unit-scout-v2/war-unit-scout-v2-move-up-01.png,128,128,1,large alpha touches frame edge: 0
ok,Assets/Art/War/Units/V2/Cutouts/Move/war-unit-scout-v2/war-unit-scout-v2-move-up-02.png,128,128,1,large alpha touches frame edge: 0
ok,Assets/Art/War/Units/V2/Cutouts/Move/war-unit-scout-v2/war-unit-scout-v2-move-up-03.png,128,128,1,large alpha touches frame edge: 0
ok,Assets/Art/War/Units/V2/Cutouts/Move/war-unit-senior-surgeon-v2/war-unit-senior-surgeon-v2-move-down-00.png,128,256,1,
ok,Assets/Art/War/Units/V2/Cutouts/Move/war-unit-senior-surgeon-v2/war-unit-senior-surgeon-v2-move-down-01.png,128,256,1,
ok,Assets/Art/War/Units/V2/Cutouts/Move/war-unit-senior-surgeon-v2/war-unit-senior-surgeon-v2-move-down-02.png,128,256,1,
ok,Assets/Art/War/Units/V2/Cutouts/Move/war-unit-senior-surgeon-v2/war-unit-senior-surgeon-v2-move-down-03.png,128,256,1,
ok,Assets/Art/War/Units/V2/Cutouts/Move/war-unit-senior-surgeon-v2/war-unit-senior-surgeon-v2-move-left-00.png,128,256,1,
ok,Assets/Art/War/Units/V2/Cutouts/Move/war-unit-senior-surgeon-v2/war-unit-senior-surgeon-v2-move-left-01.png,128,256,1,
ok,Assets/Art/War/Units/V2/Cutouts/Move/war-unit-senior-surgeon-v2/war-unit-senior-surgeon-v2-move-left-02.png,128,256,1,
ok,Assets/Art/War/Units/V2/Cutouts/Move/war-unit-senior-surgeon-v2/war-unit-senior-surgeon-v2-move-left-03.png,128,256,1,
ok,Assets/Art/War/Units/V2/Cutouts/Move/war-unit-senior-surgeon-v2/war-unit-senior-surgeon-v2-move-right-00.png,128,256,1,
ok,Assets/Art/War/Units/V2/Cutouts/Move/war-unit-senior-surgeon-v2/war-unit-senior-surgeon-v2-move-right-01.png,128,256,2,
ok,Assets/Art/War/Units/V2/Cutouts/Move/war-unit-senior-surgeon-v2/war-unit-senior-surgeon-v2-move-right-02.png,128,256,2,
ok,Assets/Art/War/Units/V2/Cutouts/Move/war-unit-senior-surgeon-v2/war-unit-senior-surgeon-v2-move-right-03.png,128,256,1,
ok,Assets/Art/War/Units/V2/Cutouts/Move/war-unit-senior-surgeon-v2/war-unit-senior-surgeon-v2-move-up-00.png,128,256,1,
ok,Assets/Art/War/Units/V2/Cutouts/Move/war-unit-senior-surgeon-v2/war-unit-senior-surgeon-v2-move-up-01.png,128,256,1,
ok,Assets/Art/War/Units/V2/Cutouts/Move/war-unit-senior-surgeon-v2/war-unit-senior-surgeon-v2-move-up-02.png,128,256,1,
ok,Assets/Art/War/Units/V2/Cutouts/Move/war-unit-senior-surgeon-v2/war-unit-senior-surgeon-v2-move-up-03.png,128,256,1,
ok,Assets/Art/War/Units/V2/Cutouts/Move/war-unit-shell-runner-v2/war-unit-shell-runner-v2-move-down-00.png,128,128,1,
ok,Assets/Art/War/Units/V2/Cutouts/Move/war-unit-shell-runner-v2/war-unit-shell-runner-v2-move-down-01.png,128,128,1,
ok,Assets/Art/War/Units/V2/Cutouts/Move/war-unit-shell-runner-v2/war-unit-shell-runner-v2-move-down-02.png,128,128,1,
ok,Assets/Art/War/Units/V2/Cutouts/Move/war-unit-shell-runner-v2/war-unit-shell-runner-v2-move-down-03.png,128,128,1,
ok,Assets/Art/War/Units/V2/Cutouts/Move/war-unit-shell-runner-v2/war-unit-shell-runner-v2-move-left-00.png,128,128,1,
ok,Assets/Art/War/Units/V2/Cutouts/Move/war-unit-shell-runner-v2/war-unit-shell-runner-v2-move-left-01.png,128,128,1,
ok,Assets/Art/War/Units/V2/Cutouts/Move/war-unit-shell-runner-v2/war-unit-shell-runner-v2-move-left-02.png,128,128,1,
ok,Assets/Art/War/Units/V2/Cutouts/Move/war-unit-shell-runner-v2/war-unit-shell-runner-v2-move-left-03.png,128,128,1,
suspect,Assets/Art/War/Units/V2/Cutouts/Move/war-unit-shell-runner-v2/war-unit-shell-runner-v2-move-right-00.png,128,128,2,"component 1 looks separated: area=143 ratio=0.05 dist=25.0 bbox=[66, 119, 85, 127] | large alpha touches frame edge: 1"
suspect,Assets/Art/War/Units/V2/Cutouts/Move/war-unit-shell-runner-v2/war-unit-shell-runner-v2-move-right-01.png,128,128,2,"component 1 looks separated: area=113 ratio=0.03 dist=27.0 bbox=[58, 121, 77, 127] | large alpha touches frame edge: 1"
suspect,Assets/Art/War/Units/V2/Cutouts/Move/war-unit-shell-runner-v2/war-unit-shell-runner-v2-move-right-02.png,128,128,2,"component 1 looks separated: area=144 ratio=0.04 dist=25.0 bbox=[48, 119, 67, 127] | large alpha touches frame edge: 1"
suspect,Assets/Art/War/Units/V2/Cutouts/Move/war-unit-shell-runner-v2/war-unit-shell-runner-v2-move-right-03.png,128,128,2,"component 1 looks separated: area=168 ratio=0.05 dist=23.0 bbox=[37, 118, 57, 127] | large alpha touches frame edge: 1"
ok,Assets/Art/War/Units/V2/Cutouts/Move/war-unit-shell-runner-v2/war-unit-shell-runner-v2-move-up-00.png,128,128,1,large alpha touches frame edge: 0
ok,Assets/Art/War/Units/V2/Cutouts/Move/war-unit-shell-runner-v2/war-unit-shell-runner-v2-move-up-01.png,128,128,1,large alpha touches frame edge: 0
ok,Assets/Art/War/Units/V2/Cutouts/Move/war-unit-shell-runner-v2/war-unit-shell-runner-v2-move-up-02.png,128,128,1,large alpha touches frame edge: 0
ok,Assets/Art/War/Units/V2/Cutouts/Move/war-unit-shell-runner-v2/war-unit-shell-runner-v2-move-up-03.png,128,128,1,large alpha touches frame edge: 0
ok,Assets/Art/War/Units/V2/Cutouts/Move/war-unit-siege-mortar-artificer-v2/war-unit-siege-mortar-artificer-v2-move-down-00.png,128,128,1,
ok,Assets/Art/War/Units/V2/Cutouts/Move/war-unit-siege-mortar-artificer-v2/war-unit-siege-mortar-artificer-v2-move-down-01.png,128,128,1,
ok,Assets/Art/War/Units/V2/Cutouts/Move/war-unit-siege-mortar-artificer-v2/war-unit-siege-mortar-artificer-v2-move-down-02.png,128,128,1,
ok,Assets/Art/War/Units/V2/Cutouts/Move/war-unit-siege-mortar-artificer-v2/war-unit-siege-mortar-artificer-v2-move-down-03.png,128,128,1,
ok,Assets/Art/War/Units/V2/Cutouts/Move/war-unit-siege-mortar-artificer-v2/war-unit-siege-mortar-artificer-v2-move-left-00.png,128,128,1,
ok,Assets/Art/War/Units/V2/Cutouts/Move/war-unit-siege-mortar-artificer-v2/war-unit-siege-mortar-artificer-v2-move-left-01.png,128,128,1,
ok,Assets/Art/War/Units/V2/Cutouts/Move/war-unit-siege-mortar-artificer-v2/war-unit-siege-mortar-artificer-v2-move-left-02.png,128,128,1,
ok,Assets/Art/War/Units/V2/Cutouts/Move/war-unit-siege-mortar-artificer-v2/war-unit-siege-mortar-artificer-v2-move-left-03.png,128,128,1,
ok,Assets/Art/War/Units/V2/Cutouts/Move/war-unit-siege-mortar-artificer-v2/war-unit-siege-mortar-artificer-v2-move-right-00.png,128,128,2,
ok,Assets/Art/War/Units/V2/Cutouts/Move/war-unit-siege-mortar-artificer-v2/war-unit-siege-mortar-artificer-v2-move-right-01.png,128,128,2,
ok,Assets/Art/War/Units/V2/Cutouts/Move/war-unit-siege-mortar-artificer-v2/war-unit-siege-mortar-artificer-v2-move-right-02.png,128,128,2,
ok,Assets/Art/War/Units/V2/Cutouts/Move/war-unit-siege-mortar-artificer-v2/war-unit-siege-mortar-artificer-v2-move-right-03.png,128,128,2,
ok,Assets/Art/War/Units/V2/Cutouts/Move/war-unit-siege-mortar-artificer-v2/war-unit-siege-mortar-artificer-v2-move-up-00.png,128,128,1,large alpha touches frame edge: 0
ok,Assets/Art/War/Units/V2/Cutouts/Move/war-unit-siege-mortar-artificer-v2/war-unit-siege-mortar-artificer-v2-move-up-01.png,128,128,1,large alpha touches frame edge: 0
ok,Assets/Art/War/Units/V2/Cutouts/Move/war-unit-siege-mortar-artificer-v2/war-unit-siege-mortar-artificer-v2-move-up-02.png,128,128,1,large alpha touches frame edge: 0
ok,Assets/Art/War/Units/V2/Cutouts/Move/war-unit-siege-mortar-artificer-v2/war-unit-siege-mortar-artificer-v2-move-up-03.png,128,128,1,large alpha touches frame edge: 0
ok,Assets/Art/War/Units/V2/Cutouts/Move/war-unit-signaller-v2/war-unit-signaller-v2-move-down-00.png,128,128,1,
ok,Assets/Art/War/Units/V2/Cutouts/Move/war-unit-signaller-v2/war-unit-signaller-v2-move-down-01.png,128,128,1,
ok,Assets/Art/War/Units/V2/Cutouts/Move/war-unit-signaller-v2/war-unit-signaller-v2-move-down-02.png,128,128,1,
ok,Assets/Art/War/Units/V2/Cutouts/Move/war-unit-signaller-v2/war-unit-signaller-v2-move-down-03.png,128,128,1,
ok,Assets/Art/War/Units/V2/Cutouts/Move/war-unit-signaller-v2/war-unit-signaller-v2-move-left-00.png,128,128,1,
ok,Assets/Art/War/Units/V2/Cutouts/Move/war-unit-signaller-v2/war-unit-signaller-v2-move-left-01.png,128,128,1,
ok,Assets/Art/War/Units/V2/Cutouts/Move/war-unit-signaller-v2/war-unit-signaller-v2-move-left-02.png,128,128,1,
ok,Assets/Art/War/Units/V2/Cutouts/Move/war-unit-signaller-v2/war-unit-signaller-v2-move-left-03.png,128,128,1,
suspect,Assets/Art/War/Units/V2/Cutouts/Move/war-unit-signaller-v2/war-unit-signaller-v2-move-right-00.png,128,128,2,"component 1 looks separated: area=278 ratio=0.08 dist=17.0 bbox=[60, 112, 81, 127] | large alpha touches frame edge: 1"
suspect,Assets/Art/War/Units/V2/Cutouts/Move/war-unit-signaller-v2/war-unit-signaller-v2-move-right-01.png,128,128,2,"component 1 looks separated: area=268 ratio=0.08 dist=17.0 bbox=[54, 113, 76, 127] | large alpha touches frame edge: 1"
suspect,Assets/Art/War/Units/V2/Cutouts/Move/war-unit-signaller-v2/war-unit-signaller-v2-move-right-02.png,128,128,2,"component 1 looks separated: area=294 ratio=0.09 dist=15.0 bbox=[50, 111, 72, 127] | large alpha touches frame edge: 1"
suspect,Assets/Art/War/Units/V2/Cutouts/Move/war-unit-signaller-v2/war-unit-signaller-v2-move-right-03.png,128,128,2,"component 1 looks separated: area=269 ratio=0.08 dist=17.0 bbox=[41, 112, 63, 127] | large alpha touches frame edge: 1"
ok,Assets/Art/War/Units/V2/Cutouts/Move/war-unit-signaller-v2/war-unit-signaller-v2-move-up-00.png,128,128,1,large alpha touches frame edge: 0
ok,Assets/Art/War/Units/V2/Cutouts/Move/war-unit-signaller-v2/war-unit-signaller-v2-move-up-01.png,128,128,1,large alpha touches frame edge: 0
ok,Assets/Art/War/Units/V2/Cutouts/Move/war-unit-signaller-v2/war-unit-signaller-v2-move-up-02.png,128,128,1,large alpha touches frame edge: 0
ok,Assets/Art/War/Units/V2/Cutouts/Move/war-unit-signaller-v2/war-unit-signaller-v2-move-up-03.png,128,128,1,large alpha touches frame edge: 0
ok,Assets/Art/War/Units/V2/Cutouts/Move/war-unit-stretcher-bearer-v2/war-unit-stretcher-bearer-v2-move-down-00.png,128,128,1,
ok,Assets/Art/War/Units/V2/Cutouts/Move/war-unit-stretcher-bearer-v2/war-unit-stretcher-bearer-v2-move-down-01.png,128,128,1,
ok,Assets/Art/War/Units/V2/Cutouts/Move/war-unit-stretcher-bearer-v2/war-unit-stretcher-bearer-v2-move-down-02.png,128,128,1,
ok,Assets/Art/War/Units/V2/Cutouts/Move/war-unit-stretcher-bearer-v2/war-unit-stretcher-bearer-v2-move-down-03.png,128,128,1,
ok,Assets/Art/War/Units/V2/Cutouts/Move/war-unit-stretcher-bearer-v2/war-unit-stretcher-bearer-v2-move-left-00.png,128,128,1,
ok,Assets/Art/War/Units/V2/Cutouts/Move/war-unit-stretcher-bearer-v2/war-unit-stretcher-bearer-v2-move-left-01.png,128,128,1,
ok,Assets/Art/War/Units/V2/Cutouts/Move/war-unit-stretcher-bearer-v2/war-unit-stretcher-bearer-v2-move-left-02.png,128,128,1,
ok,Assets/Art/War/Units/V2/Cutouts/Move/war-unit-stretcher-bearer-v2/war-unit-stretcher-bearer-v2-move-left-03.png,128,128,1,
suspect,Assets/Art/War/Units/V2/Cutouts/Move/war-unit-stretcher-bearer-v2/war-unit-stretcher-bearer-v2-move-right-00.png,128,128,2,"component 1 looks separated: area=163 ratio=0.04 dist=27.0 bbox=[60, 118, 82, 127] | large alpha touches frame edge: 1"
suspect,Assets/Art/War/Units/V2/Cutouts/Move/war-unit-stretcher-bearer-v2/war-unit-stretcher-bearer-v2-move-right-01.png,128,128,2,"component 1 looks separated: area=185 ratio=0.04 dist=28.0 bbox=[47, 119, 75, 127] | large alpha touches frame edge: 1"
suspect,Assets/Art/War/Units/V2/Cutouts/Move/war-unit-stretcher-bearer-v2/war-unit-stretcher-bearer-v2-move-right-02.png,128,128,3,"component 1 looks separated: area=186 ratio=0.04 dist=28.0 bbox=[35, 119, 64, 127] | large alpha touches frame edge: 1"
suspect,Assets/Art/War/Units/V2/Cutouts/Move/war-unit-stretcher-bearer-v2/war-unit-stretcher-bearer-v2-move-right-03.png,128,128,2,"component 1 looks separated: area=172 ratio=0.04 dist=28.0 bbox=[25, 119, 53, 127] | large alpha touches frame edge: 0,1"
ok,Assets/Art/War/Units/V2/Cutouts/Move/war-unit-stretcher-bearer-v2/war-unit-stretcher-bearer-v2-move-up-00.png,128,128,1,large alpha touches frame edge: 0
ok,Assets/Art/War/Units/V2/Cutouts/Move/war-unit-stretcher-bearer-v2/war-unit-stretcher-bearer-v2-move-up-01.png,128,128,1,large alpha touches frame edge: 0
ok,Assets/Art/War/Units/V2/Cutouts/Move/war-unit-stretcher-bearer-v2/war-unit-stretcher-bearer-v2-move-up-02.png,128,128,1,large alpha touches frame edge: 0
ok,Assets/Art/War/Units/V2/Cutouts/Move/war-unit-stretcher-bearer-v2/war-unit-stretcher-bearer-v2-move-up-03.png,128,128,1,large alpha touches frame edge: 0
ok,Assets/Art/War/Units/V2/Cutouts/Move/war-unit-supply-officer-v2/war-unit-supply-officer-v2-move-down-00.png,128,256,1,
ok,Assets/Art/War/Units/V2/Cutouts/Move/war-unit-supply-officer-v2/war-unit-supply-officer-v2-move-down-01.png,128,256,1,
ok,Assets/Art/War/Units/V2/Cutouts/Move/war-unit-supply-officer-v2/war-unit-supply-officer-v2-move-down-02.png,128,256,1,
ok,Assets/Art/War/Units/V2/Cutouts/Move/war-unit-supply-officer-v2/war-unit-supply-officer-v2-move-down-03.png,128,256,1,
suspect,Assets/Art/War/Units/V2/Cutouts/Move/war-unit-supply-officer-v2/war-unit-supply-officer-v2-move-left-00.png,128,256,2,"component 1 looks separated: area=400 ratio=0.08 dist=40.0 bbox=[70, 231, 91, 255] | large alpha touches frame edge: 1"
suspect,Assets/Art/War/Units/V2/Cutouts/Move/war-unit-supply-officer-v2/war-unit-supply-officer-v2-move-left-01.png,128,256,2,"component 1 looks separated: area=383 ratio=0.08 dist=39.0 bbox=[55, 232, 76, 255] | large alpha touches frame edge: 1"
suspect,Assets/Art/War/Units/V2/Cutouts/Move/war-unit-supply-officer-v2/war-unit-supply-officer-v2-move-left-02.png,128,256,2,"component 1 looks separated: area=366 ratio=0.07 dist=39.0 bbox=[50, 233, 71, 255] | large alpha touches frame edge: 1"
suspect,Assets/Art/War/Units/V2/Cutouts/Move/war-unit-supply-officer-v2/war-unit-supply-officer-v2-move-left-03.png,128,256,2,"component 1 looks separated: area=383 ratio=0.07 dist=39.0 bbox=[38, 232, 59, 255] | large alpha touches frame edge: 1"
suspect,Assets/Art/War/Units/V2/Cutouts/Move/war-unit-supply-officer-v2/war-unit-supply-officer-v2-move-right-00.png,128,256,2,"component 1 looks separated: area=1809 ratio=0.41 dist=43.0 bbox=[57, 184, 95, 255] | large alpha touches frame edge: 0,1"
suspect,Assets/Art/War/Units/V2/Cutouts/Move/war-unit-supply-officer-v2/war-unit-supply-officer-v2-move-right-01.png,128,256,2,"component 1 looks separated: area=1822 ratio=0.41 dist=41.0 bbox=[43, 184, 81, 255] | large alpha touches frame edge: 0,1"
suspect,Assets/Art/War/Units/V2/Cutouts/Move/war-unit-supply-officer-v2/war-unit-supply-officer-v2-move-right-02.png,128,256,2,"component 1 looks separated: area=1715 ratio=0.38 dist=43.0 bbox=[34, 187, 72, 255] | large alpha touches frame edge: 0,1"
suspect,Assets/Art/War/Units/V2/Cutouts/Move/war-unit-supply-officer-v2/war-unit-supply-officer-v2-move-right-03.png,128,256,2,"component 1 looks separated: area=1708 ratio=0.38 dist=44.0 bbox=[24, 187, 62, 255] | large alpha touches frame edge: 0,1"
ok,Assets/Art/War/Units/V2/Cutouts/Move/war-unit-supply-officer-v2/war-unit-supply-officer-v2-move-up-00.png,128,256,1,large alpha touches frame edge: 0
ok,Assets/Art/War/Units/V2/Cutouts/Move/war-unit-supply-officer-v2/war-unit-supply-officer-v2-move-up-01.png,128,256,1,large alpha touches frame edge: 0
ok,Assets/Art/War/Units/V2/Cutouts/Move/war-unit-supply-officer-v2/war-unit-supply-officer-v2-move-up-02.png,128,256,1,large alpha touches frame edge: 0
ok,Assets/Art/War/Units/V2/Cutouts/Move/war-unit-supply-officer-v2/war-unit-supply-officer-v2-move-up-03.png,128,256,1,large alpha touches frame edge: 0
ok,Assets/Art/War/Units/V2/Cutouts/Move/war-unit-trench-lieutenant-v2/war-unit-trench-lieutenant-v2-move-down-00.png,128,256,1,
ok,Assets/Art/War/Units/V2/Cutouts/Move/war-unit-trench-lieutenant-v2/war-unit-trench-lieutenant-v2-move-down-01.png,128,256,1,
ok,Assets/Art/War/Units/V2/Cutouts/Move/war-unit-trench-lieutenant-v2/war-unit-trench-lieutenant-v2-move-down-02.png,128,256,1,
ok,Assets/Art/War/Units/V2/Cutouts/Move/war-unit-trench-lieutenant-v2/war-unit-trench-lieutenant-v2-move-down-03.png,128,256,1,
ok,Assets/Art/War/Units/V2/Cutouts/Move/war-unit-trench-lieutenant-v2/war-unit-trench-lieutenant-v2-move-left-00.png,128,256,1,
ok,Assets/Art/War/Units/V2/Cutouts/Move/war-unit-trench-lieutenant-v2/war-unit-trench-lieutenant-v2-move-left-01.png,128,256,1,
ok,Assets/Art/War/Units/V2/Cutouts/Move/war-unit-trench-lieutenant-v2/war-unit-trench-lieutenant-v2-move-left-02.png,128,256,1,
ok,Assets/Art/War/Units/V2/Cutouts/Move/war-unit-trench-lieutenant-v2/war-unit-trench-lieutenant-v2-move-left-03.png,128,256,1,
ok,Assets/Art/War/Units/V2/Cutouts/Move/war-unit-trench-lieutenant-v2/war-unit-trench-lieutenant-v2-move-right-00.png,128,256,1,
ok,Assets/Art/War/Units/V2/Cutouts/Move/war-unit-trench-lieutenant-v2/war-unit-trench-lieutenant-v2-move-right-01.png,128,256,1,
ok,Assets/Art/War/Units/V2/Cutouts/Move/war-unit-trench-lieutenant-v2/war-unit-trench-lieutenant-v2-move-right-02.png,128,256,1,
ok,Assets/Art/War/Units/V2/Cutouts/Move/war-unit-trench-lieutenant-v2/war-unit-trench-lieutenant-v2-move-right-03.png,128,256,1,
ok,Assets/Art/War/Units/V2/Cutouts/Move/war-unit-trench-lieutenant-v2/war-unit-trench-lieutenant-v2-move-up-00.png,128,256,1,
ok,Assets/Art/War/Units/V2/Cutouts/Move/war-unit-trench-lieutenant-v2/war-unit-trench-lieutenant-v2-move-up-01.png,128,256,1,
ok,Assets/Art/War/Units/V2/Cutouts/Move/war-unit-trench-lieutenant-v2/war-unit-trench-lieutenant-v2-move-up-02.png,128,256,1,
ok,Assets/Art/War/Units/V2/Cutouts/Move/war-unit-trench-lieutenant-v2/war-unit-trench-lieutenant-v2-move-up-03.png,128,256,1,
ok,Assets/Art/War/Units/V2/Cutouts/Move/war-unit-trench-marksman-v2/war-unit-trench-marksman-v2-move-down-00.png,128,128,1,large alpha touches frame edge: 0
ok,Assets/Art/War/Units/V2/Cutouts/Move/war-unit-trench-marksman-v2/war-unit-trench-marksman-v2-move-down-01.png,128,128,1,
ok,Assets/Art/War/Units/V2/Cutouts/Move/war-unit-trench-marksman-v2/war-unit-trench-marksman-v2-move-down-02.png,128,128,1,
ok,Assets/Art/War/Units/V2/Cutouts/Move/war-unit-trench-marksman-v2/war-unit-trench-marksman-v2-move-down-03.png,128,128,1,
ok,Assets/Art/War/Units/V2/Cutouts/Move/war-unit-trench-marksman-v2/war-unit-trench-marksman-v2-move-left-00.png,128,128,1,
ok,Assets/Art/War/Units/V2/Cutouts/Move/war-unit-trench-marksman-v2/war-unit-trench-marksman-v2-move-left-01.png,128,128,1,
ok,Assets/Art/War/Units/V2/Cutouts/Move/war-unit-trench-marksman-v2/war-unit-trench-marksman-v2-move-left-02.png,128,128,1,
ok,Assets/Art/War/Units/V2/Cutouts/Move/war-unit-trench-marksman-v2/war-unit-trench-marksman-v2-move-left-03.png,128,128,1,
suspect,Assets/Art/War/Units/V2/Cutouts/Move/war-unit-trench-marksman-v2/war-unit-trench-marksman-v2-move-right-00.png,128,128,2,"component 1 looks separated: area=156 ratio=0.04 dist=14.0 bbox=[61, 117, 79, 127] | large alpha touches frame edge: 1"
suspect,Assets/Art/War/Units/V2/Cutouts/Move/war-unit-trench-marksman-v2/war-unit-trench-marksman-v2-move-right-01.png,128,128,2,"component 1 looks separated: area=128 ratio=0.04 dist=17.0 bbox=[51, 119, 67, 127] | large alpha touches frame edge: 1"
suspect,Assets/Art/War/Units/V2/Cutouts/Move/war-unit-trench-marksman-v2/war-unit-trench-marksman-v2-move-right-02.png,128,128,2,"component 1 looks separated: area=123 ratio=0.03 dist=16.0 bbox=[44, 119, 61, 127] | large alpha touches frame edge: 1"
suspect,Assets/Art/War/Units/V2/Cutouts/Move/war-unit-trench-marksman-v2/war-unit-trench-marksman-v2-move-right-03.png,128,128,2,"component 1 looks separated: area=131 ratio=0.03 dist=15.0 bbox=[39, 119, 57, 127] | large alpha touches frame edge: 1"
ok,Assets/Art/War/Units/V2/Cutouts/Move/war-unit-trench-marksman-v2/war-unit-trench-marksman-v2-move-up-00.png,128,128,1,large alpha touches frame edge: 0
ok,Assets/Art/War/Units/V2/Cutouts/Move/war-unit-trench-marksman-v2/war-unit-trench-marksman-v2-move-up-01.png,128,128,1,large alpha touches frame edge: 0
ok,Assets/Art/War/Units/V2/Cutouts/Move/war-unit-trench-marksman-v2/war-unit-trench-marksman-v2-move-up-02.png,128,128,1,large alpha touches frame edge: 0
ok,Assets/Art/War/Units/V2/Cutouts/Move/war-unit-trench-marksman-v2/war-unit-trench-marksman-v2-move-up-03.png,128,128,1,large alpha touches frame edge: 0
ok,Assets/Art/War/Units/V2/Cutouts/Move/war-unit-trench-mortar-crew-v2/war-unit-trench-mortar-crew-v2-move-down-00.png,128,128,1,
ok,Assets/Art/War/Units/V2/Cutouts/Move/war-unit-trench-mortar-crew-v2/war-unit-trench-mortar-crew-v2-move-down-01.png,128,128,1,
ok,Assets/Art/War/Units/V2/Cutouts/Move/war-unit-trench-mortar-crew-v2/war-unit-trench-mortar-crew-v2-move-down-02.png,128,128,1,
ok,Assets/Art/War/Units/V2/Cutouts/Move/war-unit-trench-mortar-crew-v2/war-unit-trench-mortar-crew-v2-move-down-03.png,128,128,1,
ok,Assets/Art/War/Units/V2/Cutouts/Move/war-unit-trench-mortar-crew-v2/war-unit-trench-mortar-crew-v2-move-left-00.png,128,128,1,
ok,Assets/Art/War/Units/V2/Cutouts/Move/war-unit-trench-mortar-crew-v2/war-unit-trench-mortar-crew-v2-move-left-01.png,128,128,1,
ok,Assets/Art/War/Units/V2/Cutouts/Move/war-unit-trench-mortar-crew-v2/war-unit-trench-mortar-crew-v2-move-left-02.png,128,128,1,
ok,Assets/Art/War/Units/V2/Cutouts/Move/war-unit-trench-mortar-crew-v2/war-unit-trench-mortar-crew-v2-move-left-03.png,128,128,1,
ok,Assets/Art/War/Units/V2/Cutouts/Move/war-unit-trench-mortar-crew-v2/war-unit-trench-mortar-crew-v2-move-right-00.png,128,128,2,
ok,Assets/Art/War/Units/V2/Cutouts/Move/war-unit-trench-mortar-crew-v2/war-unit-trench-mortar-crew-v2-move-right-01.png,128,128,2,
ok,Assets/Art/War/Units/V2/Cutouts/Move/war-unit-trench-mortar-crew-v2/war-unit-trench-mortar-crew-v2-move-right-02.png,128,128,2,
ok,Assets/Art/War/Units/V2/Cutouts/Move/war-unit-trench-mortar-crew-v2/war-unit-trench-mortar-crew-v2-move-right-03.png,128,128,2,
ok,Assets/Art/War/Units/V2/Cutouts/Move/war-unit-trench-mortar-crew-v2/war-unit-trench-mortar-crew-v2-move-up-00.png,128,128,1,large alpha touches frame edge: 0
ok,Assets/Art/War/Units/V2/Cutouts/Move/war-unit-trench-mortar-crew-v2/war-unit-trench-mortar-crew-v2-move-up-01.png,128,128,1,large alpha touches frame edge: 0
ok,Assets/Art/War/Units/V2/Cutouts/Move/war-unit-trench-mortar-crew-v2/war-unit-trench-mortar-crew-v2-move-up-02.png,128,128,1,large alpha touches frame edge: 0
ok,Assets/Art/War/Units/V2/Cutouts/Move/war-unit-trench-mortar-crew-v2/war-unit-trench-mortar-crew-v2-move-up-03.png,128,128,1,large alpha touches frame edge: 0
ok,Assets/Art/War/Units/V2/Cutouts/Move/war-unit-trench-sanitation-orderly-v2/war-unit-trench-sanitation-orderly-v2-move-down-00.png,128,128,1,
ok,Assets/Art/War/Units/V2/Cutouts/Move/war-unit-trench-sanitation-orderly-v2/war-unit-trench-sanitation-orderly-v2-move-down-01.png,128,128,1,
ok,Assets/Art/War/Units/V2/Cutouts/Move/war-unit-trench-sanitation-orderly-v2/war-unit-trench-sanitation-orderly-v2-move-down-02.png,128,128,1,
ok,Assets/Art/War/Units/V2/Cutouts/Move/war-unit-trench-sanitation-orderly-v2/war-unit-trench-sanitation-orderly-v2-move-down-03.png,128,128,1,
ok,Assets/Art/War/Units/V2/Cutouts/Move/war-unit-trench-sanitation-orderly-v2/war-unit-trench-sanitation-orderly-v2-move-left-00.png,128,128,1,
ok,Assets/Art/War/Units/V2/Cutouts/Move/war-unit-trench-sanitation-orderly-v2/war-unit-trench-sanitation-orderly-v2-move-left-01.png,128,128,1,
ok,Assets/Art/War/Units/V2/Cutouts/Move/war-unit-trench-sanitation-orderly-v2/war-unit-trench-sanitation-orderly-v2-move-left-02.png,128,128,1,
ok,Assets/Art/War/Units/V2/Cutouts/Move/war-unit-trench-sanitation-orderly-v2/war-unit-trench-sanitation-orderly-v2-move-left-03.png,128,128,1,
suspect,Assets/Art/War/Units/V2/Cutouts/Move/war-unit-trench-sanitation-orderly-v2/war-unit-trench-sanitation-orderly-v2-move-right-00.png,128,128,2,"component 1 looks separated: area=254 ratio=0.06 dist=15.0 bbox=[54, 114, 79, 127] | large alpha touches frame edge: 1"
suspect,Assets/Art/War/Units/V2/Cutouts/Move/war-unit-trench-sanitation-orderly-v2/war-unit-trench-sanitation-orderly-v2-move-right-01.png,128,128,2,"component 1 looks separated: area=255 ratio=0.06 dist=14.0 bbox=[46, 114, 71, 127] | large alpha touches frame edge: 1"
suspect,Assets/Art/War/Units/V2/Cutouts/Move/war-unit-trench-sanitation-orderly-v2/war-unit-trench-sanitation-orderly-v2-move-right-02.png,128,128,2,"component 1 looks separated: area=253 ratio=0.06 dist=13.0 bbox=[38, 114, 63, 127] | large alpha touches frame edge: 1"
suspect,Assets/Art/War/Units/V2/Cutouts/Move/war-unit-trench-sanitation-orderly-v2/war-unit-trench-sanitation-orderly-v2-move-right-03.png,128,128,2,"component 1 looks separated: area=254 ratio=0.06 dist=12.0 bbox=[28, 114, 52, 127] | large alpha touches frame edge: 1"
ok,Assets/Art/War/Units/V2/Cutouts/Move/war-unit-trench-sanitation-orderly-v2/war-unit-trench-sanitation-orderly-v2-move-up-00.png,128,128,1,large alpha touches frame edge: 0
ok,Assets/Art/War/Units/V2/Cutouts/Move/war-unit-trench-sanitation-orderly-v2/war-unit-trench-sanitation-orderly-v2-move-up-01.png,128,128,1,large alpha touches frame edge: 0
ok,Assets/Art/War/Units/V2/Cutouts/Move/war-unit-trench-sanitation-orderly-v2/war-unit-trench-sanitation-orderly-v2-move-up-02.png,128,128,1,large alpha touches frame edge: 0
ok,Assets/Art/War/Units/V2/Cutouts/Move/war-unit-trench-sanitation-orderly-v2/war-unit-trench-sanitation-orderly-v2-move-up-03.png,128,128,1,large alpha touches frame edge: 0
ok,Assets/Art/War/Units/V2/Cutouts/Move/war-unit-wire-cutter-v2/war-unit-wire-cutter-v2-move-down-00.png,128,128,1,
ok,Assets/Art/War/Units/V2/Cutouts/Move/war-unit-wire-cutter-v2/war-unit-wire-cutter-v2-move-down-01.png,128,128,1,
ok,Assets/Art/War/Units/V2/Cutouts/Move/war-unit-wire-cutter-v2/war-unit-wire-cutter-v2-move-down-02.png,128,128,1,
ok,Assets/Art/War/Units/V2/Cutouts/Move/war-unit-wire-cutter-v2/war-unit-wire-cutter-v2-move-down-03.png,128,128,1,
ok,Assets/Art/War/Units/V2/Cutouts/Move/war-unit-wire-cutter-v2/war-unit-wire-cutter-v2-move-left-00.png,128,128,1,
ok,Assets/Art/War/Units/V2/Cutouts/Move/war-unit-wire-cutter-v2/war-unit-wire-cutter-v2-move-left-01.png,128,128,1,
ok,Assets/Art/War/Units/V2/Cutouts/Move/war-unit-wire-cutter-v2/war-unit-wire-cutter-v2-move-left-02.png,128,128,1,
ok,Assets/Art/War/Units/V2/Cutouts/Move/war-unit-wire-cutter-v2/war-unit-wire-cutter-v2-move-left-03.png,128,128,1,
ok,Assets/Art/War/Units/V2/Cutouts/Move/war-unit-wire-cutter-v2/war-unit-wire-cutter-v2-move-right-00.png,128,128,2,
ok,Assets/Art/War/Units/V2/Cutouts/Move/war-unit-wire-cutter-v2/war-unit-wire-cutter-v2-move-right-01.png,128,128,2,
ok,Assets/Art/War/Units/V2/Cutouts/Move/war-unit-wire-cutter-v2/war-unit-wire-cutter-v2-move-right-02.png,128,128,2,
ok,Assets/Art/War/Units/V2/Cutouts/Move/war-unit-wire-cutter-v2/war-unit-wire-cutter-v2-move-right-03.png,128,128,2,
ok,Assets/Art/War/Units/V2/Cutouts/Move/war-unit-wire-cutter-v2/war-unit-wire-cutter-v2-move-up-00.png,128,128,1,large alpha touches frame edge: 0
ok,Assets/Art/War/Units/V2/Cutouts/Move/war-unit-wire-cutter-v2/war-unit-wire-cutter-v2-move-up-01.png,128,128,1,large alpha touches frame edge: 0
ok,Assets/Art/War/Units/V2/Cutouts/Move/war-unit-wire-cutter-v2/war-unit-wire-cutter-v2-move-up-02.png,128,128,1,large alpha touches frame edge: 0
ok,Assets/Art/War/Units/V2/Cutouts/Move/war-unit-wire-cutter-v2/war-unit-wire-cutter-v2-move-up-03.png,128,128,1,large alpha touches frame edge: 0
ok,Assets/Art/War/Units/V2/Cutouts/Move/war-unit-wire-layer-v2/war-unit-wire-layer-v2-move-down-00.png,128,128,1,
ok,Assets/Art/War/Units/V2/Cutouts/Move/war-unit-wire-layer-v2/war-unit-wire-layer-v2-move-down-01.png,128,128,1,
ok,Assets/Art/War/Units/V2/Cutouts/Move/war-unit-wire-layer-v2/war-unit-wire-layer-v2-move-down-02.png,128,128,1,
ok,Assets/Art/War/Units/V2/Cutouts/Move/war-unit-wire-layer-v2/war-unit-wire-layer-v2-move-down-03.png,128,128,1,
ok,Assets/Art/War/Units/V2/Cutouts/Move/war-unit-wire-layer-v2/war-unit-wire-layer-v2-move-left-00.png,128,128,1,
ok,Assets/Art/War/Units/V2/Cutouts/Move/war-unit-wire-layer-v2/war-unit-wire-layer-v2-move-left-01.png,128,128,1,
ok,Assets/Art/War/Units/V2/Cutouts/Move/war-unit-wire-layer-v2/war-unit-wire-layer-v2-move-left-02.png,128,128,1,
ok,Assets/Art/War/Units/V2/Cutouts/Move/war-unit-wire-layer-v2/war-unit-wire-layer-v2-move-left-03.png,128,128,1,
ok,Assets/Art/War/Units/V2/Cutouts/Move/war-unit-wire-layer-v2/war-unit-wire-layer-v2-move-right-00.png,128,128,2,
ok,Assets/Art/War/Units/V2/Cutouts/Move/war-unit-wire-layer-v2/war-unit-wire-layer-v2-move-right-01.png,128,128,2,
ok,Assets/Art/War/Units/V2/Cutouts/Move/war-unit-wire-layer-v2/war-unit-wire-layer-v2-move-right-02.png,128,128,2,
ok,Assets/Art/War/Units/V2/Cutouts/Move/war-unit-wire-layer-v2/war-unit-wire-layer-v2-move-right-03.png,128,128,2,
ok,Assets/Art/War/Units/V2/Cutouts/Move/war-unit-wire-layer-v2/war-unit-wire-layer-v2-move-up-00.png,128,128,1,large alpha touches frame edge: 0
ok,Assets/Art/War/Units/V2/Cutouts/Move/war-unit-wire-layer-v2/war-unit-wire-layer-v2-move-up-01.png,128,128,1,large alpha touches frame edge: 0
ok,Assets/Art/War/Units/V2/Cutouts/Move/war-unit-wire-layer-v2/war-unit-wire-layer-v2-move-up-02.png,128,128,1,large alpha touches frame edge: 0
ok,Assets/Art/War/Units/V2/Cutouts/Move/war-unit-wire-layer-v2/war-unit-wire-layer-v2-move-up-03.png,128,128,1,large alpha touches frame edge: 0
ok,Assets/Art/War/Units/V2/Cutouts/Primary/war-unit-aether-lamp-scout-v2/war-unit-aether-lamp-scout-v2-primary-down-00.png,128,128,1,
ok,Assets/Art/War/Units/V2/Cutouts/Primary/war-unit-aether-lamp-scout-v2/war-unit-aether-lamp-scout-v2-primary-down-01.png,128,128,1,
ok,Assets/Art/War/Units/V2/Cutouts/Primary/war-unit-aether-lamp-scout-v2/war-unit-aether-lamp-scout-v2-primary-down-02.png,128,128,1,
ok,Assets/Art/War/Units/V2/Cutouts/Primary/war-unit-aether-lamp-scout-v2/war-unit-aether-lamp-scout-v2-primary-down-03.png,128,128,1,
ok,Assets/Art/War/Units/V2/Cutouts/Primary/war-unit-aether-lamp-scout-v2/war-unit-aether-lamp-scout-v2-primary-left-00.png,128,128,1,
ok,Assets/Art/War/Units/V2/Cutouts/Primary/war-unit-aether-lamp-scout-v2/war-unit-aether-lamp-scout-v2-primary-left-01.png,128,128,1,
ok,Assets/Art/War/Units/V2/Cutouts/Primary/war-unit-aether-lamp-scout-v2/war-unit-aether-lamp-scout-v2-primary-left-02.png,128,128,2,
ok,Assets/Art/War/Units/V2/Cutouts/Primary/war-unit-aether-lamp-scout-v2/war-unit-aether-lamp-scout-v2-primary-left-03.png,128,128,1,
ok,Assets/Art/War/Units/V2/Cutouts/Primary/war-unit-aether-lamp-scout-v2/war-unit-aether-lamp-scout-v2-primary-right-00.png,128,128,1,
ok,Assets/Art/War/Units/V2/Cutouts/Primary/war-unit-aether-lamp-scout-v2/war-unit-aether-lamp-scout-v2-primary-right-01.png,128,128,1,
ok,Assets/Art/War/Units/V2/Cutouts/Primary/war-unit-aether-lamp-scout-v2/war-unit-aether-lamp-scout-v2-primary-right-02.png,128,128,1,
ok,Assets/Art/War/Units/V2/Cutouts/Primary/war-unit-aether-lamp-scout-v2/war-unit-aether-lamp-scout-v2-primary-right-03.png,128,128,1,
ok,Assets/Art/War/Units/V2/Cutouts/Primary/war-unit-aether-lamp-scout-v2/war-unit-aether-lamp-scout-v2-primary-up-00.png,128,128,1,
ok,Assets/Art/War/Units/V2/Cutouts/Primary/war-unit-aether-lamp-scout-v2/war-unit-aether-lamp-scout-v2-primary-up-01.png,128,128,1,
ok,Assets/Art/War/Units/V2/Cutouts/Primary/war-unit-aether-lamp-scout-v2/war-unit-aether-lamp-scout-v2-primary-up-02.png,128,128,2,
ok,Assets/Art/War/Units/V2/Cutouts/Primary/war-unit-aether-lamp-scout-v2/war-unit-aether-lamp-scout-v2-primary-up-03.png,128,128,1,
ok,Assets/Art/War/Units/V2/Cutouts/Primary/war-unit-ammo-runner-v2/war-unit-ammo-runner-v2-primary-down-00.png,128,128,1,
ok,Assets/Art/War/Units/V2/Cutouts/Primary/war-unit-ammo-runner-v2/war-unit-ammo-runner-v2-primary-down-01.png,128,128,1,
ok,Assets/Art/War/Units/V2/Cutouts/Primary/war-unit-ammo-runner-v2/war-unit-ammo-runner-v2-primary-down-02.png,128,128,1,
ok,Assets/Art/War/Units/V2/Cutouts/Primary/war-unit-ammo-runner-v2/war-unit-ammo-runner-v2-primary-down-03.png,128,128,1,
ok,Assets/Art/War/Units/V2/Cutouts/Primary/war-unit-ammo-runner-v2/war-unit-ammo-runner-v2-primary-left-00.png,128,128,1,
ok,Assets/Art/War/Units/V2/Cutouts/Primary/war-unit-ammo-runner-v2/war-unit-ammo-runner-v2-primary-left-01.png,128,128,1,
suspect,Assets/Art/War/Units/V2/Cutouts/Primary/war-unit-ammo-runner-v2/war-unit-ammo-runner-v2-primary-left-02.png,128,128,2,"component 1 looks separated: area=462 ratio=0.16 dist=16.0 bbox=[107, 61, 126, 87]"
ok,Assets/Art/War/Units/V2/Cutouts/Primary/war-unit-ammo-runner-v2/war-unit-ammo-runner-v2-primary-left-03.png,128,128,1,large alpha touches frame edge: 0
suspect,Assets/Art/War/Units/V2/Cutouts/Primary/war-unit-ammo-runner-v2/war-unit-ammo-runner-v2-primary-right-00.png,128,128,3,"component 2 looks separated: area=178 ratio=0.06 dist=23.0 bbox=[61, 117, 81, 127] | large alpha touches frame edge: 2"
suspect,Assets/Art/War/Units/V2/Cutouts/Primary/war-unit-ammo-runner-v2/war-unit-ammo-runner-v2-primary-right-01.png,128,128,2,"component 1 looks separated: area=169 ratio=0.05 dist=23.0 bbox=[51, 117, 71, 127] | large alpha touches frame edge: 1"
suspect,Assets/Art/War/Units/V2/Cutouts/Primary/war-unit-ammo-runner-v2/war-unit-ammo-runner-v2-primary-right-02.png,128,128,3,"component 2 looks separated: area=145 ratio=0.04 dist=25.0 bbox=[44, 119, 62, 127] | large alpha touches frame edge: 2"
suspect,Assets/Art/War/Units/V2/Cutouts/Primary/war-unit-ammo-runner-v2/war-unit-ammo-runner-v2-primary-right-03.png,128,128,3,"component 2 looks separated: area=163 ratio=0.05 dist=24.0 bbox=[35, 118, 54, 127] | large alpha touches frame edge: 2"
ok,Assets/Art/War/Units/V2/Cutouts/Primary/war-unit-ammo-runner-v2/war-unit-ammo-runner-v2-primary-up-00.png,128,128,1,large alpha touches frame edge: 0
ok,Assets/Art/War/Units/V2/Cutouts/Primary/war-unit-ammo-runner-v2/war-unit-ammo-runner-v2-primary-up-01.png,128,128,1,large alpha touches frame edge: 0
ok,Assets/Art/War/Units/V2/Cutouts/Primary/war-unit-ammo-runner-v2/war-unit-ammo-runner-v2-primary-up-02.png,128,128,1,large alpha touches frame edge: 0
suspect,Assets/Art/War/Units/V2/Cutouts/Primary/war-unit-ammo-runner-v2/war-unit-ammo-runner-v2-primary-up-03.png,128,128,2,large alpha touches frame edge: 0
ok,Assets/Art/War/Units/V2/Cutouts/Primary/war-unit-artillery-observer-v2/war-unit-artillery-observer-v2-primary-down-00.png,128,256,1,
ok,Assets/Art/War/Units/V2/Cutouts/Primary/war-unit-artillery-observer-v2/war-unit-artillery-observer-v2-primary-down-01.png,128,256,1,
ok,Assets/Art/War/Units/V2/Cutouts/Primary/war-unit-artillery-observer-v2/war-unit-artillery-observer-v2-primary-down-02.png,128,256,1,
ok,Assets/Art/War/Units/V2/Cutouts/Primary/war-unit-artillery-observer-v2/war-unit-artillery-observer-v2-primary-down-03.png,128,256,1,
ok,Assets/Art/War/Units/V2/Cutouts/Primary/war-unit-artillery-observer-v2/war-unit-artillery-observer-v2-primary-left-00.png,128,256,1,
ok,Assets/Art/War/Units/V2/Cutouts/Primary/war-unit-artillery-observer-v2/war-unit-artillery-observer-v2-primary-left-01.png,128,256,2,
ok,Assets/Art/War/Units/V2/Cutouts/Primary/war-unit-artillery-observer-v2/war-unit-artillery-observer-v2-primary-left-02.png,128,256,1,large alpha touches frame edge: 0
ok,Assets/Art/War/Units/V2/Cutouts/Primary/war-unit-artillery-observer-v2/war-unit-artillery-observer-v2-primary-left-03.png,128,256,1,
ok,Assets/Art/War/Units/V2/Cutouts/Primary/war-unit-artillery-observer-v2/war-unit-artillery-observer-v2-primary-right-00.png,128,256,1,
ok,Assets/Art/War/Units/V2/Cutouts/Primary/war-unit-artillery-observer-v2/war-unit-artillery-observer-v2-primary-right-01.png,128,256,1,
ok,Assets/Art/War/Units/V2/Cutouts/Primary/war-unit-artillery-observer-v2/war-unit-artillery-observer-v2-primary-right-02.png,128,256,1,
ok,Assets/Art/War/Units/V2/Cutouts/Primary/war-unit-artillery-observer-v2/war-unit-artillery-observer-v2-primary-right-03.png,128,256,1,
ok,Assets/Art/War/Units/V2/Cutouts/Primary/war-unit-artillery-observer-v2/war-unit-artillery-observer-v2-primary-up-00.png,128,256,1,
ok,Assets/Art/War/Units/V2/Cutouts/Primary/war-unit-artillery-observer-v2/war-unit-artillery-observer-v2-primary-up-01.png,128,256,1,
ok,Assets/Art/War/Units/V2/Cutouts/Primary/war-unit-artillery-observer-v2/war-unit-artillery-observer-v2-primary-up-02.png,128,256,1,
ok,Assets/Art/War/Units/V2/Cutouts/Primary/war-unit-artillery-observer-v2/war-unit-artillery-observer-v2-primary-up-03.png,128,256,1,
ok,Assets/Art/War/Units/V2/Cutouts/Primary/war-unit-bound-shell-cantor-v2/war-unit-bound-shell-cantor-v2-primary-down-00.png,128,256,1,
ok,Assets/Art/War/Units/V2/Cutouts/Primary/war-unit-bound-shell-cantor-v2/war-unit-bound-shell-cantor-v2-primary-down-01.png,128,256,1,
ok,Assets/Art/War/Units/V2/Cutouts/Primary/war-unit-bound-shell-cantor-v2/war-unit-bound-shell-cantor-v2-primary-down-02.png,128,256,1,
ok,Assets/Art/War/Units/V2/Cutouts/Primary/war-unit-bound-shell-cantor-v2/war-unit-bound-shell-cantor-v2-primary-down-03.png,128,256,2,
ok,Assets/Art/War/Units/V2/Cutouts/Primary/war-unit-bound-shell-cantor-v2/war-unit-bound-shell-cantor-v2-primary-left-00.png,128,256,1,
ok,Assets/Art/War/Units/V2/Cutouts/Primary/war-unit-bound-shell-cantor-v2/war-unit-bound-shell-cantor-v2-primary-left-01.png,128,256,1,
ok,Assets/Art/War/Units/V2/Cutouts/Primary/war-unit-bound-shell-cantor-v2/war-unit-bound-shell-cantor-v2-primary-left-02.png,128,256,1,
ok,Assets/Art/War/Units/V2/Cutouts/Primary/war-unit-bound-shell-cantor-v2/war-unit-bound-shell-cantor-v2-primary-left-03.png,128,256,2,
ok,Assets/Art/War/Units/V2/Cutouts/Primary/war-unit-bound-shell-cantor-v2/war-unit-bound-shell-cantor-v2-primary-right-00.png,128,256,1,
ok,Assets/Art/War/Units/V2/Cutouts/Primary/war-unit-bound-shell-cantor-v2/war-unit-bound-shell-cantor-v2-primary-right-01.png,128,256,1,
ok,Assets/Art/War/Units/V2/Cutouts/Primary/war-unit-bound-shell-cantor-v2/war-unit-bound-shell-cantor-v2-primary-right-02.png,128,256,2,
ok,Assets/Art/War/Units/V2/Cutouts/Primary/war-unit-bound-shell-cantor-v2/war-unit-bound-shell-cantor-v2-primary-right-03.png,128,256,1,
ok,Assets/Art/War/Units/V2/Cutouts/Primary/war-unit-bound-shell-cantor-v2/war-unit-bound-shell-cantor-v2-primary-up-00.png,128,256,1,
ok,Assets/Art/War/Units/V2/Cutouts/Primary/war-unit-bound-shell-cantor-v2/war-unit-bound-shell-cantor-v2-primary-up-01.png,128,256,1,
ok,Assets/Art/War/Units/V2/Cutouts/Primary/war-unit-bound-shell-cantor-v2/war-unit-bound-shell-cantor-v2-primary-up-02.png,128,256,1,large alpha touches frame edge: 0
ok,Assets/Art/War/Units/V2/Cutouts/Primary/war-unit-bound-shell-cantor-v2/war-unit-bound-shell-cantor-v2-primary-up-03.png,128,256,1,
ok,Assets/Art/War/Units/V2/Cutouts/Primary/war-unit-clockwork-trenchhand-v2/war-unit-clockwork-trenchhand-v2-primary-down-00.png,128,128,1,
ok,Assets/Art/War/Units/V2/Cutouts/Primary/war-unit-clockwork-trenchhand-v2/war-unit-clockwork-trenchhand-v2-primary-down-01.png,128,128,1,
ok,Assets/Art/War/Units/V2/Cutouts/Primary/war-unit-clockwork-trenchhand-v2/war-unit-clockwork-trenchhand-v2-primary-down-02.png,128,128,1,
ok,Assets/Art/War/Units/V2/Cutouts/Primary/war-unit-clockwork-trenchhand-v2/war-unit-clockwork-trenchhand-v2-primary-down-03.png,128,128,1,
ok,Assets/Art/War/Units/V2/Cutouts/Primary/war-unit-clockwork-trenchhand-v2/war-unit-clockwork-trenchhand-v2-primary-left-00.png,128,128,1,
ok,Assets/Art/War/Units/V2/Cutouts/Primary/war-unit-clockwork-trenchhand-v2/war-unit-clockwork-trenchhand-v2-primary-left-01.png,128,128,2,
suspect,Assets/Art/War/Units/V2/Cutouts/Primary/war-unit-clockwork-trenchhand-v2/war-unit-clockwork-trenchhand-v2-primary-left-02.png,128,128,2,"component 1 looks separated: area=232 ratio=0.06 dist=28.0 bbox=[110, 48, 127, 63] | large alpha touches frame edge: 0,1"
ok,Assets/Art/War/Units/V2/Cutouts/Primary/war-unit-clockwork-trenchhand-v2/war-unit-clockwork-trenchhand-v2-primary-left-03.png,128,128,1,large alpha touches frame edge: 0
suspect,Assets/Art/War/Units/V2/Cutouts/Primary/war-unit-clockwork-trenchhand-v2/war-unit-clockwork-trenchhand-v2-primary-right-00.png,128,128,2,"component 1 looks separated: area=170 ratio=0.04 dist=17.0 bbox=[63, 118, 84, 127] | large alpha touches frame edge: 1"
suspect,Assets/Art/War/Units/V2/Cutouts/Primary/war-unit-clockwork-trenchhand-v2/war-unit-clockwork-trenchhand-v2-primary-right-01.png,128,128,2,"component 1 looks separated: area=154 ratio=0.04 dist=17.0 bbox=[50, 119, 70, 127] | large alpha touches frame edge: 1"
suspect,Assets/Art/War/Units/V2/Cutouts/Primary/war-unit-clockwork-trenchhand-v2/war-unit-clockwork-trenchhand-v2-primary-right-02.png,128,128,2,"component 1 looks separated: area=161 ratio=0.04 dist=17.0 bbox=[41, 118, 61, 127] | large alpha touches frame edge: 1"
suspect,Assets/Art/War/Units/V2/Cutouts/Primary/war-unit-clockwork-trenchhand-v2/war-unit-clockwork-trenchhand-v2-primary-right-03.png,128,128,2,"component 1 looks separated: area=154 ratio=0.04 dist=17.0 bbox=[33, 119, 53, 127] | large alpha touches frame edge: 1"
ok,Assets/Art/War/Units/V2/Cutouts/Primary/war-unit-clockwork-trenchhand-v2/war-unit-clockwork-trenchhand-v2-primary-up-00.png,128,128,1,large alpha touches frame edge: 0
ok,Assets/Art/War/Units/V2/Cutouts/Primary/war-unit-clockwork-trenchhand-v2/war-unit-clockwork-trenchhand-v2-primary-up-01.png,128,128,1,large alpha touches frame edge: 0
ok,Assets/Art/War/Units/V2/Cutouts/Primary/war-unit-clockwork-trenchhand-v2/war-unit-clockwork-trenchhand-v2-primary-up-02.png,128,128,1,large alpha touches frame edge: 0
ok,Assets/Art/War/Units/V2/Cutouts/Primary/war-unit-clockwork-trenchhand-v2/war-unit-clockwork-trenchhand-v2-primary-up-03.png,128,128,1,large alpha touches frame edge: 0
ok,Assets/Art/War/Units/V2/Cutouts/Primary/war-unit-combat-medic-v2/war-unit-combat-medic-v2-primary-down-00.png,128,128,1,
ok,Assets/Art/War/Units/V2/Cutouts/Primary/war-unit-combat-medic-v2/war-unit-combat-medic-v2-primary-down-01.png,128,128,1,
ok,Assets/Art/War/Units/V2/Cutouts/Primary/war-unit-combat-medic-v2/war-unit-combat-medic-v2-primary-down-02.png,128,128,1,
ok,Assets/Art/War/Units/V2/Cutouts/Primary/war-unit-combat-medic-v2/war-unit-combat-medic-v2-primary-down-03.png,128,128,1,
ok,Assets/Art/War/Units/V2/Cutouts/Primary/war-unit-combat-medic-v2/war-unit-combat-medic-v2-primary-left-00.png,128,128,1,
ok,Assets/Art/War/Units/V2/Cutouts/Primary/war-unit-combat-medic-v2/war-unit-combat-medic-v2-primary-left-01.png,128,128,1,
ok,Assets/Art/War/Units/V2/Cutouts/Primary/war-unit-combat-medic-v2/war-unit-combat-medic-v2-primary-left-02.png,128,128,1,
ok,Assets/Art/War/Units/V2/Cutouts/Primary/war-unit-combat-medic-v2/war-unit-combat-medic-v2-primary-left-03.png,128,128,1,
suspect,Assets/Art/War/Units/V2/Cutouts/Primary/war-unit-combat-medic-v2/war-unit-combat-medic-v2-primary-right-00.png,128,128,2,"component 1 looks separated: area=291 ratio=0.08 dist=17.0 bbox=[65, 113, 90, 127] | large alpha touches frame edge: 1"
suspect,Assets/Art/War/Units/V2/Cutouts/Primary/war-unit-combat-medic-v2/war-unit-combat-medic-v2-primary-right-01.png,128,128,2,"component 1 looks separated: area=297 ratio=0.08 dist=16.0 bbox=[51, 113, 76, 127] | large alpha touches frame edge: 1"
suspect,Assets/Art/War/Units/V2/Cutouts/Primary/war-unit-combat-medic-v2/war-unit-combat-medic-v2-primary-right-02.png,128,128,2,"component 1 looks separated: area=296 ratio=0.09 dist=17.0 bbox=[44, 113, 70, 127] | large alpha touches frame edge: 1"
suspect,Assets/Art/War/Units/V2/Cutouts/Primary/war-unit-combat-medic-v2/war-unit-combat-medic-v2-primary-right-03.png,128,128,2,"component 1 looks separated: area=291 ratio=0.08 dist=17.0 bbox=[35, 113, 60, 127] | large alpha touches frame edge: 1"
ok,Assets/Art/War/Units/V2/Cutouts/Primary/war-unit-combat-medic-v2/war-unit-combat-medic-v2-primary-up-00.png,128,128,1,large alpha touches frame edge: 0
ok,Assets/Art/War/Units/V2/Cutouts/Primary/war-unit-combat-medic-v2/war-unit-combat-medic-v2-primary-up-01.png,128,128,1,large alpha touches frame edge: 0
ok,Assets/Art/War/Units/V2/Cutouts/Primary/war-unit-combat-medic-v2/war-unit-combat-medic-v2-primary-up-02.png,128,128,1,large alpha touches frame edge: 0
ok,Assets/Art/War/Units/V2/Cutouts/Primary/war-unit-combat-medic-v2/war-unit-combat-medic-v2-primary-up-03.png,128,128,1,large alpha touches frame edge: 0
ok,Assets/Art/War/Units/V2/Cutouts/Primary/war-unit-echo-runner-v2/war-unit-echo-runner-v2-primary-down-00.png,128,128,1,
ok,Assets/Art/War/Units/V2/Cutouts/Primary/war-unit-echo-runner-v2/war-unit-echo-runner-v2-primary-down-01.png,128,128,1,
ok,Assets/Art/War/Units/V2/Cutouts/Primary/war-unit-echo-runner-v2/war-unit-echo-runner-v2-primary-down-02.png,128,128,1,
ok,Assets/Art/War/Units/V2/Cutouts/Primary/war-unit-echo-runner-v2/war-unit-echo-runner-v2-primary-down-03.png,128,128,1,
ok,Assets/Art/War/Units/V2/Cutouts/Primary/war-unit-echo-runner-v2/war-unit-echo-runner-v2-primary-left-00.png,128,128,1,
ok,Assets/Art/War/Units/V2/Cutouts/Primary/war-unit-echo-runner-v2/war-unit-echo-runner-v2-primary-left-01.png,128,128,2,
suspect,Assets/Art/War/Units/V2/Cutouts/Primary/war-unit-echo-runner-v2/war-unit-echo-runner-v2-primary-left-02.png,128,128,2,large alpha touches frame edge: 0
ok,Assets/Art/War/Units/V2/Cutouts/Primary/war-unit-echo-runner-v2/war-unit-echo-runner-v2-primary-left-03.png,128,128,1,large alpha touches frame edge: 0
ok,Assets/Art/War/Units/V2/Cutouts/Primary/war-unit-echo-runner-v2/war-unit-echo-runner-v2-primary-right-00.png,128,128,2,
ok,Assets/Art/War/Units/V2/Cutouts/Primary/war-unit-echo-runner-v2/war-unit-echo-runner-v2-primary-right-01.png,128,128,2,
ok,Assets/Art/War/Units/V2/Cutouts/Primary/war-unit-echo-runner-v2/war-unit-echo-runner-v2-primary-right-02.png,128,128,2,
ok,Assets/Art/War/Units/V2/Cutouts/Primary/war-unit-echo-runner-v2/war-unit-echo-runner-v2-primary-right-03.png,128,128,1,
ok,Assets/Art/War/Units/V2/Cutouts/Primary/war-unit-echo-runner-v2/war-unit-echo-runner-v2-primary-up-00.png,128,128,1,large alpha touches frame edge: 0
ok,Assets/Art/War/Units/V2/Cutouts/Primary/war-unit-echo-runner-v2/war-unit-echo-runner-v2-primary-up-01.png,128,128,1,large alpha touches frame edge: 0
ok,Assets/Art/War/Units/V2/Cutouts/Primary/war-unit-echo-runner-v2/war-unit-echo-runner-v2-primary-up-02.png,128,128,1,large alpha touches frame edge: 0
ok,Assets/Art/War/Units/V2/Cutouts/Primary/war-unit-echo-runner-v2/war-unit-echo-runner-v2-primary-up-03.png,128,128,1,large alpha touches frame edge: 0
ok,Assets/Art/War/Units/V2/Cutouts/Primary/war-unit-field-chaplain-orderly-v2/war-unit-field-chaplain-orderly-v2-primary-down-00.png,128,128,1,
ok,Assets/Art/War/Units/V2/Cutouts/Primary/war-unit-field-chaplain-orderly-v2/war-unit-field-chaplain-orderly-v2-primary-down-01.png,128,128,1,
ok,Assets/Art/War/Units/V2/Cutouts/Primary/war-unit-field-chaplain-orderly-v2/war-unit-field-chaplain-orderly-v2-primary-down-02.png,128,128,1,
ok,Assets/Art/War/Units/V2/Cutouts/Primary/war-unit-field-chaplain-orderly-v2/war-unit-field-chaplain-orderly-v2-primary-down-03.png,128,128,1,
ok,Assets/Art/War/Units/V2/Cutouts/Primary/war-unit-field-chaplain-orderly-v2/war-unit-field-chaplain-orderly-v2-primary-left-00.png,128,128,1,
suspect,Assets/Art/War/Units/V2/Cutouts/Primary/war-unit-field-chaplain-orderly-v2/war-unit-field-chaplain-orderly-v2-primary-left-01.png,128,128,2,"component 1 looks separated: area=270 ratio=0.07 dist=19.0 bbox=[108, 58, 122, 75]"
suspect,Assets/Art/War/Units/V2/Cutouts/Primary/war-unit-field-chaplain-orderly-v2/war-unit-field-chaplain-orderly-v2-primary-left-02.png,128,128,2,"component 1 looks separated: area=270 ratio=0.06 dist=18.0 bbox=[102, 58, 116, 75] | large alpha touches frame edge: 0"
ok,Assets/Art/War/Units/V2/Cutouts/Primary/war-unit-field-chaplain-orderly-v2/war-unit-field-chaplain-orderly-v2-primary-left-03.png,128,128,1,large alpha touches frame edge: 0
ok,Assets/Art/War/Units/V2/Cutouts/Primary/war-unit-field-chaplain-orderly-v2/war-unit-field-chaplain-orderly-v2-primary-right-00.png,128,128,3,
ok,Assets/Art/War/Units/V2/Cutouts/Primary/war-unit-field-chaplain-orderly-v2/war-unit-field-chaplain-orderly-v2-primary-right-01.png,128,128,2,
ok,Assets/Art/War/Units/V2/Cutouts/Primary/war-unit-field-chaplain-orderly-v2/war-unit-field-chaplain-orderly-v2-primary-right-02.png,128,128,3,
ok,Assets/Art/War/Units/V2/Cutouts/Primary/war-unit-field-chaplain-orderly-v2/war-unit-field-chaplain-orderly-v2-primary-right-03.png,128,128,4,
ok,Assets/Art/War/Units/V2/Cutouts/Primary/war-unit-field-chaplain-orderly-v2/war-unit-field-chaplain-orderly-v2-primary-up-00.png,128,128,1,large alpha touches frame edge: 0
ok,Assets/Art/War/Units/V2/Cutouts/Primary/war-unit-field-chaplain-orderly-v2/war-unit-field-chaplain-orderly-v2-primary-up-01.png,128,128,1,large alpha touches frame edge: 0
ok,Assets/Art/War/Units/V2/Cutouts/Primary/war-unit-field-chaplain-orderly-v2/war-unit-field-chaplain-orderly-v2-primary-up-02.png,128,128,1,large alpha touches frame edge: 0
ok,Assets/Art/War/Units/V2/Cutouts/Primary/war-unit-field-chaplain-orderly-v2/war-unit-field-chaplain-orderly-v2-primary-up-03.png,128,128,1,large alpha touches frame edge: 0
ok,Assets/Art/War/Units/V2/Cutouts/Primary/war-unit-field-doctor-v2/war-unit-field-doctor-v2-primary-down-00.png,128,128,1,
ok,Assets/Art/War/Units/V2/Cutouts/Primary/war-unit-field-doctor-v2/war-unit-field-doctor-v2-primary-down-01.png,128,128,1,
ok,Assets/Art/War/Units/V2/Cutouts/Primary/war-unit-field-doctor-v2/war-unit-field-doctor-v2-primary-down-02.png,128,128,1,
ok,Assets/Art/War/Units/V2/Cutouts/Primary/war-unit-field-doctor-v2/war-unit-field-doctor-v2-primary-down-03.png,128,128,1,
ok,Assets/Art/War/Units/V2/Cutouts/Primary/war-unit-field-doctor-v2/war-unit-field-doctor-v2-primary-left-00.png,128,128,1,
ok,Assets/Art/War/Units/V2/Cutouts/Primary/war-unit-field-doctor-v2/war-unit-field-doctor-v2-primary-left-01.png,128,128,1,
ok,Assets/Art/War/Units/V2/Cutouts/Primary/war-unit-field-doctor-v2/war-unit-field-doctor-v2-primary-left-02.png,128,128,1,
ok,Assets/Art/War/Units/V2/Cutouts/Primary/war-unit-field-doctor-v2/war-unit-field-doctor-v2-primary-left-03.png,128,128,1,
suspect,Assets/Art/War/Units/V2/Cutouts/Primary/war-unit-field-doctor-v2/war-unit-field-doctor-v2-primary-right-00.png,128,128,3,"component 1 looks separated: area=291 ratio=0.08 dist=17.0 bbox=[65, 113, 90, 127] | large alpha touches frame edge: 1"
suspect,Assets/Art/War/Units/V2/Cutouts/Primary/war-unit-field-doctor-v2/war-unit-field-doctor-v2-primary-right-01.png,128,128,3,"component 1 looks separated: area=297 ratio=0.07 dist=16.0 bbox=[51, 113, 76, 127] | large alpha touches frame edge: 1"
suspect,Assets/Art/War/Units/V2/Cutouts/Primary/war-unit-field-doctor-v2/war-unit-field-doctor-v2-primary-right-02.png,128,128,2,"component 1 looks separated: area=296 ratio=0.08 dist=17.0 bbox=[44, 113, 70, 127] | large alpha touches frame edge: 1"
suspect,Assets/Art/War/Units/V2/Cutouts/Primary/war-unit-field-doctor-v2/war-unit-field-doctor-v2-primary-right-03.png,128,128,3,"component 1 looks separated: area=291 ratio=0.07 dist=17.0 bbox=[35, 113, 60, 127] | large alpha touches frame edge: 1"
ok,Assets/Art/War/Units/V2/Cutouts/Primary/war-unit-field-doctor-v2/war-unit-field-doctor-v2-primary-up-00.png,128,128,1,large alpha touches frame edge: 0
ok,Assets/Art/War/Units/V2/Cutouts/Primary/war-unit-field-doctor-v2/war-unit-field-doctor-v2-primary-up-01.png,128,128,1,large alpha touches frame edge: 0
ok,Assets/Art/War/Units/V2/Cutouts/Primary/war-unit-field-doctor-v2/war-unit-field-doctor-v2-primary-up-02.png,128,128,1,large alpha touches frame edge: 0
ok,Assets/Art/War/Units/V2/Cutouts/Primary/war-unit-field-doctor-v2/war-unit-field-doctor-v2-primary-up-03.png,128,128,1,large alpha touches frame edge: 0
ok,Assets/Art/War/Units/V2/Cutouts/Primary/war-unit-field-engineer-v2/war-unit-field-engineer-v2-primary-down-00.png,128,128,1,
ok,Assets/Art/War/Units/V2/Cutouts/Primary/war-unit-field-engineer-v2/war-unit-field-engineer-v2-primary-down-01.png,128,128,1,
ok,Assets/Art/War/Units/V2/Cutouts/Primary/war-unit-field-engineer-v2/war-unit-field-engineer-v2-primary-down-02.png,128,128,1,
ok,Assets/Art/War/Units/V2/Cutouts/Primary/war-unit-field-engineer-v2/war-unit-field-engineer-v2-primary-down-03.png,128,128,1,
ok,Assets/Art/War/Units/V2/Cutouts/Primary/war-unit-field-engineer-v2/war-unit-field-engineer-v2-primary-left-00.png,128,128,1,
ok,Assets/Art/War/Units/V2/Cutouts/Primary/war-unit-field-engineer-v2/war-unit-field-engineer-v2-primary-left-01.png,128,128,1,
ok,Assets/Art/War/Units/V2/Cutouts/Primary/war-unit-field-engineer-v2/war-unit-field-engineer-v2-primary-left-02.png,128,128,1,
ok,Assets/Art/War/Units/V2/Cutouts/Primary/war-unit-field-engineer-v2/war-unit-field-engineer-v2-primary-left-03.png,128,128,1,
suspect,Assets/Art/War/Units/V2/Cutouts/Primary/war-unit-field-engineer-v2/war-unit-field-engineer-v2-primary-right-00.png,128,128,2,"component 1 looks separated: area=87 ratio=0.03 dist=24.0 bbox=[53, 121, 73, 127] | large alpha touches frame edge: 1"
suspect,Assets/Art/War/Units/V2/Cutouts/Primary/war-unit-field-engineer-v2/war-unit-field-engineer-v2-primary-right-01.png,128,128,2,"component 1 looks separated: area=82 ratio=0.03 dist=24.0 bbox=[48, 121, 67, 127] | large alpha touches frame edge: 1"
ok,Assets/Art/War/Units/V2/Cutouts/Primary/war-unit-field-engineer-v2/war-unit-field-engineer-v2-primary-right-02.png,128,128,2,
ok,Assets/Art/War/Units/V2/Cutouts/Primary/war-unit-field-engineer-v2/war-unit-field-engineer-v2-primary-right-03.png,128,128,2,
ok,Assets/Art/War/Units/V2/Cutouts/Primary/war-unit-field-engineer-v2/war-unit-field-engineer-v2-primary-up-00.png,128,128,1,large alpha touches frame edge: 0
ok,Assets/Art/War/Units/V2/Cutouts/Primary/war-unit-field-engineer-v2/war-unit-field-engineer-v2-primary-up-01.png,128,128,1,large alpha touches frame edge: 0
ok,Assets/Art/War/Units/V2/Cutouts/Primary/war-unit-field-engineer-v2/war-unit-field-engineer-v2-primary-up-02.png,128,128,1,large alpha touches frame edge: 0
ok,Assets/Art/War/Units/V2/Cutouts/Primary/war-unit-field-engineer-v2/war-unit-field-engineer-v2-primary-up-03.png,128,128,1,large alpha touches frame edge: 0
ok,Assets/Art/War/Units/V2/Cutouts/Primary/war-unit-grave-mine-warden-v2/war-unit-grave-mine-warden-v2-primary-down-00.png,128,128,2,
ok,Assets/Art/War/Units/V2/Cutouts/Primary/war-unit-grave-mine-warden-v2/war-unit-grave-mine-warden-v2-primary-down-01.png,128,128,2,
ok,Assets/Art/War/Units/V2/Cutouts/Primary/war-unit-grave-mine-warden-v2/war-unit-grave-mine-warden-v2-primary-down-02.png,128,128,3,
ok,Assets/Art/War/Units/V2/Cutouts/Primary/war-unit-grave-mine-warden-v2/war-unit-grave-mine-warden-v2-primary-down-03.png,128,128,3,
ok,Assets/Art/War/Units/V2/Cutouts/Primary/war-unit-grave-mine-warden-v2/war-unit-grave-mine-warden-v2-primary-left-00.png,128,128,1,
suspect,Assets/Art/War/Units/V2/Cutouts/Primary/war-unit-grave-mine-warden-v2/war-unit-grave-mine-warden-v2-primary-left-01.png,128,128,4,"component 2 looks separated: area=186 ratio=0.05 dist=24.0 bbox=[113, 58, 127, 93] | large alpha touches frame edge: 2"
suspect,Assets/Art/War/Units/V2/Cutouts/Primary/war-unit-grave-mine-warden-v2/war-unit-grave-mine-warden-v2-primary-left-02.png,128,128,3,"component 1 looks separated: area=232 ratio=0.06 dist=22.0 bbox=[97, 80, 116, 94] | component 2 looks separated: area=186 ratio=0.05 dist=36.0 bbox=[111, 58, 125, 93] | large alpha touches frame edge: 0"
ok,Assets/Art/War/Units/V2/Cutouts/Primary/war-unit-grave-mine-warden-v2/war-unit-grave-mine-warden-v2-primary-left-03.png,128,128,1,large alpha touches frame edge: 0
ok,Assets/Art/War/Units/V2/Cutouts/Primary/war-unit-grave-mine-warden-v2/war-unit-grave-mine-warden-v2-primary-right-00.png,128,128,3,
ok,Assets/Art/War/Units/V2/Cutouts/Primary/war-unit-grave-mine-warden-v2/war-unit-grave-mine-warden-v2-primary-right-01.png,128,128,2,
ok,Assets/Art/War/Units/V2/Cutouts/Primary/war-unit-grave-mine-warden-v2/war-unit-grave-mine-warden-v2-primary-right-02.png,128,128,3,
ok,Assets/Art/War/Units/V2/Cutouts/Primary/war-unit-grave-mine-warden-v2/war-unit-grave-mine-warden-v2-primary-right-03.png,128,128,3,
ok,Assets/Art/War/Units/V2/Cutouts/Primary/war-unit-grave-mine-warden-v2/war-unit-grave-mine-warden-v2-primary-up-00.png,128,128,1,
ok,Assets/Art/War/Units/V2/Cutouts/Primary/war-unit-grave-mine-warden-v2/war-unit-grave-mine-warden-v2-primary-up-01.png,128,128,1,
ok,Assets/Art/War/Units/V2/Cutouts/Primary/war-unit-grave-mine-warden-v2/war-unit-grave-mine-warden-v2-primary-up-02.png,128,128,4,
suspect,Assets/Art/War/Units/V2/Cutouts/Primary/war-unit-grave-mine-warden-v2/war-unit-grave-mine-warden-v2-primary-up-03.png,128,128,2,large alpha touches frame edge: 0
ok,Assets/Art/War/Units/V2/Cutouts/Primary/war-unit-grave-salt-warden-v2/war-unit-grave-salt-warden-v2-primary-down-00.png,128,128,1,
ok,Assets/Art/War/Units/V2/Cutouts/Primary/war-unit-grave-salt-warden-v2/war-unit-grave-salt-warden-v2-primary-down-01.png,128,128,1,
ok,Assets/Art/War/Units/V2/Cutouts/Primary/war-unit-grave-salt-warden-v2/war-unit-grave-salt-warden-v2-primary-down-02.png,128,128,1,
ok,Assets/Art/War/Units/V2/Cutouts/Primary/war-unit-grave-salt-warden-v2/war-unit-grave-salt-warden-v2-primary-down-03.png,128,128,1,
ok,Assets/Art/War/Units/V2/Cutouts/Primary/war-unit-grave-salt-warden-v2/war-unit-grave-salt-warden-v2-primary-left-00.png,128,128,1,
ok,Assets/Art/War/Units/V2/Cutouts/Primary/war-unit-grave-salt-warden-v2/war-unit-grave-salt-warden-v2-primary-left-01.png,128,128,2,
ok,Assets/Art/War/Units/V2/Cutouts/Primary/war-unit-grave-salt-warden-v2/war-unit-grave-salt-warden-v2-primary-left-02.png,128,128,1,large alpha touches frame edge: 0
ok,Assets/Art/War/Units/V2/Cutouts/Primary/war-unit-grave-salt-warden-v2/war-unit-grave-salt-warden-v2-primary-left-03.png,128,128,1,large alpha touches frame edge: 0
ok,Assets/Art/War/Units/V2/Cutouts/Primary/war-unit-grave-salt-warden-v2/war-unit-grave-salt-warden-v2-primary-right-00.png,128,128,1,
ok,Assets/Art/War/Units/V2/Cutouts/Primary/war-unit-grave-salt-warden-v2/war-unit-grave-salt-warden-v2-primary-right-01.png,128,128,1,
ok,Assets/Art/War/Units/V2/Cutouts/Primary/war-unit-grave-salt-warden-v2/war-unit-grave-salt-warden-v2-primary-right-02.png,128,128,1,
ok,Assets/Art/War/Units/V2/Cutouts/Primary/war-unit-grave-salt-warden-v2/war-unit-grave-salt-warden-v2-primary-right-03.png,128,128,1,
ok,Assets/Art/War/Units/V2/Cutouts/Primary/war-unit-grave-salt-warden-v2/war-unit-grave-salt-warden-v2-primary-up-00.png,128,128,1,
ok,Assets/Art/War/Units/V2/Cutouts/Primary/war-unit-grave-salt-warden-v2/war-unit-grave-salt-warden-v2-primary-up-01.png,128,128,1,
ok,Assets/Art/War/Units/V2/Cutouts/Primary/war-unit-grave-salt-warden-v2/war-unit-grave-salt-warden-v2-primary-up-02.png,128,128,2,
ok,Assets/Art/War/Units/V2/Cutouts/Primary/war-unit-grave-salt-warden-v2/war-unit-grave-salt-warden-v2-primary-up-03.png,128,128,1,large alpha touches frame edge: 0
ok,Assets/Art/War/Units/V2/Cutouts/Primary/war-unit-grenadier-v2/war-unit-grenadier-v2-primary-down-00.png,128,128,1,
ok,Assets/Art/War/Units/V2/Cutouts/Primary/war-unit-grenadier-v2/war-unit-grenadier-v2-primary-down-01.png,128,128,1,
ok,Assets/Art/War/Units/V2/Cutouts/Primary/war-unit-grenadier-v2/war-unit-grenadier-v2-primary-down-02.png,128,128,1,
ok,Assets/Art/War/Units/V2/Cutouts/Primary/war-unit-grenadier-v2/war-unit-grenadier-v2-primary-down-03.png,128,128,1,
ok,Assets/Art/War/Units/V2/Cutouts/Primary/war-unit-grenadier-v2/war-unit-grenadier-v2-primary-left-00.png,128,128,1,
ok,Assets/Art/War/Units/V2/Cutouts/Primary/war-unit-grenadier-v2/war-unit-grenadier-v2-primary-left-01.png,128,128,1,
ok,Assets/Art/War/Units/V2/Cutouts/Primary/war-unit-grenadier-v2/war-unit-grenadier-v2-primary-left-02.png,128,128,1,large alpha touches frame edge: 0
ok,Assets/Art/War/Units/V2/Cutouts/Primary/war-unit-grenadier-v2/war-unit-grenadier-v2-primary-left-03.png,128,128,1,
ok,Assets/Art/War/Units/V2/Cutouts/Primary/war-unit-grenadier-v2/war-unit-grenadier-v2-primary-right-00.png,128,128,2,
ok,Assets/Art/War/Units/V2/Cutouts/Primary/war-unit-grenadier-v2/war-unit-grenadier-v2-primary-right-01.png,128,128,2,
ok,Assets/Art/War/Units/V2/Cutouts/Primary/war-unit-grenadier-v2/war-unit-grenadier-v2-primary-right-02.png,128,128,2,
ok,Assets/Art/War/Units/V2/Cutouts/Primary/war-unit-grenadier-v2/war-unit-grenadier-v2-primary-right-03.png,128,128,2,
ok,Assets/Art/War/Units/V2/Cutouts/Primary/war-unit-grenadier-v2/war-unit-grenadier-v2-primary-up-00.png,128,128,1,large alpha touches frame edge: 0
ok,Assets/Art/War/Units/V2/Cutouts/Primary/war-unit-grenadier-v2/war-unit-grenadier-v2-primary-up-01.png,128,128,1,large alpha touches frame edge: 0
ok,Assets/Art/War/Units/V2/Cutouts/Primary/war-unit-grenadier-v2/war-unit-grenadier-v2-primary-up-02.png,128,128,1,large alpha touches frame edge: 0
ok,Assets/Art/War/Units/V2/Cutouts/Primary/war-unit-grenadier-v2/war-unit-grenadier-v2-primary-up-03.png,128,128,1,large alpha touches frame edge: 0
ok,Assets/Art/War/Units/V2/Cutouts/Primary/war-unit-mg-gunner-v2/war-unit-mg-gunner-v2-primary-down-00.png,128,128,1,
ok,Assets/Art/War/Units/V2/Cutouts/Primary/war-unit-mg-gunner-v2/war-unit-mg-gunner-v2-primary-down-01.png,128,128,1,
ok,Assets/Art/War/Units/V2/Cutouts/Primary/war-unit-mg-gunner-v2/war-unit-mg-gunner-v2-primary-down-02.png,128,128,1,
ok,Assets/Art/War/Units/V2/Cutouts/Primary/war-unit-mg-gunner-v2/war-unit-mg-gunner-v2-primary-down-03.png,128,128,1,
ok,Assets/Art/War/Units/V2/Cutouts/Primary/war-unit-mg-gunner-v2/war-unit-mg-gunner-v2-primary-left-00.png,128,128,1,
ok,Assets/Art/War/Units/V2/Cutouts/Primary/war-unit-mg-gunner-v2/war-unit-mg-gunner-v2-primary-left-01.png,128,128,1,
ok,Assets/Art/War/Units/V2/Cutouts/Primary/war-unit-mg-gunner-v2/war-unit-mg-gunner-v2-primary-left-02.png,128,128,1,
ok,Assets/Art/War/Units/V2/Cutouts/Primary/war-unit-mg-gunner-v2/war-unit-mg-gunner-v2-primary-left-03.png,128,128,1,
ok,Assets/Art/War/Units/V2/Cutouts/Primary/war-unit-mg-gunner-v2/war-unit-mg-gunner-v2-primary-right-00.png,128,128,2,
ok,Assets/Art/War/Units/V2/Cutouts/Primary/war-unit-mg-gunner-v2/war-unit-mg-gunner-v2-primary-right-01.png,128,128,2,
ok,Assets/Art/War/Units/V2/Cutouts/Primary/war-unit-mg-gunner-v2/war-unit-mg-gunner-v2-primary-right-02.png,128,128,1,
ok,Assets/Art/War/Units/V2/Cutouts/Primary/war-unit-mg-gunner-v2/war-unit-mg-gunner-v2-primary-right-03.png,128,128,1,
ok,Assets/Art/War/Units/V2/Cutouts/Primary/war-unit-mg-gunner-v2/war-unit-mg-gunner-v2-primary-up-00.png,128,128,1,large alpha touches frame edge: 0
ok,Assets/Art/War/Units/V2/Cutouts/Primary/war-unit-mg-gunner-v2/war-unit-mg-gunner-v2-primary-up-01.png,128,128,1,large alpha touches frame edge: 0
ok,Assets/Art/War/Units/V2/Cutouts/Primary/war-unit-mg-gunner-v2/war-unit-mg-gunner-v2-primary-up-02.png,128,128,1,
ok,Assets/Art/War/Units/V2/Cutouts/Primary/war-unit-mg-gunner-v2/war-unit-mg-gunner-v2-primary-up-03.png,128,128,1,
ok,Assets/Art/War/Units/V2/Cutouts/Primary/war-unit-patrol-corporal-v2/war-unit-patrol-corporal-v2-primary-down-00.png,128,256,1,large alpha touches frame edge: 0
ok,Assets/Art/War/Units/V2/Cutouts/Primary/war-unit-patrol-corporal-v2/war-unit-patrol-corporal-v2-primary-down-01.png,128,256,1,large alpha touches frame edge: 0
ok,Assets/Art/War/Units/V2/Cutouts/Primary/war-unit-patrol-corporal-v2/war-unit-patrol-corporal-v2-primary-down-02.png,128,256,1,large alpha touches frame edge: 0
ok,Assets/Art/War/Units/V2/Cutouts/Primary/war-unit-patrol-corporal-v2/war-unit-patrol-corporal-v2-primary-down-03.png,128,256,1,large alpha touches frame edge: 0
ok,Assets/Art/War/Units/V2/Cutouts/Primary/war-unit-patrol-corporal-v2/war-unit-patrol-corporal-v2-primary-left-00.png,128,256,1,large alpha touches frame edge: 0
ok,Assets/Art/War/Units/V2/Cutouts/Primary/war-unit-patrol-corporal-v2/war-unit-patrol-corporal-v2-primary-left-01.png,128,256,1,large alpha touches frame edge: 0
ok,Assets/Art/War/Units/V2/Cutouts/Primary/war-unit-patrol-corporal-v2/war-unit-patrol-corporal-v2-primary-left-02.png,128,256,1,large alpha touches frame edge: 0
ok,Assets/Art/War/Units/V2/Cutouts/Primary/war-unit-patrol-corporal-v2/war-unit-patrol-corporal-v2-primary-left-03.png,128,256,1,large alpha touches frame edge: 0
ok,Assets/Art/War/Units/V2/Cutouts/Primary/war-unit-patrol-corporal-v2/war-unit-patrol-corporal-v2-primary-right-00.png,128,256,1,large alpha touches frame edge: 0
ok,Assets/Art/War/Units/V2/Cutouts/Primary/war-unit-patrol-corporal-v2/war-unit-patrol-corporal-v2-primary-right-01.png,128,256,1,large alpha touches frame edge: 0
ok,Assets/Art/War/Units/V2/Cutouts/Primary/war-unit-patrol-corporal-v2/war-unit-patrol-corporal-v2-primary-right-02.png,128,256,1,large alpha touches frame edge: 0
ok,Assets/Art/War/Units/V2/Cutouts/Primary/war-unit-patrol-corporal-v2/war-unit-patrol-corporal-v2-primary-right-03.png,128,256,1,large alpha touches frame edge: 0
ok,Assets/Art/War/Units/V2/Cutouts/Primary/war-unit-patrol-corporal-v2/war-unit-patrol-corporal-v2-primary-up-00.png,128,256,1,large alpha touches frame edge: 0
ok,Assets/Art/War/Units/V2/Cutouts/Primary/war-unit-patrol-corporal-v2/war-unit-patrol-corporal-v2-primary-up-01.png,128,256,1,large alpha touches frame edge: 0
ok,Assets/Art/War/Units/V2/Cutouts/Primary/war-unit-patrol-corporal-v2/war-unit-patrol-corporal-v2-primary-up-02.png,128,256,1,large alpha touches frame edge: 0
suspect,Assets/Art/War/Units/V2/Cutouts/Primary/war-unit-patrol-corporal-v2/war-unit-patrol-corporal-v2-primary-up-03.png,128,256,2,large alpha touches frame edge: 0
ok,Assets/Art/War/Units/V2/Cutouts/Primary/war-unit-porter-v2/war-unit-porter-v2-primary-down-00.png,128,128,1,
ok,Assets/Art/War/Units/V2/Cutouts/Primary/war-unit-porter-v2/war-unit-porter-v2-primary-down-01.png,128,128,1,
ok,Assets/Art/War/Units/V2/Cutouts/Primary/war-unit-porter-v2/war-unit-porter-v2-primary-down-02.png,128,128,1,
ok,Assets/Art/War/Units/V2/Cutouts/Primary/war-unit-porter-v2/war-unit-porter-v2-primary-down-03.png,128,128,1,
ok,Assets/Art/War/Units/V2/Cutouts/Primary/war-unit-porter-v2/war-unit-porter-v2-primary-left-00.png,128,128,1,
ok,Assets/Art/War/Units/V2/Cutouts/Primary/war-unit-porter-v2/war-unit-porter-v2-primary-left-01.png,128,128,1,
ok,Assets/Art/War/Units/V2/Cutouts/Primary/war-unit-porter-v2/war-unit-porter-v2-primary-left-02.png,128,128,1,
ok,Assets/Art/War/Units/V2/Cutouts/Primary/war-unit-porter-v2/war-unit-porter-v2-primary-left-03.png,128,128,1,large alpha touches frame edge: 0
suspect,Assets/Art/War/Units/V2/Cutouts/Primary/war-unit-porter-v2/war-unit-porter-v2-primary-right-00.png,128,128,2,"component 1 looks separated: area=178 ratio=0.06 dist=23.0 bbox=[61, 117, 81, 127] | large alpha touches frame edge: 1"
suspect,Assets/Art/War/Units/V2/Cutouts/Primary/war-unit-porter-v2/war-unit-porter-v2-primary-right-01.png,128,128,2,"component 1 looks separated: area=169 ratio=0.06 dist=23.0 bbox=[51, 117, 71, 127] | large alpha touches frame edge: 1"
suspect,Assets/Art/War/Units/V2/Cutouts/Primary/war-unit-porter-v2/war-unit-porter-v2-primary-right-02.png,128,128,2,"component 1 looks separated: area=145 ratio=0.05 dist=25.0 bbox=[44, 119, 62, 127] | large alpha touches frame edge: 1"
suspect,Assets/Art/War/Units/V2/Cutouts/Primary/war-unit-porter-v2/war-unit-porter-v2-primary-right-03.png,128,128,2,"component 1 looks separated: area=163 ratio=0.05 dist=24.0 bbox=[35, 118, 54, 127] | large alpha touches frame edge: 1"
ok,Assets/Art/War/Units/V2/Cutouts/Primary/war-unit-porter-v2/war-unit-porter-v2-primary-up-00.png,128,128,1,large alpha touches frame edge: 0
ok,Assets/Art/War/Units/V2/Cutouts/Primary/war-unit-porter-v2/war-unit-porter-v2-primary-up-01.png,128,128,1,large alpha touches frame edge: 0
ok,Assets/Art/War/Units/V2/Cutouts/Primary/war-unit-porter-v2/war-unit-porter-v2-primary-up-02.png,128,128,1,large alpha touches frame edge: 0
ok,Assets/Art/War/Units/V2/Cutouts/Primary/war-unit-porter-v2/war-unit-porter-v2-primary-up-03.png,128,128,1,large alpha touches frame edge: 0
ok,Assets/Art/War/Units/V2/Cutouts/Primary/war-unit-pressure-projector-v2/war-unit-pressure-projector-v2-primary-down-00.png,128,128,1,
ok,Assets/Art/War/Units/V2/Cutouts/Primary/war-unit-pressure-projector-v2/war-unit-pressure-projector-v2-primary-down-01.png,128,128,1,
ok,Assets/Art/War/Units/V2/Cutouts/Primary/war-unit-pressure-projector-v2/war-unit-pressure-projector-v2-primary-down-02.png,128,128,1,
ok,Assets/Art/War/Units/V2/Cutouts/Primary/war-unit-pressure-projector-v2/war-unit-pressure-projector-v2-primary-down-03.png,128,128,1,
ok,Assets/Art/War/Units/V2/Cutouts/Primary/war-unit-pressure-projector-v2/war-unit-pressure-projector-v2-primary-left-00.png,128,128,1,
ok,Assets/Art/War/Units/V2/Cutouts/Primary/war-unit-pressure-projector-v2/war-unit-pressure-projector-v2-primary-left-01.png,128,128,1,
ok,Assets/Art/War/Units/V2/Cutouts/Primary/war-unit-pressure-projector-v2/war-unit-pressure-projector-v2-primary-left-02.png,128,128,2,
ok,Assets/Art/War/Units/V2/Cutouts/Primary/war-unit-pressure-projector-v2/war-unit-pressure-projector-v2-primary-left-03.png,128,128,1,large alpha touches frame edge: 0
suspect,Assets/Art/War/Units/V2/Cutouts/Primary/war-unit-pressure-projector-v2/war-unit-pressure-projector-v2-primary-right-00.png,128,128,2,"component 1 looks separated: area=287 ratio=0.08 dist=28.0 bbox=[51, 112, 79, 127] | large alpha touches frame edge: 1"
suspect,Assets/Art/War/Units/V2/Cutouts/Primary/war-unit-pressure-projector-v2/war-unit-pressure-projector-v2-primary-right-01.png,128,128,4,"component 1 looks separated: area=212 ratio=0.06 dist=32.0 bbox=[53, 115, 74, 127] | large alpha touches frame edge: 1"
suspect,Assets/Art/War/Units/V2/Cutouts/Primary/war-unit-pressure-projector-v2/war-unit-pressure-projector-v2-primary-right-02.png,128,128,2,"component 1 looks separated: area=249 ratio=0.07 dist=29.0 bbox=[42, 114, 64, 127] | large alpha touches frame edge: 1"
suspect,Assets/Art/War/Units/V2/Cutouts/Primary/war-unit-pressure-projector-v2/war-unit-pressure-projector-v2-primary-right-03.png,128,128,3,"component 1 looks separated: area=256 ratio=0.07 dist=27.0 bbox=[33, 113, 55, 127] | large alpha touches frame edge: 1"
ok,Assets/Art/War/Units/V2/Cutouts/Primary/war-unit-pressure-projector-v2/war-unit-pressure-projector-v2-primary-up-00.png,128,128,1,large alpha touches frame edge: 0
ok,Assets/Art/War/Units/V2/Cutouts/Primary/war-unit-pressure-projector-v2/war-unit-pressure-projector-v2-primary-up-01.png,128,128,1,large alpha touches frame edge: 0
ok,Assets/Art/War/Units/V2/Cutouts/Primary/war-unit-pressure-projector-v2/war-unit-pressure-projector-v2-primary-up-02.png,128,128,1,large alpha touches frame edge: 0
ok,Assets/Art/War/Units/V2/Cutouts/Primary/war-unit-pressure-projector-v2/war-unit-pressure-projector-v2-primary-up-03.png,128,128,1,large alpha touches frame edge: 0
ok,Assets/Art/War/Units/V2/Cutouts/Primary/war-unit-quartermaster-runner-v2/war-unit-quartermaster-runner-v2-primary-down-00.png,128,256,1,large alpha touches frame edge: 0
ok,Assets/Art/War/Units/V2/Cutouts/Primary/war-unit-quartermaster-runner-v2/war-unit-quartermaster-runner-v2-primary-down-01.png,128,256,1,large alpha touches frame edge: 0
ok,Assets/Art/War/Units/V2/Cutouts/Primary/war-unit-quartermaster-runner-v2/war-unit-quartermaster-runner-v2-primary-down-02.png,128,256,1,large alpha touches frame edge: 0
ok,Assets/Art/War/Units/V2/Cutouts/Primary/war-unit-quartermaster-runner-v2/war-unit-quartermaster-runner-v2-primary-down-03.png,128,256,1,large alpha touches frame edge: 0
ok,Assets/Art/War/Units/V2/Cutouts/Primary/war-unit-quartermaster-runner-v2/war-unit-quartermaster-runner-v2-primary-left-00.png,128,256,2,
ok,Assets/Art/War/Units/V2/Cutouts/Primary/war-unit-quartermaster-runner-v2/war-unit-quartermaster-runner-v2-primary-left-01.png,128,256,2,
ok,Assets/Art/War/Units/V2/Cutouts/Primary/war-unit-quartermaster-runner-v2/war-unit-quartermaster-runner-v2-primary-left-02.png,128,256,2,
ok,Assets/Art/War/Units/V2/Cutouts/Primary/war-unit-quartermaster-runner-v2/war-unit-quartermaster-runner-v2-primary-left-03.png,128,256,2,
ok,Assets/Art/War/Units/V2/Cutouts/Primary/war-unit-quartermaster-runner-v2/war-unit-quartermaster-runner-v2-primary-right-00.png,128,256,1,
ok,Assets/Art/War/Units/V2/Cutouts/Primary/war-unit-quartermaster-runner-v2/war-unit-quartermaster-runner-v2-primary-right-01.png,128,256,1,
ok,Assets/Art/War/Units/V2/Cutouts/Primary/war-unit-quartermaster-runner-v2/war-unit-quartermaster-runner-v2-primary-right-02.png,128,256,1,
ok,Assets/Art/War/Units/V2/Cutouts/Primary/war-unit-quartermaster-runner-v2/war-unit-quartermaster-runner-v2-primary-right-03.png,128,256,1,
ok,Assets/Art/War/Units/V2/Cutouts/Primary/war-unit-quartermaster-runner-v2/war-unit-quartermaster-runner-v2-primary-up-00.png,128,256,1,
ok,Assets/Art/War/Units/V2/Cutouts/Primary/war-unit-quartermaster-runner-v2/war-unit-quartermaster-runner-v2-primary-up-01.png,128,256,1,
ok,Assets/Art/War/Units/V2/Cutouts/Primary/war-unit-quartermaster-runner-v2/war-unit-quartermaster-runner-v2-primary-up-02.png,128,256,1,
ok,Assets/Art/War/Units/V2/Cutouts/Primary/war-unit-quartermaster-runner-v2/war-unit-quartermaster-runner-v2-primary-up-03.png,128,256,1,
ok,Assets/Art/War/Units/V2/Cutouts/Primary/war-unit-rifleman-v2/war-unit-rifleman-v2-primary-down-00.png,128,128,1,
ok,Assets/Art/War/Units/V2/Cutouts/Primary/war-unit-rifleman-v2/war-unit-rifleman-v2-primary-down-01.png,128,128,1,
ok,Assets/Art/War/Units/V2/Cutouts/Primary/war-unit-rifleman-v2/war-unit-rifleman-v2-primary-down-02.png,128,128,1,
ok,Assets/Art/War/Units/V2/Cutouts/Primary/war-unit-rifleman-v2/war-unit-rifleman-v2-primary-down-03.png,128,128,1,
ok,Assets/Art/War/Units/V2/Cutouts/Primary/war-unit-rifleman-v2/war-unit-rifleman-v2-primary-left-00.png,128,128,1,
ok,Assets/Art/War/Units/V2/Cutouts/Primary/war-unit-rifleman-v2/war-unit-rifleman-v2-primary-left-01.png,128,128,1,
ok,Assets/Art/War/Units/V2/Cutouts/Primary/war-unit-rifleman-v2/war-unit-rifleman-v2-primary-left-02.png,128,128,1,
ok,Assets/Art/War/Units/V2/Cutouts/Primary/war-unit-rifleman-v2/war-unit-rifleman-v2-primary-left-03.png,128,128,1,
ok,Assets/Art/War/Units/V2/Cutouts/Primary/war-unit-rifleman-v2/war-unit-rifleman-v2-primary-right-00.png,128,128,2,
suspect,Assets/Art/War/Units/V2/Cutouts/Primary/war-unit-rifleman-v2/war-unit-rifleman-v2-primary-right-01.png,128,128,2,large alpha touches frame edge: 0
suspect,Assets/Art/War/Units/V2/Cutouts/Primary/war-unit-rifleman-v2/war-unit-rifleman-v2-primary-right-02.png,128,128,2,"component 1 looks separated: area=103 ratio=0.03 dist=21.0 bbox=[0, 26, 12, 43] | large alpha touches frame edge: 1"
ok,Assets/Art/War/Units/V2/Cutouts/Primary/war-unit-rifleman-v2/war-unit-rifleman-v2-primary-right-03.png,128,128,1,
ok,Assets/Art/War/Units/V2/Cutouts/Primary/war-unit-rifleman-v2/war-unit-rifleman-v2-primary-up-00.png,128,128,1,large alpha touches frame edge: 0
ok,Assets/Art/War/Units/V2/Cutouts/Primary/war-unit-rifleman-v2/war-unit-rifleman-v2-primary-up-01.png,128,128,1,large alpha touches frame edge: 0
ok,Assets/Art/War/Units/V2/Cutouts/Primary/war-unit-rifleman-v2/war-unit-rifleman-v2-primary-up-02.png,128,128,1,large alpha touches frame edge: 0
ok,Assets/Art/War/Units/V2/Cutouts/Primary/war-unit-rifleman-v2/war-unit-rifleman-v2-primary-up-03.png,128,128,1,large alpha touches frame edge: 0
ok,Assets/Art/War/Units/V2/Cutouts/Primary/war-unit-sapper-v2/war-unit-sapper-v2-primary-down-00.png,128,128,1,
ok,Assets/Art/War/Units/V2/Cutouts/Primary/war-unit-sapper-v2/war-unit-sapper-v2-primary-down-01.png,128,128,1,
ok,Assets/Art/War/Units/V2/Cutouts/Primary/war-unit-sapper-v2/war-unit-sapper-v2-primary-down-02.png,128,128,1,
ok,Assets/Art/War/Units/V2/Cutouts/Primary/war-unit-sapper-v2/war-unit-sapper-v2-primary-down-03.png,128,128,1,
ok,Assets/Art/War/Units/V2/Cutouts/Primary/war-unit-sapper-v2/war-unit-sapper-v2-primary-left-00.png,128,128,1,
ok,Assets/Art/War/Units/V2/Cutouts/Primary/war-unit-sapper-v2/war-unit-sapper-v2-primary-left-01.png,128,128,1,
ok,Assets/Art/War/Units/V2/Cutouts/Primary/war-unit-sapper-v2/war-unit-sapper-v2-primary-left-02.png,128,128,1,
ok,Assets/Art/War/Units/V2/Cutouts/Primary/war-unit-sapper-v2/war-unit-sapper-v2-primary-left-03.png,128,128,1,
suspect,Assets/Art/War/Units/V2/Cutouts/Primary/war-unit-sapper-v2/war-unit-sapper-v2-primary-right-00.png,128,128,2,"component 1 looks separated: area=347 ratio=0.12 dist=24.0 bbox=[57, 112, 91, 127] | large alpha touches frame edge: 1"
suspect,Assets/Art/War/Units/V2/Cutouts/Primary/war-unit-sapper-v2/war-unit-sapper-v2-primary-right-01.png,128,128,3,"component 1 looks separated: area=374 ratio=0.13 dist=24.0 bbox=[39, 112, 76, 127] | large alpha touches frame edge: 1"
suspect,Assets/Art/War/Units/V2/Cutouts/Primary/war-unit-sapper-v2/war-unit-sapper-v2-primary-right-02.png,128,128,2,"component 1 looks separated: area=351 ratio=0.12 dist=24.0 bbox=[37, 112, 71, 127] | large alpha touches frame edge: 1"
suspect,Assets/Art/War/Units/V2/Cutouts/Primary/war-unit-sapper-v2/war-unit-sapper-v2-primary-right-03.png,128,128,2,"component 1 looks separated: area=408 ratio=0.14 dist=24.0 bbox=[25, 112, 70, 127] | large alpha touches frame edge: 1"
ok,Assets/Art/War/Units/V2/Cutouts/Primary/war-unit-sapper-v2/war-unit-sapper-v2-primary-up-00.png,128,128,1,large alpha touches frame edge: 0
ok,Assets/Art/War/Units/V2/Cutouts/Primary/war-unit-sapper-v2/war-unit-sapper-v2-primary-up-01.png,128,128,1,large alpha touches frame edge: 0
ok,Assets/Art/War/Units/V2/Cutouts/Primary/war-unit-sapper-v2/war-unit-sapper-v2-primary-up-02.png,128,128,1,large alpha touches frame edge: 0
ok,Assets/Art/War/Units/V2/Cutouts/Primary/war-unit-sapper-v2/war-unit-sapper-v2-primary-up-03.png,128,128,1,large alpha touches frame edge: 0
ok,Assets/Art/War/Units/V2/Cutouts/Primary/war-unit-scout-v2/war-unit-scout-v2-primary-down-00.png,128,128,1,
ok,Assets/Art/War/Units/V2/Cutouts/Primary/war-unit-scout-v2/war-unit-scout-v2-primary-down-01.png,128,128,1,
ok,Assets/Art/War/Units/V2/Cutouts/Primary/war-unit-scout-v2/war-unit-scout-v2-primary-down-02.png,128,128,1,
ok,Assets/Art/War/Units/V2/Cutouts/Primary/war-unit-scout-v2/war-unit-scout-v2-primary-down-03.png,128,128,1,
ok,Assets/Art/War/Units/V2/Cutouts/Primary/war-unit-scout-v2/war-unit-scout-v2-primary-left-00.png,128,128,1,
ok,Assets/Art/War/Units/V2/Cutouts/Primary/war-unit-scout-v2/war-unit-scout-v2-primary-left-01.png,128,128,1,
ok,Assets/Art/War/Units/V2/Cutouts/Primary/war-unit-scout-v2/war-unit-scout-v2-primary-left-02.png,128,128,1,
ok,Assets/Art/War/Units/V2/Cutouts/Primary/war-unit-scout-v2/war-unit-scout-v2-primary-left-03.png,128,128,1,
ok,Assets/Art/War/Units/V2/Cutouts/Primary/war-unit-scout-v2/war-unit-scout-v2-primary-right-00.png,128,128,1,
ok,Assets/Art/War/Units/V2/Cutouts/Primary/war-unit-scout-v2/war-unit-scout-v2-primary-right-01.png,128,128,1,
ok,Assets/Art/War/Units/V2/Cutouts/Primary/war-unit-scout-v2/war-unit-scout-v2-primary-right-02.png,128,128,1,
ok,Assets/Art/War/Units/V2/Cutouts/Primary/war-unit-scout-v2/war-unit-scout-v2-primary-right-03.png,128,128,1,
ok,Assets/Art/War/Units/V2/Cutouts/Primary/war-unit-scout-v2/war-unit-scout-v2-primary-up-00.png,128,128,1,large alpha touches frame edge: 0
ok,Assets/Art/War/Units/V2/Cutouts/Primary/war-unit-scout-v2/war-unit-scout-v2-primary-up-01.png,128,128,1,large alpha touches frame edge: 0
ok,Assets/Art/War/Units/V2/Cutouts/Primary/war-unit-scout-v2/war-unit-scout-v2-primary-up-02.png,128,128,1,large alpha touches frame edge: 0
ok,Assets/Art/War/Units/V2/Cutouts/Primary/war-unit-scout-v2/war-unit-scout-v2-primary-up-03.png,128,128,1,large alpha touches frame edge: 0
ok,Assets/Art/War/Units/V2/Cutouts/Primary/war-unit-senior-surgeon-v2/war-unit-senior-surgeon-v2-primary-down-00.png,128,256,1,
ok,Assets/Art/War/Units/V2/Cutouts/Primary/war-unit-senior-surgeon-v2/war-unit-senior-surgeon-v2-primary-down-01.png,128,256,1,
ok,Assets/Art/War/Units/V2/Cutouts/Primary/war-unit-senior-surgeon-v2/war-unit-senior-surgeon-v2-primary-down-02.png,128,256,2,
ok,Assets/Art/War/Units/V2/Cutouts/Primary/war-unit-senior-surgeon-v2/war-unit-senior-surgeon-v2-primary-down-03.png,128,256,2,
ok,Assets/Art/War/Units/V2/Cutouts/Primary/war-unit-senior-surgeon-v2/war-unit-senior-surgeon-v2-primary-left-00.png,128,256,1,
suspect,Assets/Art/War/Units/V2/Cutouts/Primary/war-unit-senior-surgeon-v2/war-unit-senior-surgeon-v2-primary-left-01.png,128,256,2,"large alpha touches frame edge: 0,1"
suspect,Assets/Art/War/Units/V2/Cutouts/Primary/war-unit-senior-surgeon-v2/war-unit-senior-surgeon-v2-primary-left-02.png,128,256,2,"large alpha touches frame edge: 0,1"
ok,Assets/Art/War/Units/V2/Cutouts/Primary/war-unit-senior-surgeon-v2/war-unit-senior-surgeon-v2-primary-left-03.png,128,256,1,large alpha touches frame edge: 0
suspect,Assets/Art/War/Units/V2/Cutouts/Primary/war-unit-senior-surgeon-v2/war-unit-senior-surgeon-v2-primary-right-00.png,128,256,2,large alpha touches frame edge: 0
ok,Assets/Art/War/Units/V2/Cutouts/Primary/war-unit-senior-surgeon-v2/war-unit-senior-surgeon-v2-primary-right-01.png,128,256,2,
suspect,Assets/Art/War/Units/V2/Cutouts/Primary/war-unit-senior-surgeon-v2/war-unit-senior-surgeon-v2-primary-right-02.png,128,256,2,large alpha touches frame edge: 0
ok,Assets/Art/War/Units/V2/Cutouts/Primary/war-unit-senior-surgeon-v2/war-unit-senior-surgeon-v2-primary-right-03.png,128,256,2,
ok,Assets/Art/War/Units/V2/Cutouts/Primary/war-unit-senior-surgeon-v2/war-unit-senior-surgeon-v2-primary-up-00.png,128,256,1,
ok,Assets/Art/War/Units/V2/Cutouts/Primary/war-unit-senior-surgeon-v2/war-unit-senior-surgeon-v2-primary-up-01.png,128,256,1,
ok,Assets/Art/War/Units/V2/Cutouts/Primary/war-unit-senior-surgeon-v2/war-unit-senior-surgeon-v2-primary-up-02.png,128,256,1,
ok,Assets/Art/War/Units/V2/Cutouts/Primary/war-unit-senior-surgeon-v2/war-unit-senior-surgeon-v2-primary-up-03.png,128,256,1,
ok,Assets/Art/War/Units/V2/Cutouts/Primary/war-unit-shell-runner-v2/war-unit-shell-runner-v2-primary-down-00.png,128,128,1,
ok,Assets/Art/War/Units/V2/Cutouts/Primary/war-unit-shell-runner-v2/war-unit-shell-runner-v2-primary-down-01.png,128,128,1,
ok,Assets/Art/War/Units/V2/Cutouts/Primary/war-unit-shell-runner-v2/war-unit-shell-runner-v2-primary-down-02.png,128,128,1,
ok,Assets/Art/War/Units/V2/Cutouts/Primary/war-unit-shell-runner-v2/war-unit-shell-runner-v2-primary-down-03.png,128,128,1,
ok,Assets/Art/War/Units/V2/Cutouts/Primary/war-unit-shell-runner-v2/war-unit-shell-runner-v2-primary-left-00.png,128,128,2,
ok,Assets/Art/War/Units/V2/Cutouts/Primary/war-unit-shell-runner-v2/war-unit-shell-runner-v2-primary-left-01.png,128,128,2,
ok,Assets/Art/War/Units/V2/Cutouts/Primary/war-unit-shell-runner-v2/war-unit-shell-runner-v2-primary-left-02.png,128,128,2,
ok,Assets/Art/War/Units/V2/Cutouts/Primary/war-unit-shell-runner-v2/war-unit-shell-runner-v2-primary-left-03.png,128,128,1,
suspect,Assets/Art/War/Units/V2/Cutouts/Primary/war-unit-shell-runner-v2/war-unit-shell-runner-v2-primary-right-00.png,128,128,4,"component 1 looks separated: area=285 ratio=0.09 dist=32.0 bbox=[59, 112, 80, 127] | component 2 looks separated: area=120 ratio=0.04 dist=36.0 bbox=[43, 116, 59, 127] | component 3 looks separated: area=87 ratio=0.03 dist=37.0 bbox=[83, 117, 90, 127] | large alpha touches frame edge: 0,1,2,3"
suspect,Assets/Art/War/Units/V2/Cutouts/Primary/war-unit-shell-runner-v2/war-unit-shell-runner-v2-primary-right-01.png,128,128,3,"component 1 looks separated: area=364 ratio=0.11 dist=32.0 bbox=[58, 112, 88, 127] | component 2 looks separated: area=192 ratio=0.06 dist=36.0 bbox=[23, 116, 53, 127] | large alpha touches frame edge: 0,1,2"
suspect,Assets/Art/War/Units/V2/Cutouts/Primary/war-unit-shell-runner-v2/war-unit-shell-runner-v2-primary-right-02.png,128,128,3,"component 1 looks separated: area=374 ratio=0.12 dist=32.0 bbox=[54, 112, 85, 127] | component 2 looks separated: area=117 ratio=0.04 dist=36.0 bbox=[38, 116, 53, 127] | large alpha touches frame edge: 0,1,2"
suspect,Assets/Art/War/Units/V2/Cutouts/Primary/war-unit-shell-runner-v2/war-unit-shell-runner-v2-primary-right-03.png,128,128,4,"component 1 looks separated: area=277 ratio=0.09 dist=32.0 bbox=[49, 112, 70, 127] | component 2 looks separated: area=177 ratio=0.06 dist=36.0 bbox=[14, 116, 43, 127] | large alpha touches frame edge: 0,1,2"
ok,Assets/Art/War/Units/V2/Cutouts/Primary/war-unit-shell-runner-v2/war-unit-shell-runner-v2-primary-up-00.png,128,128,1,large alpha touches frame edge: 0
ok,Assets/Art/War/Units/V2/Cutouts/Primary/war-unit-shell-runner-v2/war-unit-shell-runner-v2-primary-up-01.png,128,128,1,large alpha touches frame edge: 0
ok,Assets/Art/War/Units/V2/Cutouts/Primary/war-unit-shell-runner-v2/war-unit-shell-runner-v2-primary-up-02.png,128,128,1,large alpha touches frame edge: 0
ok,Assets/Art/War/Units/V2/Cutouts/Primary/war-unit-shell-runner-v2/war-unit-shell-runner-v2-primary-up-03.png,128,128,1,large alpha touches frame edge: 0
ok,Assets/Art/War/Units/V2/Cutouts/Primary/war-unit-siege-mortar-artificer-v2/war-unit-siege-mortar-artificer-v2-primary-down-00.png,128,128,1,
ok,Assets/Art/War/Units/V2/Cutouts/Primary/war-unit-siege-mortar-artificer-v2/war-unit-siege-mortar-artificer-v2-primary-down-01.png,128,128,1,
ok,Assets/Art/War/Units/V2/Cutouts/Primary/war-unit-siege-mortar-artificer-v2/war-unit-siege-mortar-artificer-v2-primary-down-02.png,128,128,1,
ok,Assets/Art/War/Units/V2/Cutouts/Primary/war-unit-siege-mortar-artificer-v2/war-unit-siege-mortar-artificer-v2-primary-down-03.png,128,128,1,
ok,Assets/Art/War/Units/V2/Cutouts/Primary/war-unit-siege-mortar-artificer-v2/war-unit-siege-mortar-artificer-v2-primary-left-00.png,128,128,1,
ok,Assets/Art/War/Units/V2/Cutouts/Primary/war-unit-siege-mortar-artificer-v2/war-unit-siege-mortar-artificer-v2-primary-left-01.png,128,128,1,
ok,Assets/Art/War/Units/V2/Cutouts/Primary/war-unit-siege-mortar-artificer-v2/war-unit-siege-mortar-artificer-v2-primary-left-02.png,128,128,2,
ok,Assets/Art/War/Units/V2/Cutouts/Primary/war-unit-siege-mortar-artificer-v2/war-unit-siege-mortar-artificer-v2-primary-left-03.png,128,128,1,
ok,Assets/Art/War/Units/V2/Cutouts/Primary/war-unit-siege-mortar-artificer-v2/war-unit-siege-mortar-artificer-v2-primary-right-00.png,128,128,2,
ok,Assets/Art/War/Units/V2/Cutouts/Primary/war-unit-siege-mortar-artificer-v2/war-unit-siege-mortar-artificer-v2-primary-right-01.png,128,128,2,
ok,Assets/Art/War/Units/V2/Cutouts/Primary/war-unit-siege-mortar-artificer-v2/war-unit-siege-mortar-artificer-v2-primary-right-02.png,128,128,2,
ok,Assets/Art/War/Units/V2/Cutouts/Primary/war-unit-siege-mortar-artificer-v2/war-unit-siege-mortar-artificer-v2-primary-right-03.png,128,128,2,
ok,Assets/Art/War/Units/V2/Cutouts/Primary/war-unit-siege-mortar-artificer-v2/war-unit-siege-mortar-artificer-v2-primary-up-00.png,128,128,1,
ok,Assets/Art/War/Units/V2/Cutouts/Primary/war-unit-siege-mortar-artificer-v2/war-unit-siege-mortar-artificer-v2-primary-up-01.png,128,128,1,
ok,Assets/Art/War/Units/V2/Cutouts/Primary/war-unit-siege-mortar-artificer-v2/war-unit-siege-mortar-artificer-v2-primary-up-02.png,128,128,1,
ok,Assets/Art/War/Units/V2/Cutouts/Primary/war-unit-siege-mortar-artificer-v2/war-unit-siege-mortar-artificer-v2-primary-up-03.png,128,128,1,
ok,Assets/Art/War/Units/V2/Cutouts/Primary/war-unit-signaller-v2/war-unit-signaller-v2-primary-down-00.png,128,128,1,
ok,Assets/Art/War/Units/V2/Cutouts/Primary/war-unit-signaller-v2/war-unit-signaller-v2-primary-down-01.png,128,128,1,
ok,Assets/Art/War/Units/V2/Cutouts/Primary/war-unit-signaller-v2/war-unit-signaller-v2-primary-down-02.png,128,128,1,
ok,Assets/Art/War/Units/V2/Cutouts/Primary/war-unit-signaller-v2/war-unit-signaller-v2-primary-down-03.png,128,128,1,
ok,Assets/Art/War/Units/V2/Cutouts/Primary/war-unit-signaller-v2/war-unit-signaller-v2-primary-left-00.png,128,128,1,
ok,Assets/Art/War/Units/V2/Cutouts/Primary/war-unit-signaller-v2/war-unit-signaller-v2-primary-left-01.png,128,128,2,
ok,Assets/Art/War/Units/V2/Cutouts/Primary/war-unit-signaller-v2/war-unit-signaller-v2-primary-left-02.png,128,128,1,large alpha touches frame edge: 0
ok,Assets/Art/War/Units/V2/Cutouts/Primary/war-unit-signaller-v2/war-unit-signaller-v2-primary-left-03.png,128,128,1,
ok,Assets/Art/War/Units/V2/Cutouts/Primary/war-unit-signaller-v2/war-unit-signaller-v2-primary-right-00.png,128,128,2,
ok,Assets/Art/War/Units/V2/Cutouts/Primary/war-unit-signaller-v2/war-unit-signaller-v2-primary-right-01.png,128,128,2,
ok,Assets/Art/War/Units/V2/Cutouts/Primary/war-unit-signaller-v2/war-unit-signaller-v2-primary-right-02.png,128,128,2,
ok,Assets/Art/War/Units/V2/Cutouts/Primary/war-unit-signaller-v2/war-unit-signaller-v2-primary-right-03.png,128,128,2,
ok,Assets/Art/War/Units/V2/Cutouts/Primary/war-unit-signaller-v2/war-unit-signaller-v2-primary-up-00.png,128,128,1,large alpha touches frame edge: 0
ok,Assets/Art/War/Units/V2/Cutouts/Primary/war-unit-signaller-v2/war-unit-signaller-v2-primary-up-01.png,128,128,1,large alpha touches frame edge: 0
ok,Assets/Art/War/Units/V2/Cutouts/Primary/war-unit-signaller-v2/war-unit-signaller-v2-primary-up-02.png,128,128,1,large alpha touches frame edge: 0
ok,Assets/Art/War/Units/V2/Cutouts/Primary/war-unit-signaller-v2/war-unit-signaller-v2-primary-up-03.png,128,128,1,large alpha touches frame edge: 0
ok,Assets/Art/War/Units/V2/Cutouts/Primary/war-unit-stretcher-bearer-v2/war-unit-stretcher-bearer-v2-primary-down-00.png,128,128,1,
ok,Assets/Art/War/Units/V2/Cutouts/Primary/war-unit-stretcher-bearer-v2/war-unit-stretcher-bearer-v2-primary-down-01.png,128,128,1,
ok,Assets/Art/War/Units/V2/Cutouts/Primary/war-unit-stretcher-bearer-v2/war-unit-stretcher-bearer-v2-primary-down-02.png,128,128,1,
ok,Assets/Art/War/Units/V2/Cutouts/Primary/war-unit-stretcher-bearer-v2/war-unit-stretcher-bearer-v2-primary-down-03.png,128,128,1,
ok,Assets/Art/War/Units/V2/Cutouts/Primary/war-unit-stretcher-bearer-v2/war-unit-stretcher-bearer-v2-primary-left-00.png,128,128,1,
ok,Assets/Art/War/Units/V2/Cutouts/Primary/war-unit-stretcher-bearer-v2/war-unit-stretcher-bearer-v2-primary-left-01.png,128,128,1,
ok,Assets/Art/War/Units/V2/Cutouts/Primary/war-unit-stretcher-bearer-v2/war-unit-stretcher-bearer-v2-primary-left-02.png,128,128,1,large alpha touches frame edge: 0
ok,Assets/Art/War/Units/V2/Cutouts/Primary/war-unit-stretcher-bearer-v2/war-unit-stretcher-bearer-v2-primary-left-03.png,128,128,1,large alpha touches frame edge: 0
ok,Assets/Art/War/Units/V2/Cutouts/Primary/war-unit-stretcher-bearer-v2/war-unit-stretcher-bearer-v2-primary-right-00.png,128,128,2,
ok,Assets/Art/War/Units/V2/Cutouts/Primary/war-unit-stretcher-bearer-v2/war-unit-stretcher-bearer-v2-primary-right-01.png,128,128,2,
ok,Assets/Art/War/Units/V2/Cutouts/Primary/war-unit-stretcher-bearer-v2/war-unit-stretcher-bearer-v2-primary-right-02.png,128,128,2,
ok,Assets/Art/War/Units/V2/Cutouts/Primary/war-unit-stretcher-bearer-v2/war-unit-stretcher-bearer-v2-primary-right-03.png,128,128,3,
ok,Assets/Art/War/Units/V2/Cutouts/Primary/war-unit-stretcher-bearer-v2/war-unit-stretcher-bearer-v2-primary-up-00.png,128,128,1,large alpha touches frame edge: 0
ok,Assets/Art/War/Units/V2/Cutouts/Primary/war-unit-stretcher-bearer-v2/war-unit-stretcher-bearer-v2-primary-up-01.png,128,128,1,large alpha touches frame edge: 0
ok,Assets/Art/War/Units/V2/Cutouts/Primary/war-unit-stretcher-bearer-v2/war-unit-stretcher-bearer-v2-primary-up-02.png,128,128,1,large alpha touches frame edge: 0
ok,Assets/Art/War/Units/V2/Cutouts/Primary/war-unit-stretcher-bearer-v2/war-unit-stretcher-bearer-v2-primary-up-03.png,128,128,1,large alpha touches frame edge: 0
ok,Assets/Art/War/Units/V2/Cutouts/Primary/war-unit-supply-officer-v2/war-unit-supply-officer-v2-primary-down-00.png,128,256,1,large alpha touches frame edge: 0
ok,Assets/Art/War/Units/V2/Cutouts/Primary/war-unit-supply-officer-v2/war-unit-supply-officer-v2-primary-down-01.png,128,256,1,large alpha touches frame edge: 0
ok,Assets/Art/War/Units/V2/Cutouts/Primary/war-unit-supply-officer-v2/war-unit-supply-officer-v2-primary-down-02.png,128,256,1,large alpha touches frame edge: 0
ok,Assets/Art/War/Units/V2/Cutouts/Primary/war-unit-supply-officer-v2/war-unit-supply-officer-v2-primary-down-03.png,128,256,1,large alpha touches frame edge: 0
ok,Assets/Art/War/Units/V2/Cutouts/Primary/war-unit-supply-officer-v2/war-unit-supply-officer-v2-primary-left-00.png,128,256,3,
ok,Assets/Art/War/Units/V2/Cutouts/Primary/war-unit-supply-officer-v2/war-unit-supply-officer-v2-primary-left-01.png,128,256,3,
ok,Assets/Art/War/Units/V2/Cutouts/Primary/war-unit-supply-officer-v2/war-unit-supply-officer-v2-primary-left-02.png,128,256,3,
ok,Assets/Art/War/Units/V2/Cutouts/Primary/war-unit-supply-officer-v2/war-unit-supply-officer-v2-primary-left-03.png,128,256,3,
ok,Assets/Art/War/Units/V2/Cutouts/Primary/war-unit-supply-officer-v2/war-unit-supply-officer-v2-primary-right-00.png,128,256,1,
ok,Assets/Art/War/Units/V2/Cutouts/Primary/war-unit-supply-officer-v2/war-unit-supply-officer-v2-primary-right-01.png,128,256,1,
ok,Assets/Art/War/Units/V2/Cutouts/Primary/war-unit-supply-officer-v2/war-unit-supply-officer-v2-primary-right-02.png,128,256,1,
ok,Assets/Art/War/Units/V2/Cutouts/Primary/war-unit-supply-officer-v2/war-unit-supply-officer-v2-primary-right-03.png,128,256,1,
ok,Assets/Art/War/Units/V2/Cutouts/Primary/war-unit-supply-officer-v2/war-unit-supply-officer-v2-primary-up-00.png,128,256,1,
ok,Assets/Art/War/Units/V2/Cutouts/Primary/war-unit-supply-officer-v2/war-unit-supply-officer-v2-primary-up-01.png,128,256,1,
ok,Assets/Art/War/Units/V2/Cutouts/Primary/war-unit-supply-officer-v2/war-unit-supply-officer-v2-primary-up-02.png,128,256,1,
ok,Assets/Art/War/Units/V2/Cutouts/Primary/war-unit-supply-officer-v2/war-unit-supply-officer-v2-primary-up-03.png,128,256,1,
ok,Assets/Art/War/Units/V2/Cutouts/Primary/war-unit-trench-lieutenant-v2/war-unit-trench-lieutenant-v2-primary-down-00.png,128,256,1,
ok,Assets/Art/War/Units/V2/Cutouts/Primary/war-unit-trench-lieutenant-v2/war-unit-trench-lieutenant-v2-primary-down-01.png,128,256,1,
ok,Assets/Art/War/Units/V2/Cutouts/Primary/war-unit-trench-lieutenant-v2/war-unit-trench-lieutenant-v2-primary-down-02.png,128,256,1,
ok,Assets/Art/War/Units/V2/Cutouts/Primary/war-unit-trench-lieutenant-v2/war-unit-trench-lieutenant-v2-primary-down-03.png,128,256,1,
ok,Assets/Art/War/Units/V2/Cutouts/Primary/war-unit-trench-lieutenant-v2/war-unit-trench-lieutenant-v2-primary-left-00.png,128,256,1,
suspect,Assets/Art/War/Units/V2/Cutouts/Primary/war-unit-trench-lieutenant-v2/war-unit-trench-lieutenant-v2-primary-left-01.png,128,256,2,"large alpha touches frame edge: 0,1"
suspect,Assets/Art/War/Units/V2/Cutouts/Primary/war-unit-trench-lieutenant-v2/war-unit-trench-lieutenant-v2-primary-left-02.png,128,256,2,"large alpha touches frame edge: 0,1"
ok,Assets/Art/War/Units/V2/Cutouts/Primary/war-unit-trench-lieutenant-v2/war-unit-trench-lieutenant-v2-primary-left-03.png,128,256,1,large alpha touches frame edge: 0
ok,Assets/Art/War/Units/V2/Cutouts/Primary/war-unit-trench-lieutenant-v2/war-unit-trench-lieutenant-v2-primary-right-00.png,128,256,1,large alpha touches frame edge: 0
ok,Assets/Art/War/Units/V2/Cutouts/Primary/war-unit-trench-lieutenant-v2/war-unit-trench-lieutenant-v2-primary-right-01.png,128,256,1,
ok,Assets/Art/War/Units/V2/Cutouts/Primary/war-unit-trench-lieutenant-v2/war-unit-trench-lieutenant-v2-primary-right-02.png,128,256,1,large alpha touches frame edge: 0
ok,Assets/Art/War/Units/V2/Cutouts/Primary/war-unit-trench-lieutenant-v2/war-unit-trench-lieutenant-v2-primary-right-03.png,128,256,1,
ok,Assets/Art/War/Units/V2/Cutouts/Primary/war-unit-trench-lieutenant-v2/war-unit-trench-lieutenant-v2-primary-up-00.png,128,256,1,
ok,Assets/Art/War/Units/V2/Cutouts/Primary/war-unit-trench-lieutenant-v2/war-unit-trench-lieutenant-v2-primary-up-01.png,128,256,1,
ok,Assets/Art/War/Units/V2/Cutouts/Primary/war-unit-trench-lieutenant-v2/war-unit-trench-lieutenant-v2-primary-up-02.png,128,256,1,
ok,Assets/Art/War/Units/V2/Cutouts/Primary/war-unit-trench-lieutenant-v2/war-unit-trench-lieutenant-v2-primary-up-03.png,128,256,1,
ok,Assets/Art/War/Units/V2/Cutouts/Primary/war-unit-trench-marksman-v2/war-unit-trench-marksman-v2-primary-down-00.png,128,128,1,large alpha touches frame edge: 0
ok,Assets/Art/War/Units/V2/Cutouts/Primary/war-unit-trench-marksman-v2/war-unit-trench-marksman-v2-primary-down-01.png,128,128,1,large alpha touches frame edge: 0
ok,Assets/Art/War/Units/V2/Cutouts/Primary/war-unit-trench-marksman-v2/war-unit-trench-marksman-v2-primary-down-02.png,128,128,1,large alpha touches frame edge: 0
ok,Assets/Art/War/Units/V2/Cutouts/Primary/war-unit-trench-marksman-v2/war-unit-trench-marksman-v2-primary-down-03.png,128,128,1,large alpha touches frame edge: 0
suspect,Assets/Art/War/Units/V2/Cutouts/Primary/war-unit-trench-marksman-v2/war-unit-trench-marksman-v2-primary-left-00.png,128,128,2,"component 1 looks separated: area=81 ratio=0.02 dist=20.0 bbox=[86, 0, 99, 6] | large alpha touches frame edge: 1"
suspect,Assets/Art/War/Units/V2/Cutouts/Primary/war-unit-trench-marksman-v2/war-unit-trench-marksman-v2-primary-left-01.png,128,128,3,"component 1 looks separated: area=82 ratio=0.02 dist=21.0 bbox=[76, 0, 89, 6] | large alpha touches frame edge: 1"
suspect,Assets/Art/War/Units/V2/Cutouts/Primary/war-unit-trench-marksman-v2/war-unit-trench-marksman-v2-primary-left-02.png,128,128,3,"component 1 looks separated: area=87 ratio=0.02 dist=22.0 bbox=[73, 0, 86, 6] | large alpha touches frame edge: 0,1"
suspect,Assets/Art/War/Units/V2/Cutouts/Primary/war-unit-trench-marksman-v2/war-unit-trench-marksman-v2-primary-left-03.png,128,128,2,"component 1 looks separated: area=87 ratio=0.02 dist=21.0 bbox=[59, 0, 71, 6] | large alpha touches frame edge: 0,1"
ok,Assets/Art/War/Units/V2/Cutouts/Primary/war-unit-trench-marksman-v2/war-unit-trench-marksman-v2-primary-right-00.png,128,128,1,large alpha touches frame edge: 0
suspect,Assets/Art/War/Units/V2/Cutouts/Primary/war-unit-trench-marksman-v2/war-unit-trench-marksman-v2-primary-right-01.png,128,128,2,large alpha touches frame edge: 0
ok,Assets/Art/War/Units/V2/Cutouts/Primary/war-unit-trench-marksman-v2/war-unit-trench-marksman-v2-primary-right-02.png,128,128,1,large alpha touches frame edge: 0
ok,Assets/Art/War/Units/V2/Cutouts/Primary/war-unit-trench-marksman-v2/war-unit-trench-marksman-v2-primary-right-03.png,128,128,2,
ok,Assets/Art/War/Units/V2/Cutouts/Primary/war-unit-trench-marksman-v2/war-unit-trench-marksman-v2-primary-up-00.png,128,128,1,large alpha touches frame edge: 0
ok,Assets/Art/War/Units/V2/Cutouts/Primary/war-unit-trench-marksman-v2/war-unit-trench-marksman-v2-primary-up-01.png,128,128,1,large alpha touches frame edge: 0
ok,Assets/Art/War/Units/V2/Cutouts/Primary/war-unit-trench-marksman-v2/war-unit-trench-marksman-v2-primary-up-02.png,128,128,1,
ok,Assets/Art/War/Units/V2/Cutouts/Primary/war-unit-trench-marksman-v2/war-unit-trench-marksman-v2-primary-up-03.png,128,128,1,large alpha touches frame edge: 0
ok,Assets/Art/War/Units/V2/Cutouts/Primary/war-unit-trench-mortar-crew-v2/war-unit-trench-mortar-crew-v2-primary-down-00.png,128,128,1,
ok,Assets/Art/War/Units/V2/Cutouts/Primary/war-unit-trench-mortar-crew-v2/war-unit-trench-mortar-crew-v2-primary-down-01.png,128,128,1,
ok,Assets/Art/War/Units/V2/Cutouts/Primary/war-unit-trench-mortar-crew-v2/war-unit-trench-mortar-crew-v2-primary-down-02.png,128,128,1,
ok,Assets/Art/War/Units/V2/Cutouts/Primary/war-unit-trench-mortar-crew-v2/war-unit-trench-mortar-crew-v2-primary-down-03.png,128,128,1,
ok,Assets/Art/War/Units/V2/Cutouts/Primary/war-unit-trench-mortar-crew-v2/war-unit-trench-mortar-crew-v2-primary-left-00.png,128,128,1,
ok,Assets/Art/War/Units/V2/Cutouts/Primary/war-unit-trench-mortar-crew-v2/war-unit-trench-mortar-crew-v2-primary-left-01.png,128,128,1,
ok,Assets/Art/War/Units/V2/Cutouts/Primary/war-unit-trench-mortar-crew-v2/war-unit-trench-mortar-crew-v2-primary-left-02.png,128,128,1,
ok,Assets/Art/War/Units/V2/Cutouts/Primary/war-unit-trench-mortar-crew-v2/war-unit-trench-mortar-crew-v2-primary-left-03.png,128,128,1,
ok,Assets/Art/War/Units/V2/Cutouts/Primary/war-unit-trench-mortar-crew-v2/war-unit-trench-mortar-crew-v2-primary-right-00.png,128,128,1,
ok,Assets/Art/War/Units/V2/Cutouts/Primary/war-unit-trench-mortar-crew-v2/war-unit-trench-mortar-crew-v2-primary-right-01.png,128,128,1,
ok,Assets/Art/War/Units/V2/Cutouts/Primary/war-unit-trench-mortar-crew-v2/war-unit-trench-mortar-crew-v2-primary-right-02.png,128,128,1,
ok,Assets/Art/War/Units/V2/Cutouts/Primary/war-unit-trench-mortar-crew-v2/war-unit-trench-mortar-crew-v2-primary-right-03.png,128,128,1,
ok,Assets/Art/War/Units/V2/Cutouts/Primary/war-unit-trench-mortar-crew-v2/war-unit-trench-mortar-crew-v2-primary-up-00.png,128,128,1,
ok,Assets/Art/War/Units/V2/Cutouts/Primary/war-unit-trench-mortar-crew-v2/war-unit-trench-mortar-crew-v2-primary-up-01.png,128,128,1,
ok,Assets/Art/War/Units/V2/Cutouts/Primary/war-unit-trench-mortar-crew-v2/war-unit-trench-mortar-crew-v2-primary-up-02.png,128,128,1,
ok,Assets/Art/War/Units/V2/Cutouts/Primary/war-unit-trench-mortar-crew-v2/war-unit-trench-mortar-crew-v2-primary-up-03.png,128,128,1,
ok,Assets/Art/War/Units/V2/Cutouts/Primary/war-unit-trench-sanitation-orderly-v2/war-unit-trench-sanitation-orderly-v2-primary-down-00.png,128,128,1,
ok,Assets/Art/War/Units/V2/Cutouts/Primary/war-unit-trench-sanitation-orderly-v2/war-unit-trench-sanitation-orderly-v2-primary-down-01.png,128,128,1,
ok,Assets/Art/War/Units/V2/Cutouts/Primary/war-unit-trench-sanitation-orderly-v2/war-unit-trench-sanitation-orderly-v2-primary-down-02.png,128,128,1,
ok,Assets/Art/War/Units/V2/Cutouts/Primary/war-unit-trench-sanitation-orderly-v2/war-unit-trench-sanitation-orderly-v2-primary-down-03.png,128,128,1,
ok,Assets/Art/War/Units/V2/Cutouts/Primary/war-unit-trench-sanitation-orderly-v2/war-unit-trench-sanitation-orderly-v2-primary-left-00.png,128,128,1,
ok,Assets/Art/War/Units/V2/Cutouts/Primary/war-unit-trench-sanitation-orderly-v2/war-unit-trench-sanitation-orderly-v2-primary-left-01.png,128,128,2,
suspect,Assets/Art/War/Units/V2/Cutouts/Primary/war-unit-trench-sanitation-orderly-v2/war-unit-trench-sanitation-orderly-v2-primary-left-02.png,128,128,3,"component 1 looks separated: area=466 ratio=0.16 dist=22.0 bbox=[105, 64, 123, 89]"
ok,Assets/Art/War/Units/V2/Cutouts/Primary/war-unit-trench-sanitation-orderly-v2/war-unit-trench-sanitation-orderly-v2-primary-left-03.png,128,128,1,large alpha touches frame edge: 0
suspect,Assets/Art/War/Units/V2/Cutouts/Primary/war-unit-trench-sanitation-orderly-v2/war-unit-trench-sanitation-orderly-v2-primary-right-00.png,128,128,4,"component 2 looks separated: area=178 ratio=0.06 dist=23.0 bbox=[61, 117, 81, 127] | large alpha touches frame edge: 2"
suspect,Assets/Art/War/Units/V2/Cutouts/Primary/war-unit-trench-sanitation-orderly-v2/war-unit-trench-sanitation-orderly-v2-primary-right-01.png,128,128,2,"component 1 looks separated: area=169 ratio=0.05 dist=17.0 bbox=[51, 117, 71, 127] | large alpha touches frame edge: 1"
suspect,Assets/Art/War/Units/V2/Cutouts/Primary/war-unit-trench-sanitation-orderly-v2/war-unit-trench-sanitation-orderly-v2-primary-right-02.png,128,128,4,"component 2 looks separated: area=145 ratio=0.05 dist=25.0 bbox=[44, 119, 62, 127] | large alpha touches frame edge: 2"
suspect,Assets/Art/War/Units/V2/Cutouts/Primary/war-unit-trench-sanitation-orderly-v2/war-unit-trench-sanitation-orderly-v2-primary-right-03.png,128,128,4,"component 2 looks separated: area=163 ratio=0.05 dist=24.0 bbox=[35, 118, 54, 127] | large alpha touches frame edge: 2"
ok,Assets/Art/War/Units/V2/Cutouts/Primary/war-unit-trench-sanitation-orderly-v2/war-unit-trench-sanitation-orderly-v2-primary-up-00.png,128,128,1,large alpha touches frame edge: 0
ok,Assets/Art/War/Units/V2/Cutouts/Primary/war-unit-trench-sanitation-orderly-v2/war-unit-trench-sanitation-orderly-v2-primary-up-01.png,128,128,1,large alpha touches frame edge: 0
ok,Assets/Art/War/Units/V2/Cutouts/Primary/war-unit-trench-sanitation-orderly-v2/war-unit-trench-sanitation-orderly-v2-primary-up-02.png,128,128,1,large alpha touches frame edge: 0
suspect,Assets/Art/War/Units/V2/Cutouts/Primary/war-unit-trench-sanitation-orderly-v2/war-unit-trench-sanitation-orderly-v2-primary-up-03.png,128,128,2,large alpha touches frame edge: 0
ok,Assets/Art/War/Units/V2/Cutouts/Primary/war-unit-wire-cutter-v2/war-unit-wire-cutter-v2-primary-down-00.png,128,128,1,large alpha touches frame edge: 0
ok,Assets/Art/War/Units/V2/Cutouts/Primary/war-unit-wire-cutter-v2/war-unit-wire-cutter-v2-primary-down-01.png,128,128,1,large alpha touches frame edge: 0
ok,Assets/Art/War/Units/V2/Cutouts/Primary/war-unit-wire-cutter-v2/war-unit-wire-cutter-v2-primary-down-02.png,128,128,1,large alpha touches frame edge: 0
ok,Assets/Art/War/Units/V2/Cutouts/Primary/war-unit-wire-cutter-v2/war-unit-wire-cutter-v2-primary-down-03.png,128,128,1,large alpha touches frame edge: 0
suspect,Assets/Art/War/Units/V2/Cutouts/Primary/war-unit-wire-cutter-v2/war-unit-wire-cutter-v2-primary-left-00.png,128,128,2,"large alpha touches frame edge: 0,1"
suspect,Assets/Art/War/Units/V2/Cutouts/Primary/war-unit-wire-cutter-v2/war-unit-wire-cutter-v2-primary-left-01.png,128,128,3,"large alpha touches frame edge: 0,1"
suspect,Assets/Art/War/Units/V2/Cutouts/Primary/war-unit-wire-cutter-v2/war-unit-wire-cutter-v2-primary-left-02.png,128,128,3,"large alpha touches frame edge: 0,1"
suspect,Assets/Art/War/Units/V2/Cutouts/Primary/war-unit-wire-cutter-v2/war-unit-wire-cutter-v2-primary-left-03.png,128,128,2,"large alpha touches frame edge: 0,1"
suspect,Assets/Art/War/Units/V2/Cutouts/Primary/war-unit-wire-cutter-v2/war-unit-wire-cutter-v2-primary-right-00.png,128,128,3,"large alpha touches frame edge: 0,1"
suspect,Assets/Art/War/Units/V2/Cutouts/Primary/war-unit-wire-cutter-v2/war-unit-wire-cutter-v2-primary-right-01.png,128,128,3,large alpha touches frame edge: 1
suspect,Assets/Art/War/Units/V2/Cutouts/Primary/war-unit-wire-cutter-v2/war-unit-wire-cutter-v2-primary-right-02.png,128,128,2,large alpha touches frame edge: 1
suspect,Assets/Art/War/Units/V2/Cutouts/Primary/war-unit-wire-cutter-v2/war-unit-wire-cutter-v2-primary-right-03.png,128,128,3,large alpha touches frame edge: 1
ok,Assets/Art/War/Units/V2/Cutouts/Primary/war-unit-wire-cutter-v2/war-unit-wire-cutter-v2-primary-up-00.png,128,128,1,large alpha touches frame edge: 0
ok,Assets/Art/War/Units/V2/Cutouts/Primary/war-unit-wire-cutter-v2/war-unit-wire-cutter-v2-primary-up-01.png,128,128,1,large alpha touches frame edge: 0
ok,Assets/Art/War/Units/V2/Cutouts/Primary/war-unit-wire-cutter-v2/war-unit-wire-cutter-v2-primary-up-02.png,128,128,1,large alpha touches frame edge: 0
ok,Assets/Art/War/Units/V2/Cutouts/Primary/war-unit-wire-cutter-v2/war-unit-wire-cutter-v2-primary-up-03.png,128,128,1,large alpha touches frame edge: 0
ok,Assets/Art/War/Units/V2/Cutouts/Primary/war-unit-wire-layer-v2/war-unit-wire-layer-v2-primary-down-00.png,128,128,1,large alpha touches frame edge: 0
ok,Assets/Art/War/Units/V2/Cutouts/Primary/war-unit-wire-layer-v2/war-unit-wire-layer-v2-primary-down-01.png,128,128,1,large alpha touches frame edge: 0
suspect,Assets/Art/War/Units/V2/Cutouts/Primary/war-unit-wire-layer-v2/war-unit-wire-layer-v2-primary-down-02.png,128,128,2,large alpha touches frame edge: 0
ok,Assets/Art/War/Units/V2/Cutouts/Primary/war-unit-wire-layer-v2/war-unit-wire-layer-v2-primary-down-03.png,128,128,1,large alpha touches frame edge: 0
suspect,Assets/Art/War/Units/V2/Cutouts/Primary/war-unit-wire-layer-v2/war-unit-wire-layer-v2-primary-left-00.png,128,128,2,"large alpha touches frame edge: 0,1"
suspect,Assets/Art/War/Units/V2/Cutouts/Primary/war-unit-wire-layer-v2/war-unit-wire-layer-v2-primary-left-01.png,128,128,4,"large alpha touches frame edge: 0,1"
suspect,Assets/Art/War/Units/V2/Cutouts/Primary/war-unit-wire-layer-v2/war-unit-wire-layer-v2-primary-left-02.png,128,128,6,"large alpha touches frame edge: 0,1,2"
suspect,Assets/Art/War/Units/V2/Cutouts/Primary/war-unit-wire-layer-v2/war-unit-wire-layer-v2-primary-left-03.png,128,128,2,"large alpha touches frame edge: 0,1"
suspect,Assets/Art/War/Units/V2/Cutouts/Primary/war-unit-wire-layer-v2/war-unit-wire-layer-v2-primary-right-00.png,128,128,6,"large alpha touches frame edge: 0,1"
suspect,Assets/Art/War/Units/V2/Cutouts/Primary/war-unit-wire-layer-v2/war-unit-wire-layer-v2-primary-right-01.png,128,128,7,large alpha touches frame edge: 1
suspect,Assets/Art/War/Units/V2/Cutouts/Primary/war-unit-wire-layer-v2/war-unit-wire-layer-v2-primary-right-02.png,128,128,5,large alpha touches frame edge: 1
suspect,Assets/Art/War/Units/V2/Cutouts/Primary/war-unit-wire-layer-v2/war-unit-wire-layer-v2-primary-right-03.png,128,128,6,large alpha touches frame edge: 1
ok,Assets/Art/War/Units/V2/Cutouts/Primary/war-unit-wire-layer-v2/war-unit-wire-layer-v2-primary-up-00.png,128,128,1,large alpha touches frame edge: 0
ok,Assets/Art/War/Units/V2/Cutouts/Primary/war-unit-wire-layer-v2/war-unit-wire-layer-v2-primary-up-01.png,128,128,1,large alpha touches frame edge: 0
ok,Assets/Art/War/Units/V2/Cutouts/Primary/war-unit-wire-layer-v2/war-unit-wire-layer-v2-primary-up-02.png,128,128,1,large alpha touches frame edge: 0
ok,Assets/Art/War/Units/V2/Cutouts/Primary/war-unit-wire-layer-v2/war-unit-wire-layer-v2-primary-up-03.png,128,128,1,large alpha touches frame edge: 0
ok,Assets/Art/War/Units/V2/Cutouts/Secondary/war-unit-aether-lamp-scout-v2/war-unit-aether-lamp-scout-v2-secondary-down-00.png,128,128,1,
ok,Assets/Art/War/Units/V2/Cutouts/Secondary/war-unit-aether-lamp-scout-v2/war-unit-aether-lamp-scout-v2-secondary-down-01.png,128,128,1,
ok,Assets/Art/War/Units/V2/Cutouts/Secondary/war-unit-aether-lamp-scout-v2/war-unit-aether-lamp-scout-v2-secondary-down-02.png,128,128,1,
ok,Assets/Art/War/Units/V2/Cutouts/Secondary/war-unit-aether-lamp-scout-v2/war-unit-aether-lamp-scout-v2-secondary-down-03.png,128,128,1,
ok,Assets/Art/War/Units/V2/Cutouts/Secondary/war-unit-aether-lamp-scout-v2/war-unit-aether-lamp-scout-v2-secondary-left-00.png,128,128,2,
ok,Assets/Art/War/Units/V2/Cutouts/Secondary/war-unit-aether-lamp-scout-v2/war-unit-aether-lamp-scout-v2-secondary-left-01.png,128,128,3,
suspect,Assets/Art/War/Units/V2/Cutouts/Secondary/war-unit-aether-lamp-scout-v2/war-unit-aether-lamp-scout-v2-secondary-left-02.png,128,128,3,"component 1 looks separated: area=107 ratio=0.03 dist=52.0 bbox=[123, 48, 127, 79] | large alpha touches frame edge: 0,1"
ok,Assets/Art/War/Units/V2/Cutouts/Secondary/war-unit-aether-lamp-scout-v2/war-unit-aether-lamp-scout-v2-secondary-left-03.png,128,128,1,large alpha touches frame edge: 0
suspect,Assets/Art/War/Units/V2/Cutouts/Secondary/war-unit-aether-lamp-scout-v2/war-unit-aether-lamp-scout-v2-secondary-right-00.png,128,128,2,"component 1 looks separated: area=277 ratio=0.09 dist=26.0 bbox=[60, 112, 82, 127] | large alpha touches frame edge: 0,1"
suspect,Assets/Art/War/Units/V2/Cutouts/Secondary/war-unit-aether-lamp-scout-v2/war-unit-aether-lamp-scout-v2-secondary-right-01.png,128,128,2,"component 1 looks separated: area=236 ratio=0.08 dist=30.0 bbox=[46, 114, 68, 127] | large alpha touches frame edge: 0,1"
suspect,Assets/Art/War/Units/V2/Cutouts/Secondary/war-unit-aether-lamp-scout-v2/war-unit-aether-lamp-scout-v2-secondary-right-02.png,128,128,2,"component 1 looks separated: area=226 ratio=0.07 dist=31.0 bbox=[46, 115, 68, 127] | large alpha touches frame edge: 0,1"
suspect,Assets/Art/War/Units/V2/Cutouts/Secondary/war-unit-aether-lamp-scout-v2/war-unit-aether-lamp-scout-v2-secondary-right-03.png,128,128,2,"component 1 looks separated: area=244 ratio=0.08 dist=28.0 bbox=[30, 114, 52, 127] | large alpha touches frame edge: 0,1"
ok,Assets/Art/War/Units/V2/Cutouts/Secondary/war-unit-aether-lamp-scout-v2/war-unit-aether-lamp-scout-v2-secondary-up-00.png,128,128,1,large alpha touches frame edge: 0
ok,Assets/Art/War/Units/V2/Cutouts/Secondary/war-unit-aether-lamp-scout-v2/war-unit-aether-lamp-scout-v2-secondary-up-01.png,128,128,1,large alpha touches frame edge: 0
ok,Assets/Art/War/Units/V2/Cutouts/Secondary/war-unit-aether-lamp-scout-v2/war-unit-aether-lamp-scout-v2-secondary-up-02.png,128,128,1,large alpha touches frame edge: 0
ok,Assets/Art/War/Units/V2/Cutouts/Secondary/war-unit-aether-lamp-scout-v2/war-unit-aether-lamp-scout-v2-secondary-up-03.png,128,128,1,large alpha touches frame edge: 0
ok,Assets/Art/War/Units/V2/Cutouts/Secondary/war-unit-ammo-runner-v2/war-unit-ammo-runner-v2-secondary-down-00.png,128,128,1,
ok,Assets/Art/War/Units/V2/Cutouts/Secondary/war-unit-ammo-runner-v2/war-unit-ammo-runner-v2-secondary-down-01.png,128,128,1,
ok,Assets/Art/War/Units/V2/Cutouts/Secondary/war-unit-ammo-runner-v2/war-unit-ammo-runner-v2-secondary-down-02.png,128,128,1,
ok,Assets/Art/War/Units/V2/Cutouts/Secondary/war-unit-ammo-runner-v2/war-unit-ammo-runner-v2-secondary-down-03.png,128,128,1,
ok,Assets/Art/War/Units/V2/Cutouts/Secondary/war-unit-ammo-runner-v2/war-unit-ammo-runner-v2-secondary-left-00.png,128,128,1,
ok,Assets/Art/War/Units/V2/Cutouts/Secondary/war-unit-ammo-runner-v2/war-unit-ammo-runner-v2-secondary-left-01.png,128,128,1,
ok,Assets/Art/War/Units/V2/Cutouts/Secondary/war-unit-ammo-runner-v2/war-unit-ammo-runner-v2-secondary-left-02.png,128,128,1,
ok,Assets/Art/War/Units/V2/Cutouts/Secondary/war-unit-ammo-runner-v2/war-unit-ammo-runner-v2-secondary-left-03.png,128,128,1,
suspect,Assets/Art/War/Units/V2/Cutouts/Secondary/war-unit-ammo-runner-v2/war-unit-ammo-runner-v2-secondary-right-00.png,128,128,2,"component 1 looks separated: area=230 ratio=0.05 dist=16.0 bbox=[61, 115, 84, 127] | large alpha touches frame edge: 1"
suspect,Assets/Art/War/Units/V2/Cutouts/Secondary/war-unit-ammo-runner-v2/war-unit-ammo-runner-v2-secondary-right-01.png,128,128,2,"component 1 looks separated: area=366 ratio=0.09 dist=16.0 bbox=[42, 116, 88, 127] | large alpha touches frame edge: 1"
suspect,Assets/Art/War/Units/V2/Cutouts/Secondary/war-unit-ammo-runner-v2/war-unit-ammo-runner-v2-secondary-right-02.png,128,128,3,"component 2 looks separated: area=188 ratio=0.05 dist=17.0 bbox=[37, 117, 57, 127] | large alpha touches frame edge: 2"
suspect,Assets/Art/War/Units/V2/Cutouts/Secondary/war-unit-ammo-runner-v2/war-unit-ammo-runner-v2-secondary-right-03.png,128,128,2,"component 1 looks separated: area=146 ratio=0.04 dist=23.0 bbox=[33, 119, 52, 127] | large alpha touches frame edge: 1"
ok,Assets/Art/War/Units/V2/Cutouts/Secondary/war-unit-ammo-runner-v2/war-unit-ammo-runner-v2-secondary-up-00.png,128,128,1,large alpha touches frame edge: 0
ok,Assets/Art/War/Units/V2/Cutouts/Secondary/war-unit-ammo-runner-v2/war-unit-ammo-runner-v2-secondary-up-01.png,128,128,1,large alpha touches frame edge: 0
ok,Assets/Art/War/Units/V2/Cutouts/Secondary/war-unit-ammo-runner-v2/war-unit-ammo-runner-v2-secondary-up-02.png,128,128,1,large alpha touches frame edge: 0
ok,Assets/Art/War/Units/V2/Cutouts/Secondary/war-unit-ammo-runner-v2/war-unit-ammo-runner-v2-secondary-up-03.png,128,128,1,large alpha touches frame edge: 0
ok,Assets/Art/War/Units/V2/Cutouts/Secondary/war-unit-artillery-observer-v2/war-unit-artillery-observer-v2-secondary-down-00.png,128,256,1,
ok,Assets/Art/War/Units/V2/Cutouts/Secondary/war-unit-artillery-observer-v2/war-unit-artillery-observer-v2-secondary-down-01.png,128,256,1,
ok,Assets/Art/War/Units/V2/Cutouts/Secondary/war-unit-artillery-observer-v2/war-unit-artillery-observer-v2-secondary-down-02.png,128,256,1,
ok,Assets/Art/War/Units/V2/Cutouts/Secondary/war-unit-artillery-observer-v2/war-unit-artillery-observer-v2-secondary-down-03.png,128,256,1,
ok,Assets/Art/War/Units/V2/Cutouts/Secondary/war-unit-artillery-observer-v2/war-unit-artillery-observer-v2-secondary-left-00.png,128,256,1,
ok,Assets/Art/War/Units/V2/Cutouts/Secondary/war-unit-artillery-observer-v2/war-unit-artillery-observer-v2-secondary-left-01.png,128,256,1,
ok,Assets/Art/War/Units/V2/Cutouts/Secondary/war-unit-artillery-observer-v2/war-unit-artillery-observer-v2-secondary-left-02.png,128,256,1,
ok,Assets/Art/War/Units/V2/Cutouts/Secondary/war-unit-artillery-observer-v2/war-unit-artillery-observer-v2-secondary-left-03.png,128,256,1,
ok,Assets/Art/War/Units/V2/Cutouts/Secondary/war-unit-artillery-observer-v2/war-unit-artillery-observer-v2-secondary-right-00.png,128,256,1,
ok,Assets/Art/War/Units/V2/Cutouts/Secondary/war-unit-artillery-observer-v2/war-unit-artillery-observer-v2-secondary-right-01.png,128,256,2,
ok,Assets/Art/War/Units/V2/Cutouts/Secondary/war-unit-artillery-observer-v2/war-unit-artillery-observer-v2-secondary-right-02.png,128,256,1,
ok,Assets/Art/War/Units/V2/Cutouts/Secondary/war-unit-artillery-observer-v2/war-unit-artillery-observer-v2-secondary-right-03.png,128,256,2,
ok,Assets/Art/War/Units/V2/Cutouts/Secondary/war-unit-artillery-observer-v2/war-unit-artillery-observer-v2-secondary-up-00.png,128,256,1,large alpha touches frame edge: 0
ok,Assets/Art/War/Units/V2/Cutouts/Secondary/war-unit-artillery-observer-v2/war-unit-artillery-observer-v2-secondary-up-01.png,128,256,1,large alpha touches frame edge: 0
ok,Assets/Art/War/Units/V2/Cutouts/Secondary/war-unit-artillery-observer-v2/war-unit-artillery-observer-v2-secondary-up-02.png,128,256,1,
ok,Assets/Art/War/Units/V2/Cutouts/Secondary/war-unit-artillery-observer-v2/war-unit-artillery-observer-v2-secondary-up-03.png,128,256,1,large alpha touches frame edge: 0
ok,Assets/Art/War/Units/V2/Cutouts/Secondary/war-unit-bound-shell-cantor-v2/war-unit-bound-shell-cantor-v2-secondary-down-00.png,128,256,1,
ok,Assets/Art/War/Units/V2/Cutouts/Secondary/war-unit-bound-shell-cantor-v2/war-unit-bound-shell-cantor-v2-secondary-down-01.png,128,256,4,
ok,Assets/Art/War/Units/V2/Cutouts/Secondary/war-unit-bound-shell-cantor-v2/war-unit-bound-shell-cantor-v2-secondary-down-02.png,128,256,1,
ok,Assets/Art/War/Units/V2/Cutouts/Secondary/war-unit-bound-shell-cantor-v2/war-unit-bound-shell-cantor-v2-secondary-down-03.png,128,256,4,
ok,Assets/Art/War/Units/V2/Cutouts/Secondary/war-unit-bound-shell-cantor-v2/war-unit-bound-shell-cantor-v2-secondary-left-00.png,128,256,2,
ok,Assets/Art/War/Units/V2/Cutouts/Secondary/war-unit-bound-shell-cantor-v2/war-unit-bound-shell-cantor-v2-secondary-left-01.png,128,256,1,
ok,Assets/Art/War/Units/V2/Cutouts/Secondary/war-unit-bound-shell-cantor-v2/war-unit-bound-shell-cantor-v2-secondary-left-02.png,128,256,2,
ok,Assets/Art/War/Units/V2/Cutouts/Secondary/war-unit-bound-shell-cantor-v2/war-unit-bound-shell-cantor-v2-secondary-left-03.png,128,256,3,
suspect,Assets/Art/War/Units/V2/Cutouts/Secondary/war-unit-bound-shell-cantor-v2/war-unit-bound-shell-cantor-v2-secondary-right-00.png,128,256,3,"component 1 looks separated: area=586 ratio=0.09 dist=94.0 bbox=[42, 233, 75, 255] | large alpha touches frame edge: 1"
suspect,Assets/Art/War/Units/V2/Cutouts/Secondary/war-unit-bound-shell-cantor-v2/war-unit-bound-shell-cantor-v2-secondary-right-01.png,128,256,3,"component 1 looks separated: area=556 ratio=0.08 dist=95.0 bbox=[38, 234, 71, 255] | large alpha touches frame edge: 1"
suspect,Assets/Art/War/Units/V2/Cutouts/Secondary/war-unit-bound-shell-cantor-v2/war-unit-bound-shell-cantor-v2-secondary-right-02.png,128,256,3,"component 1 looks separated: area=627 ratio=0.09 dist=82.0 bbox=[42, 231, 75, 255] | large alpha touches frame edge: 1"
suspect,Assets/Art/War/Units/V2/Cutouts/Secondary/war-unit-bound-shell-cantor-v2/war-unit-bound-shell-cantor-v2-secondary-right-03.png,128,256,5,"component 1 looks separated: area=620 ratio=0.09 dist=82.0 bbox=[42, 231, 75, 255] | large alpha touches frame edge: 1"
ok,Assets/Art/War/Units/V2/Cutouts/Secondary/war-unit-bound-shell-cantor-v2/war-unit-bound-shell-cantor-v2-secondary-up-00.png,128,256,1,large alpha touches frame edge: 0
ok,Assets/Art/War/Units/V2/Cutouts/Secondary/war-unit-bound-shell-cantor-v2/war-unit-bound-shell-cantor-v2-secondary-up-01.png,128,256,1,large alpha touches frame edge: 0
suspect,Assets/Art/War/Units/V2/Cutouts/Secondary/war-unit-bound-shell-cantor-v2/war-unit-bound-shell-cantor-v2-secondary-up-02.png,128,256,2,large alpha touches frame edge: 0
suspect,Assets/Art/War/Units/V2/Cutouts/Secondary/war-unit-bound-shell-cantor-v2/war-unit-bound-shell-cantor-v2-secondary-up-03.png,128,256,2,large alpha touches frame edge: 0
ok,Assets/Art/War/Units/V2/Cutouts/Secondary/war-unit-clockwork-trenchhand-v2/war-unit-clockwork-trenchhand-v2-secondary-down-00.png,128,128,1,
ok,Assets/Art/War/Units/V2/Cutouts/Secondary/war-unit-clockwork-trenchhand-v2/war-unit-clockwork-trenchhand-v2-secondary-down-01.png,128,128,1,
ok,Assets/Art/War/Units/V2/Cutouts/Secondary/war-unit-clockwork-trenchhand-v2/war-unit-clockwork-trenchhand-v2-secondary-down-02.png,128,128,1,
ok,Assets/Art/War/Units/V2/Cutouts/Secondary/war-unit-clockwork-trenchhand-v2/war-unit-clockwork-trenchhand-v2-secondary-down-03.png,128,128,1,
ok,Assets/Art/War/Units/V2/Cutouts/Secondary/war-unit-clockwork-trenchhand-v2/war-unit-clockwork-trenchhand-v2-secondary-left-00.png,128,128,1,
ok,Assets/Art/War/Units/V2/Cutouts/Secondary/war-unit-clockwork-trenchhand-v2/war-unit-clockwork-trenchhand-v2-secondary-left-01.png,128,128,1,
ok,Assets/Art/War/Units/V2/Cutouts/Secondary/war-unit-clockwork-trenchhand-v2/war-unit-clockwork-trenchhand-v2-secondary-left-02.png,128,128,2,
suspect,Assets/Art/War/Units/V2/Cutouts/Secondary/war-unit-clockwork-trenchhand-v2/war-unit-clockwork-trenchhand-v2-secondary-left-03.png,128,128,3,large alpha touches frame edge: 0
suspect,Assets/Art/War/Units/V2/Cutouts/Secondary/war-unit-clockwork-trenchhand-v2/war-unit-clockwork-trenchhand-v2-secondary-right-00.png,128,128,2,"component 1 looks separated: area=287 ratio=0.07 dist=25.0 bbox=[50, 113, 75, 127] | large alpha touches frame edge: 1"
suspect,Assets/Art/War/Units/V2/Cutouts/Secondary/war-unit-clockwork-trenchhand-v2/war-unit-clockwork-trenchhand-v2-secondary-right-01.png,128,128,2,"component 1 looks separated: area=293 ratio=0.07 dist=24.0 bbox=[43, 113, 69, 127] | large alpha touches frame edge: 1"
suspect,Assets/Art/War/Units/V2/Cutouts/Secondary/war-unit-clockwork-trenchhand-v2/war-unit-clockwork-trenchhand-v2-secondary-right-02.png,128,128,3,"component 1 looks separated: area=301 ratio=0.07 dist=24.0 bbox=[36, 113, 63, 127] | large alpha touches frame edge: 1"
suspect,Assets/Art/War/Units/V2/Cutouts/Secondary/war-unit-clockwork-trenchhand-v2/war-unit-clockwork-trenchhand-v2-secondary-right-03.png,128,128,3,"component 1 looks separated: area=241 ratio=0.06 dist=26.0 bbox=[35, 115, 58, 127] | large alpha touches frame edge: 1"
ok,Assets/Art/War/Units/V2/Cutouts/Secondary/war-unit-clockwork-trenchhand-v2/war-unit-clockwork-trenchhand-v2-secondary-up-00.png,128,128,1,large alpha touches frame edge: 0
ok,Assets/Art/War/Units/V2/Cutouts/Secondary/war-unit-clockwork-trenchhand-v2/war-unit-clockwork-trenchhand-v2-secondary-up-01.png,128,128,1,large alpha touches frame edge: 0
ok,Assets/Art/War/Units/V2/Cutouts/Secondary/war-unit-clockwork-trenchhand-v2/war-unit-clockwork-trenchhand-v2-secondary-up-02.png,128,128,1,large alpha touches frame edge: 0
ok,Assets/Art/War/Units/V2/Cutouts/Secondary/war-unit-clockwork-trenchhand-v2/war-unit-clockwork-trenchhand-v2-secondary-up-03.png,128,128,1,large alpha touches frame edge: 0
ok,Assets/Art/War/Units/V2/Cutouts/Secondary/war-unit-combat-medic-v2/war-unit-combat-medic-v2-secondary-down-00.png,128,128,1,
ok,Assets/Art/War/Units/V2/Cutouts/Secondary/war-unit-combat-medic-v2/war-unit-combat-medic-v2-secondary-down-01.png,128,128,1,
ok,Assets/Art/War/Units/V2/Cutouts/Secondary/war-unit-combat-medic-v2/war-unit-combat-medic-v2-secondary-down-02.png,128,128,1,
ok,Assets/Art/War/Units/V2/Cutouts/Secondary/war-unit-combat-medic-v2/war-unit-combat-medic-v2-secondary-down-03.png,128,128,1,
ok,Assets/Art/War/Units/V2/Cutouts/Secondary/war-unit-combat-medic-v2/war-unit-combat-medic-v2-secondary-left-00.png,128,128,1,
ok,Assets/Art/War/Units/V2/Cutouts/Secondary/war-unit-combat-medic-v2/war-unit-combat-medic-v2-secondary-left-01.png,128,128,1,
ok,Assets/Art/War/Units/V2/Cutouts/Secondary/war-unit-combat-medic-v2/war-unit-combat-medic-v2-secondary-left-02.png,128,128,1,
ok,Assets/Art/War/Units/V2/Cutouts/Secondary/war-unit-combat-medic-v2/war-unit-combat-medic-v2-secondary-left-03.png,128,128,1,
suspect,Assets/Art/War/Units/V2/Cutouts/Secondary/war-unit-combat-medic-v2/war-unit-combat-medic-v2-secondary-right-00.png,128,128,2,"component 1 looks separated: area=152 ratio=0.05 dist=31.0 bbox=[62, 119, 82, 127] | large alpha touches frame edge: 1"
suspect,Assets/Art/War/Units/V2/Cutouts/Secondary/war-unit-combat-medic-v2/war-unit-combat-medic-v2-secondary-right-01.png,128,128,2,"component 1 looks separated: area=135 ratio=0.04 dist=28.0 bbox=[52, 119, 71, 127] | large alpha touches frame edge: 1"
suspect,Assets/Art/War/Units/V2/Cutouts/Secondary/war-unit-combat-medic-v2/war-unit-combat-medic-v2-secondary-right-02.png,128,128,2,"component 1 looks separated: area=141 ratio=0.04 dist=28.0 bbox=[44, 119, 63, 127] | large alpha touches frame edge: 1"
suspect,Assets/Art/War/Units/V2/Cutouts/Secondary/war-unit-combat-medic-v2/war-unit-combat-medic-v2-secondary-right-03.png,128,128,2,"component 1 looks separated: area=142 ratio=0.05 dist=27.0 bbox=[36, 119, 55, 127] | large alpha touches frame edge: 1"
ok,Assets/Art/War/Units/V2/Cutouts/Secondary/war-unit-combat-medic-v2/war-unit-combat-medic-v2-secondary-up-00.png,128,128,1,large alpha touches frame edge: 0
ok,Assets/Art/War/Units/V2/Cutouts/Secondary/war-unit-combat-medic-v2/war-unit-combat-medic-v2-secondary-up-01.png,128,128,1,large alpha touches frame edge: 0
ok,Assets/Art/War/Units/V2/Cutouts/Secondary/war-unit-combat-medic-v2/war-unit-combat-medic-v2-secondary-up-02.png,128,128,1,large alpha touches frame edge: 0
ok,Assets/Art/War/Units/V2/Cutouts/Secondary/war-unit-combat-medic-v2/war-unit-combat-medic-v2-secondary-up-03.png,128,128,1,large alpha touches frame edge: 0
ok,Assets/Art/War/Units/V2/Cutouts/Secondary/war-unit-echo-runner-v2/war-unit-echo-runner-v2-secondary-down-00.png,128,128,1,
ok,Assets/Art/War/Units/V2/Cutouts/Secondary/war-unit-echo-runner-v2/war-unit-echo-runner-v2-secondary-down-01.png,128,128,1,
ok,Assets/Art/War/Units/V2/Cutouts/Secondary/war-unit-echo-runner-v2/war-unit-echo-runner-v2-secondary-down-02.png,128,128,1,
ok,Assets/Art/War/Units/V2/Cutouts/Secondary/war-unit-echo-runner-v2/war-unit-echo-runner-v2-secondary-down-03.png,128,128,1,
ok,Assets/Art/War/Units/V2/Cutouts/Secondary/war-unit-echo-runner-v2/war-unit-echo-runner-v2-secondary-left-00.png,128,128,1,
ok,Assets/Art/War/Units/V2/Cutouts/Secondary/war-unit-echo-runner-v2/war-unit-echo-runner-v2-secondary-left-01.png,128,128,1,
ok,Assets/Art/War/Units/V2/Cutouts/Secondary/war-unit-echo-runner-v2/war-unit-echo-runner-v2-secondary-left-02.png,128,128,1,
ok,Assets/Art/War/Units/V2/Cutouts/Secondary/war-unit-echo-runner-v2/war-unit-echo-runner-v2-secondary-left-03.png,128,128,1,
ok,Assets/Art/War/Units/V2/Cutouts/Secondary/war-unit-echo-runner-v2/war-unit-echo-runner-v2-secondary-right-00.png,128,128,1,
ok,Assets/Art/War/Units/V2/Cutouts/Secondary/war-unit-echo-runner-v2/war-unit-echo-runner-v2-secondary-right-01.png,128,128,2,
suspect,Assets/Art/War/Units/V2/Cutouts/Secondary/war-unit-echo-runner-v2/war-unit-echo-runner-v2-secondary-right-02.png,128,128,2,"component 1 looks separated: area=176 ratio=0.06 dist=14.0 bbox=[38, 114, 66, 127] | large alpha touches frame edge: 1"
ok,Assets/Art/War/Units/V2/Cutouts/Secondary/war-unit-echo-runner-v2/war-unit-echo-runner-v2-secondary-right-03.png,128,128,2,
ok,Assets/Art/War/Units/V2/Cutouts/Secondary/war-unit-echo-runner-v2/war-unit-echo-runner-v2-secondary-up-00.png,128,128,1,
ok,Assets/Art/War/Units/V2/Cutouts/Secondary/war-unit-echo-runner-v2/war-unit-echo-runner-v2-secondary-up-01.png,128,128,1,large alpha touches frame edge: 0
ok,Assets/Art/War/Units/V2/Cutouts/Secondary/war-unit-echo-runner-v2/war-unit-echo-runner-v2-secondary-up-02.png,128,128,1,large alpha touches frame edge: 0
ok,Assets/Art/War/Units/V2/Cutouts/Secondary/war-unit-echo-runner-v2/war-unit-echo-runner-v2-secondary-up-03.png,128,128,1,large alpha touches frame edge: 0
ok,Assets/Art/War/Units/V2/Cutouts/Secondary/war-unit-field-chaplain-orderly-v2/war-unit-field-chaplain-orderly-v2-secondary-down-00.png,128,128,1,
ok,Assets/Art/War/Units/V2/Cutouts/Secondary/war-unit-field-chaplain-orderly-v2/war-unit-field-chaplain-orderly-v2-secondary-down-01.png,128,128,1,
suspect,Assets/Art/War/Units/V2/Cutouts/Secondary/war-unit-field-chaplain-orderly-v2/war-unit-field-chaplain-orderly-v2-secondary-down-02.png,128,128,3,"component 1 looks separated: area=270 ratio=0.07 dist=21.0 bbox=[103, 77, 117, 94] | component 2 looks separated: area=156 ratio=0.04 dist=31.0 bbox=[113, 103, 127, 121] | large alpha touches frame edge: 2"
suspect,Assets/Art/War/Units/V2/Cutouts/Secondary/war-unit-field-chaplain-orderly-v2/war-unit-field-chaplain-orderly-v2-secondary-down-03.png,128,128,2,large alpha touches frame edge: 0
ok,Assets/Art/War/Units/V2/Cutouts/Secondary/war-unit-field-chaplain-orderly-v2/war-unit-field-chaplain-orderly-v2-secondary-left-00.png,128,128,1,
suspect,Assets/Art/War/Units/V2/Cutouts/Secondary/war-unit-field-chaplain-orderly-v2/war-unit-field-chaplain-orderly-v2-secondary-left-01.png,128,128,3,"component 1 looks separated: area=270 ratio=0.07 dist=24.0 bbox=[103, 63, 117, 80] | component 2 looks separated: area=124 ratio=0.03 dist=36.0 bbox=[115, 92, 127, 106] | large alpha touches frame edge: 2"
suspect,Assets/Art/War/Units/V2/Cutouts/Secondary/war-unit-field-chaplain-orderly-v2/war-unit-field-chaplain-orderly-v2-secondary-left-02.png,128,128,3,"component 1 looks separated: area=453 ratio=0.12 dist=21.0 bbox=[97, 96, 127, 114] | component 2 looks separated: area=270 ratio=0.07 dist=26.0 bbox=[102, 71, 116, 88] | large alpha touches frame edge: 0,1"
suspect,Assets/Art/War/Units/V2/Cutouts/Secondary/war-unit-field-chaplain-orderly-v2/war-unit-field-chaplain-orderly-v2-secondary-left-03.png,128,128,2,large alpha touches frame edge: 0
ok,Assets/Art/War/Units/V2/Cutouts/Secondary/war-unit-field-chaplain-orderly-v2/war-unit-field-chaplain-orderly-v2-secondary-right-00.png,128,128,2,
ok,Assets/Art/War/Units/V2/Cutouts/Secondary/war-unit-field-chaplain-orderly-v2/war-unit-field-chaplain-orderly-v2-secondary-right-01.png,128,128,2,
ok,Assets/Art/War/Units/V2/Cutouts/Secondary/war-unit-field-chaplain-orderly-v2/war-unit-field-chaplain-orderly-v2-secondary-right-02.png,128,128,4,
suspect,Assets/Art/War/Units/V2/Cutouts/Secondary/war-unit-field-chaplain-orderly-v2/war-unit-field-chaplain-orderly-v2-secondary-right-03.png,128,128,2,large alpha touches frame edge: 0
ok,Assets/Art/War/Units/V2/Cutouts/Secondary/war-unit-field-chaplain-orderly-v2/war-unit-field-chaplain-orderly-v2-secondary-up-00.png,128,128,1,large alpha touches frame edge: 0
ok,Assets/Art/War/Units/V2/Cutouts/Secondary/war-unit-field-chaplain-orderly-v2/war-unit-field-chaplain-orderly-v2-secondary-up-01.png,128,128,1,large alpha touches frame edge: 0
suspect,Assets/Art/War/Units/V2/Cutouts/Secondary/war-unit-field-chaplain-orderly-v2/war-unit-field-chaplain-orderly-v2-secondary-up-02.png,128,128,3,"component 1 looks separated: area=361 ratio=0.10 dist=15.0 bbox=[102, 59, 127, 77] | component 2 looks separated: area=270 ratio=0.08 dist=18.0 bbox=[105, 36, 119, 53] | large alpha touches frame edge: 0,1"
suspect,Assets/Art/War/Units/V2/Cutouts/Secondary/war-unit-field-chaplain-orderly-v2/war-unit-field-chaplain-orderly-v2-secondary-up-03.png,128,128,2,large alpha touches frame edge: 0
ok,Assets/Art/War/Units/V2/Cutouts/Secondary/war-unit-field-doctor-v2/war-unit-field-doctor-v2-secondary-down-00.png,128,128,1,
ok,Assets/Art/War/Units/V2/Cutouts/Secondary/war-unit-field-doctor-v2/war-unit-field-doctor-v2-secondary-down-01.png,128,128,1,
ok,Assets/Art/War/Units/V2/Cutouts/Secondary/war-unit-field-doctor-v2/war-unit-field-doctor-v2-secondary-down-02.png,128,128,1,
ok,Assets/Art/War/Units/V2/Cutouts/Secondary/war-unit-field-doctor-v2/war-unit-field-doctor-v2-secondary-down-03.png,128,128,1,
ok,Assets/Art/War/Units/V2/Cutouts/Secondary/war-unit-field-doctor-v2/war-unit-field-doctor-v2-secondary-left-00.png,128,128,1,
ok,Assets/Art/War/Units/V2/Cutouts/Secondary/war-unit-field-doctor-v2/war-unit-field-doctor-v2-secondary-left-01.png,128,128,1,
ok,Assets/Art/War/Units/V2/Cutouts/Secondary/war-unit-field-doctor-v2/war-unit-field-doctor-v2-secondary-left-02.png,128,128,1,
ok,Assets/Art/War/Units/V2/Cutouts/Secondary/war-unit-field-doctor-v2/war-unit-field-doctor-v2-secondary-left-03.png,128,128,1,
suspect,Assets/Art/War/Units/V2/Cutouts/Secondary/war-unit-field-doctor-v2/war-unit-field-doctor-v2-secondary-right-00.png,128,128,2,"component 1 looks separated: area=152 ratio=0.04 dist=19.0 bbox=[62, 119, 82, 127] | large alpha touches frame edge: 1"
suspect,Assets/Art/War/Units/V2/Cutouts/Secondary/war-unit-field-doctor-v2/war-unit-field-doctor-v2-secondary-right-01.png,128,128,2,"component 1 looks separated: area=135 ratio=0.04 dist=19.0 bbox=[52, 119, 71, 127] | large alpha touches frame edge: 1"
suspect,Assets/Art/War/Units/V2/Cutouts/Secondary/war-unit-field-doctor-v2/war-unit-field-doctor-v2-secondary-right-02.png,128,128,2,"component 1 looks separated: area=141 ratio=0.04 dist=19.0 bbox=[44, 119, 63, 127] | large alpha touches frame edge: 1"
suspect,Assets/Art/War/Units/V2/Cutouts/Secondary/war-unit-field-doctor-v2/war-unit-field-doctor-v2-secondary-right-03.png,128,128,2,"component 1 looks separated: area=142 ratio=0.04 dist=19.0 bbox=[36, 119, 55, 127] | large alpha touches frame edge: 1"
ok,Assets/Art/War/Units/V2/Cutouts/Secondary/war-unit-field-doctor-v2/war-unit-field-doctor-v2-secondary-up-00.png,128,128,1,large alpha touches frame edge: 0
ok,Assets/Art/War/Units/V2/Cutouts/Secondary/war-unit-field-doctor-v2/war-unit-field-doctor-v2-secondary-up-01.png,128,128,1,large alpha touches frame edge: 0
ok,Assets/Art/War/Units/V2/Cutouts/Secondary/war-unit-field-doctor-v2/war-unit-field-doctor-v2-secondary-up-02.png,128,128,1,large alpha touches frame edge: 0
ok,Assets/Art/War/Units/V2/Cutouts/Secondary/war-unit-field-doctor-v2/war-unit-field-doctor-v2-secondary-up-03.png,128,128,1,large alpha touches frame edge: 0
ok,Assets/Art/War/Units/V2/Cutouts/Secondary/war-unit-field-engineer-v2/war-unit-field-engineer-v2-secondary-down-00.png,128,128,1,
ok,Assets/Art/War/Units/V2/Cutouts/Secondary/war-unit-field-engineer-v2/war-unit-field-engineer-v2-secondary-down-01.png,128,128,1,
ok,Assets/Art/War/Units/V2/Cutouts/Secondary/war-unit-field-engineer-v2/war-unit-field-engineer-v2-secondary-down-02.png,128,128,1,
ok,Assets/Art/War/Units/V2/Cutouts/Secondary/war-unit-field-engineer-v2/war-unit-field-engineer-v2-secondary-down-03.png,128,128,1,
ok,Assets/Art/War/Units/V2/Cutouts/Secondary/war-unit-field-engineer-v2/war-unit-field-engineer-v2-secondary-left-00.png,128,128,1,
ok,Assets/Art/War/Units/V2/Cutouts/Secondary/war-unit-field-engineer-v2/war-unit-field-engineer-v2-secondary-left-01.png,128,128,1,
ok,Assets/Art/War/Units/V2/Cutouts/Secondary/war-unit-field-engineer-v2/war-unit-field-engineer-v2-secondary-left-02.png,128,128,1,
ok,Assets/Art/War/Units/V2/Cutouts/Secondary/war-unit-field-engineer-v2/war-unit-field-engineer-v2-secondary-left-03.png,128,128,1,
ok,Assets/Art/War/Units/V2/Cutouts/Secondary/war-unit-field-engineer-v2/war-unit-field-engineer-v2-secondary-right-00.png,128,128,1,
ok,Assets/Art/War/Units/V2/Cutouts/Secondary/war-unit-field-engineer-v2/war-unit-field-engineer-v2-secondary-right-01.png,128,128,1,
ok,Assets/Art/War/Units/V2/Cutouts/Secondary/war-unit-field-engineer-v2/war-unit-field-engineer-v2-secondary-right-02.png,128,128,2,
ok,Assets/Art/War/Units/V2/Cutouts/Secondary/war-unit-field-engineer-v2/war-unit-field-engineer-v2-secondary-right-03.png,128,128,1,
ok,Assets/Art/War/Units/V2/Cutouts/Secondary/war-unit-field-engineer-v2/war-unit-field-engineer-v2-secondary-up-00.png,128,128,1,large alpha touches frame edge: 0
ok,Assets/Art/War/Units/V2/Cutouts/Secondary/war-unit-field-engineer-v2/war-unit-field-engineer-v2-secondary-up-01.png,128,128,1,large alpha touches frame edge: 0
ok,Assets/Art/War/Units/V2/Cutouts/Secondary/war-unit-field-engineer-v2/war-unit-field-engineer-v2-secondary-up-02.png,128,128,1,large alpha touches frame edge: 0
ok,Assets/Art/War/Units/V2/Cutouts/Secondary/war-unit-field-engineer-v2/war-unit-field-engineer-v2-secondary-up-03.png,128,128,1,large alpha touches frame edge: 0
ok,Assets/Art/War/Units/V2/Cutouts/Secondary/war-unit-grave-mine-warden-v2/war-unit-grave-mine-warden-v2-secondary-down-00.png,128,128,1,
ok,Assets/Art/War/Units/V2/Cutouts/Secondary/war-unit-grave-mine-warden-v2/war-unit-grave-mine-warden-v2-secondary-down-01.png,128,128,1,
ok,Assets/Art/War/Units/V2/Cutouts/Secondary/war-unit-grave-mine-warden-v2/war-unit-grave-mine-warden-v2-secondary-down-02.png,128,128,1,
ok,Assets/Art/War/Units/V2/Cutouts/Secondary/war-unit-grave-mine-warden-v2/war-unit-grave-mine-warden-v2-secondary-down-03.png,128,128,1,
ok,Assets/Art/War/Units/V2/Cutouts/Secondary/war-unit-grave-mine-warden-v2/war-unit-grave-mine-warden-v2-secondary-left-00.png,128,128,1,
ok,Assets/Art/War/Units/V2/Cutouts/Secondary/war-unit-grave-mine-warden-v2/war-unit-grave-mine-warden-v2-secondary-left-01.png,128,128,1,
suspect,Assets/Art/War/Units/V2/Cutouts/Secondary/war-unit-grave-mine-warden-v2/war-unit-grave-mine-warden-v2-secondary-left-02.png,128,128,4,"component 2 looks separated: area=186 ratio=0.05 dist=21.0 bbox=[112, 57, 126, 92]"
ok,Assets/Art/War/Units/V2/Cutouts/Secondary/war-unit-grave-mine-warden-v2/war-unit-grave-mine-warden-v2-secondary-left-03.png,128,128,1,large alpha touches frame edge: 0
suspect,Assets/Art/War/Units/V2/Cutouts/Secondary/war-unit-grave-mine-warden-v2/war-unit-grave-mine-warden-v2-secondary-right-00.png,128,128,2,large alpha touches frame edge: 1
ok,Assets/Art/War/Units/V2/Cutouts/Secondary/war-unit-grave-mine-warden-v2/war-unit-grave-mine-warden-v2-secondary-right-01.png,128,128,3,
ok,Assets/Art/War/Units/V2/Cutouts/Secondary/war-unit-grave-mine-warden-v2/war-unit-grave-mine-warden-v2-secondary-right-02.png,128,128,2,
ok,Assets/Art/War/Units/V2/Cutouts/Secondary/war-unit-grave-mine-warden-v2/war-unit-grave-mine-warden-v2-secondary-right-03.png,128,128,2,
ok,Assets/Art/War/Units/V2/Cutouts/Secondary/war-unit-grave-mine-warden-v2/war-unit-grave-mine-warden-v2-secondary-up-00.png,128,128,1,large alpha touches frame edge: 0
ok,Assets/Art/War/Units/V2/Cutouts/Secondary/war-unit-grave-mine-warden-v2/war-unit-grave-mine-warden-v2-secondary-up-01.png,128,128,1,large alpha touches frame edge: 0
suspect,Assets/Art/War/Units/V2/Cutouts/Secondary/war-unit-grave-mine-warden-v2/war-unit-grave-mine-warden-v2-secondary-up-02.png,128,128,2,large alpha touches frame edge: 0
ok,Assets/Art/War/Units/V2/Cutouts/Secondary/war-unit-grave-mine-warden-v2/war-unit-grave-mine-warden-v2-secondary-up-03.png,128,128,1,large alpha touches frame edge: 0
ok,Assets/Art/War/Units/V2/Cutouts/Secondary/war-unit-grave-salt-warden-v2/war-unit-grave-salt-warden-v2-secondary-down-00.png,128,128,1,
ok,Assets/Art/War/Units/V2/Cutouts/Secondary/war-unit-grave-salt-warden-v2/war-unit-grave-salt-warden-v2-secondary-down-01.png,128,128,1,
ok,Assets/Art/War/Units/V2/Cutouts/Secondary/war-unit-grave-salt-warden-v2/war-unit-grave-salt-warden-v2-secondary-down-02.png,128,128,1,
ok,Assets/Art/War/Units/V2/Cutouts/Secondary/war-unit-grave-salt-warden-v2/war-unit-grave-salt-warden-v2-secondary-down-03.png,128,128,1,
ok,Assets/Art/War/Units/V2/Cutouts/Secondary/war-unit-grave-salt-warden-v2/war-unit-grave-salt-warden-v2-secondary-left-00.png,128,128,1,
ok,Assets/Art/War/Units/V2/Cutouts/Secondary/war-unit-grave-salt-warden-v2/war-unit-grave-salt-warden-v2-secondary-left-01.png,128,128,1,
ok,Assets/Art/War/Units/V2/Cutouts/Secondary/war-unit-grave-salt-warden-v2/war-unit-grave-salt-warden-v2-secondary-left-02.png,128,128,2,
ok,Assets/Art/War/Units/V2/Cutouts/Secondary/war-unit-grave-salt-warden-v2/war-unit-grave-salt-warden-v2-secondary-left-03.png,128,128,1,large alpha touches frame edge: 0
suspect,Assets/Art/War/Units/V2/Cutouts/Secondary/war-unit-grave-salt-warden-v2/war-unit-grave-salt-warden-v2-secondary-right-00.png,128,128,2,"component 1 looks separated: area=239 ratio=0.07 dist=19.0 bbox=[60, 114, 83, 127] | large alpha touches frame edge: 1"
ok,Assets/Art/War/Units/V2/Cutouts/Secondary/war-unit-grave-salt-warden-v2/war-unit-grave-salt-warden-v2-secondary-right-01.png,128,128,2,
ok,Assets/Art/War/Units/V2/Cutouts/Secondary/war-unit-grave-salt-warden-v2/war-unit-grave-salt-warden-v2-secondary-right-02.png,128,128,2,
ok,Assets/Art/War/Units/V2/Cutouts/Secondary/war-unit-grave-salt-warden-v2/war-unit-grave-salt-warden-v2-secondary-right-03.png,128,128,2,
ok,Assets/Art/War/Units/V2/Cutouts/Secondary/war-unit-grave-salt-warden-v2/war-unit-grave-salt-warden-v2-secondary-up-00.png,128,128,1,large alpha touches frame edge: 0
ok,Assets/Art/War/Units/V2/Cutouts/Secondary/war-unit-grave-salt-warden-v2/war-unit-grave-salt-warden-v2-secondary-up-01.png,128,128,1,large alpha touches frame edge: 0
ok,Assets/Art/War/Units/V2/Cutouts/Secondary/war-unit-grave-salt-warden-v2/war-unit-grave-salt-warden-v2-secondary-up-02.png,128,128,1,large alpha touches frame edge: 0
ok,Assets/Art/War/Units/V2/Cutouts/Secondary/war-unit-grave-salt-warden-v2/war-unit-grave-salt-warden-v2-secondary-up-03.png,128,128,1,large alpha touches frame edge: 0
ok,Assets/Art/War/Units/V2/Cutouts/Secondary/war-unit-grenadier-v2/war-unit-grenadier-v2-secondary-down-00.png,128,128,1,
ok,Assets/Art/War/Units/V2/Cutouts/Secondary/war-unit-grenadier-v2/war-unit-grenadier-v2-secondary-down-01.png,128,128,1,
ok,Assets/Art/War/Units/V2/Cutouts/Secondary/war-unit-grenadier-v2/war-unit-grenadier-v2-secondary-down-02.png,128,128,2,
ok,Assets/Art/War/Units/V2/Cutouts/Secondary/war-unit-grenadier-v2/war-unit-grenadier-v2-secondary-down-03.png,128,128,1,
ok,Assets/Art/War/Units/V2/Cutouts/Secondary/war-unit-grenadier-v2/war-unit-grenadier-v2-secondary-left-00.png,128,128,1,
ok,Assets/Art/War/Units/V2/Cutouts/Secondary/war-unit-grenadier-v2/war-unit-grenadier-v2-secondary-left-01.png,128,128,2,
ok,Assets/Art/War/Units/V2/Cutouts/Secondary/war-unit-grenadier-v2/war-unit-grenadier-v2-secondary-left-02.png,128,128,2,
ok,Assets/Art/War/Units/V2/Cutouts/Secondary/war-unit-grenadier-v2/war-unit-grenadier-v2-secondary-left-03.png,128,128,1,large alpha touches frame edge: 0
ok,Assets/Art/War/Units/V2/Cutouts/Secondary/war-unit-grenadier-v2/war-unit-grenadier-v2-secondary-right-00.png,128,128,2,
ok,Assets/Art/War/Units/V2/Cutouts/Secondary/war-unit-grenadier-v2/war-unit-grenadier-v2-secondary-right-01.png,128,128,2,
ok,Assets/Art/War/Units/V2/Cutouts/Secondary/war-unit-grenadier-v2/war-unit-grenadier-v2-secondary-right-02.png,128,128,3,
ok,Assets/Art/War/Units/V2/Cutouts/Secondary/war-unit-grenadier-v2/war-unit-grenadier-v2-secondary-right-03.png,128,128,2,
ok,Assets/Art/War/Units/V2/Cutouts/Secondary/war-unit-grenadier-v2/war-unit-grenadier-v2-secondary-up-00.png,128,128,1,large alpha touches frame edge: 0
ok,Assets/Art/War/Units/V2/Cutouts/Secondary/war-unit-grenadier-v2/war-unit-grenadier-v2-secondary-up-01.png,128,128,1,large alpha touches frame edge: 0
suspect,Assets/Art/War/Units/V2/Cutouts/Secondary/war-unit-grenadier-v2/war-unit-grenadier-v2-secondary-up-02.png,128,128,2,"large alpha touches frame edge: 0,1"
ok,Assets/Art/War/Units/V2/Cutouts/Secondary/war-unit-grenadier-v2/war-unit-grenadier-v2-secondary-up-03.png,128,128,1,large alpha touches frame edge: 0
ok,Assets/Art/War/Units/V2/Cutouts/Secondary/war-unit-mg-gunner-v2/war-unit-mg-gunner-v2-secondary-down-00.png,128,128,1,
ok,Assets/Art/War/Units/V2/Cutouts/Secondary/war-unit-mg-gunner-v2/war-unit-mg-gunner-v2-secondary-down-01.png,128,128,1,
ok,Assets/Art/War/Units/V2/Cutouts/Secondary/war-unit-mg-gunner-v2/war-unit-mg-gunner-v2-secondary-down-02.png,128,128,1,
ok,Assets/Art/War/Units/V2/Cutouts/Secondary/war-unit-mg-gunner-v2/war-unit-mg-gunner-v2-secondary-down-03.png,128,128,1,
ok,Assets/Art/War/Units/V2/Cutouts/Secondary/war-unit-mg-gunner-v2/war-unit-mg-gunner-v2-secondary-left-00.png,128,128,1,
ok,Assets/Art/War/Units/V2/Cutouts/Secondary/war-unit-mg-gunner-v2/war-unit-mg-gunner-v2-secondary-left-01.png,128,128,1,
ok,Assets/Art/War/Units/V2/Cutouts/Secondary/war-unit-mg-gunner-v2/war-unit-mg-gunner-v2-secondary-left-02.png,128,128,1,
ok,Assets/Art/War/Units/V2/Cutouts/Secondary/war-unit-mg-gunner-v2/war-unit-mg-gunner-v2-secondary-left-03.png,128,128,1,
ok,Assets/Art/War/Units/V2/Cutouts/Secondary/war-unit-mg-gunner-v2/war-unit-mg-gunner-v2-secondary-right-00.png,128,128,1,
ok,Assets/Art/War/Units/V2/Cutouts/Secondary/war-unit-mg-gunner-v2/war-unit-mg-gunner-v2-secondary-right-01.png,128,128,1,
ok,Assets/Art/War/Units/V2/Cutouts/Secondary/war-unit-mg-gunner-v2/war-unit-mg-gunner-v2-secondary-right-02.png,128,128,1,
ok,Assets/Art/War/Units/V2/Cutouts/Secondary/war-unit-mg-gunner-v2/war-unit-mg-gunner-v2-secondary-right-03.png,128,128,1,
ok,Assets/Art/War/Units/V2/Cutouts/Secondary/war-unit-mg-gunner-v2/war-unit-mg-gunner-v2-secondary-up-00.png,128,128,1,
ok,Assets/Art/War/Units/V2/Cutouts/Secondary/war-unit-mg-gunner-v2/war-unit-mg-gunner-v2-secondary-up-01.png,128,128,1,
ok,Assets/Art/War/Units/V2/Cutouts/Secondary/war-unit-mg-gunner-v2/war-unit-mg-gunner-v2-secondary-up-02.png,128,128,1,
ok,Assets/Art/War/Units/V2/Cutouts/Secondary/war-unit-mg-gunner-v2/war-unit-mg-gunner-v2-secondary-up-03.png,128,128,1,
ok,Assets/Art/War/Units/V2/Cutouts/Secondary/war-unit-patrol-corporal-v2/war-unit-patrol-corporal-v2-secondary-down-00.png,128,256,1,large alpha touches frame edge: 0
ok,Assets/Art/War/Units/V2/Cutouts/Secondary/war-unit-patrol-corporal-v2/war-unit-patrol-corporal-v2-secondary-down-01.png,128,256,1,large alpha touches frame edge: 0
ok,Assets/Art/War/Units/V2/Cutouts/Secondary/war-unit-patrol-corporal-v2/war-unit-patrol-corporal-v2-secondary-down-02.png,128,256,1,large alpha touches frame edge: 0
ok,Assets/Art/War/Units/V2/Cutouts/Secondary/war-unit-patrol-corporal-v2/war-unit-patrol-corporal-v2-secondary-down-03.png,128,256,1,large alpha touches frame edge: 0
ok,Assets/Art/War/Units/V2/Cutouts/Secondary/war-unit-patrol-corporal-v2/war-unit-patrol-corporal-v2-secondary-left-00.png,128,256,1,large alpha touches frame edge: 0
suspect,Assets/Art/War/Units/V2/Cutouts/Secondary/war-unit-patrol-corporal-v2/war-unit-patrol-corporal-v2-secondary-left-01.png,128,256,2,"component 1 looks separated: area=162 ratio=0.02 dist=38.0 bbox=[69, 230, 83, 247] | large alpha touches frame edge: 0"
ok,Assets/Art/War/Units/V2/Cutouts/Secondary/war-unit-patrol-corporal-v2/war-unit-patrol-corporal-v2-secondary-left-02.png,128,256,1,large alpha touches frame edge: 0
ok,Assets/Art/War/Units/V2/Cutouts/Secondary/war-unit-patrol-corporal-v2/war-unit-patrol-corporal-v2-secondary-left-03.png,128,256,1,large alpha touches frame edge: 0
suspect,Assets/Art/War/Units/V2/Cutouts/Secondary/war-unit-patrol-corporal-v2/war-unit-patrol-corporal-v2-secondary-right-00.png,128,256,2,"component 1 looks separated: area=949 ratio=0.12 dist=58.0 bbox=[50, 217, 91, 247] | large alpha touches frame edge: 0"
suspect,Assets/Art/War/Units/V2/Cutouts/Secondary/war-unit-patrol-corporal-v2/war-unit-patrol-corporal-v2-secondary-right-01.png,128,256,3,"component 1 looks separated: area=449 ratio=0.06 dist=61.0 bbox=[45, 230, 80, 247] | component 2 looks separated: area=397 ratio=0.05 dist=38.0 bbox=[87, 207, 100, 247] | large alpha touches frame edge: 0"
suspect,Assets/Art/War/Units/V2/Cutouts/Secondary/war-unit-patrol-corporal-v2/war-unit-patrol-corporal-v2-secondary-right-02.png,128,256,2,"component 1 looks separated: area=763 ratio=0.09 dist=59.0 bbox=[21, 222, 59, 247] | large alpha touches frame edge: 0"
suspect,Assets/Art/War/Units/V2/Cutouts/Secondary/war-unit-patrol-corporal-v2/war-unit-patrol-corporal-v2-secondary-right-03.png,128,256,3,"component 1 looks separated: area=759 ratio=0.09 dist=58.0 bbox=[39, 222, 76, 247] | component 2 looks separated: area=511 ratio=0.06 dist=53.0 bbox=[82, 217, 102, 247] | large alpha touches frame edge: 0"
ok,Assets/Art/War/Units/V2/Cutouts/Secondary/war-unit-patrol-corporal-v2/war-unit-patrol-corporal-v2-secondary-up-00.png,128,256,1,large alpha touches frame edge: 0
ok,Assets/Art/War/Units/V2/Cutouts/Secondary/war-unit-patrol-corporal-v2/war-unit-patrol-corporal-v2-secondary-up-01.png,128,256,1,large alpha touches frame edge: 0
ok,Assets/Art/War/Units/V2/Cutouts/Secondary/war-unit-patrol-corporal-v2/war-unit-patrol-corporal-v2-secondary-up-02.png,128,256,1,large alpha touches frame edge: 0
ok,Assets/Art/War/Units/V2/Cutouts/Secondary/war-unit-patrol-corporal-v2/war-unit-patrol-corporal-v2-secondary-up-03.png,128,256,1,large alpha touches frame edge: 0
ok,Assets/Art/War/Units/V2/Cutouts/Secondary/war-unit-porter-v2/war-unit-porter-v2-secondary-down-00.png,128,128,1,
ok,Assets/Art/War/Units/V2/Cutouts/Secondary/war-unit-porter-v2/war-unit-porter-v2-secondary-down-01.png,128,128,1,
ok,Assets/Art/War/Units/V2/Cutouts/Secondary/war-unit-porter-v2/war-unit-porter-v2-secondary-down-02.png,128,128,1,
ok,Assets/Art/War/Units/V2/Cutouts/Secondary/war-unit-porter-v2/war-unit-porter-v2-secondary-down-03.png,128,128,1,
ok,Assets/Art/War/Units/V2/Cutouts/Secondary/war-unit-porter-v2/war-unit-porter-v2-secondary-left-00.png,128,128,1,
ok,Assets/Art/War/Units/V2/Cutouts/Secondary/war-unit-porter-v2/war-unit-porter-v2-secondary-left-01.png,128,128,1,
ok,Assets/Art/War/Units/V2/Cutouts/Secondary/war-unit-porter-v2/war-unit-porter-v2-secondary-left-02.png,128,128,1,
ok,Assets/Art/War/Units/V2/Cutouts/Secondary/war-unit-porter-v2/war-unit-porter-v2-secondary-left-03.png,128,128,1,
suspect,Assets/Art/War/Units/V2/Cutouts/Secondary/war-unit-porter-v2/war-unit-porter-v2-secondary-right-00.png,128,128,2,"component 1 looks separated: area=230 ratio=0.06 dist=16.0 bbox=[61, 115, 84, 127] | large alpha touches frame edge: 1"
suspect,Assets/Art/War/Units/V2/Cutouts/Secondary/war-unit-porter-v2/war-unit-porter-v2-secondary-right-01.png,128,128,2,"component 1 looks separated: area=366 ratio=0.10 dist=16.0 bbox=[42, 116, 88, 127] | large alpha touches frame edge: 1"
suspect,Assets/Art/War/Units/V2/Cutouts/Secondary/war-unit-porter-v2/war-unit-porter-v2-secondary-right-02.png,128,128,2,"component 1 looks separated: area=188 ratio=0.05 dist=17.0 bbox=[37, 117, 57, 127] | large alpha touches frame edge: 1"
suspect,Assets/Art/War/Units/V2/Cutouts/Secondary/war-unit-porter-v2/war-unit-porter-v2-secondary-right-03.png,128,128,2,"component 1 looks separated: area=146 ratio=0.04 dist=28.0 bbox=[33, 119, 52, 127] | large alpha touches frame edge: 1"
ok,Assets/Art/War/Units/V2/Cutouts/Secondary/war-unit-porter-v2/war-unit-porter-v2-secondary-up-00.png,128,128,1,large alpha touches frame edge: 0
ok,Assets/Art/War/Units/V2/Cutouts/Secondary/war-unit-porter-v2/war-unit-porter-v2-secondary-up-01.png,128,128,1,large alpha touches frame edge: 0
ok,Assets/Art/War/Units/V2/Cutouts/Secondary/war-unit-porter-v2/war-unit-porter-v2-secondary-up-02.png,128,128,1,large alpha touches frame edge: 0
ok,Assets/Art/War/Units/V2/Cutouts/Secondary/war-unit-porter-v2/war-unit-porter-v2-secondary-up-03.png,128,128,1,large alpha touches frame edge: 0
ok,Assets/Art/War/Units/V2/Cutouts/Secondary/war-unit-pressure-projector-v2/war-unit-pressure-projector-v2-secondary-down-00.png,128,128,1,
ok,Assets/Art/War/Units/V2/Cutouts/Secondary/war-unit-pressure-projector-v2/war-unit-pressure-projector-v2-secondary-down-01.png,128,128,1,
ok,Assets/Art/War/Units/V2/Cutouts/Secondary/war-unit-pressure-projector-v2/war-unit-pressure-projector-v2-secondary-down-02.png,128,128,1,
ok,Assets/Art/War/Units/V2/Cutouts/Secondary/war-unit-pressure-projector-v2/war-unit-pressure-projector-v2-secondary-down-03.png,128,128,1,
ok,Assets/Art/War/Units/V2/Cutouts/Secondary/war-unit-pressure-projector-v2/war-unit-pressure-projector-v2-secondary-left-00.png,128,128,2,
suspect,Assets/Art/War/Units/V2/Cutouts/Secondary/war-unit-pressure-projector-v2/war-unit-pressure-projector-v2-secondary-left-01.png,128,128,2,"component 1 looks separated: area=405 ratio=0.13 dist=22.0 bbox=[95, 69, 127, 89] | large alpha touches frame edge: 0,1"
suspect,Assets/Art/War/Units/V2/Cutouts/Secondary/war-unit-pressure-projector-v2/war-unit-pressure-projector-v2-secondary-left-02.png,128,128,2,"component 1 looks separated: area=706 ratio=0.23 dist=15.0 bbox=[78, 68, 127, 96] | large alpha touches frame edge: 0,1"
ok,Assets/Art/War/Units/V2/Cutouts/Secondary/war-unit-pressure-projector-v2/war-unit-pressure-projector-v2-secondary-left-03.png,128,128,1,large alpha touches frame edge: 0
ok,Assets/Art/War/Units/V2/Cutouts/Secondary/war-unit-pressure-projector-v2/war-unit-pressure-projector-v2-secondary-right-00.png,128,128,2,
ok,Assets/Art/War/Units/V2/Cutouts/Secondary/war-unit-pressure-projector-v2/war-unit-pressure-projector-v2-secondary-right-01.png,128,128,2,
ok,Assets/Art/War/Units/V2/Cutouts/Secondary/war-unit-pressure-projector-v2/war-unit-pressure-projector-v2-secondary-right-02.png,128,128,2,
ok,Assets/Art/War/Units/V2/Cutouts/Secondary/war-unit-pressure-projector-v2/war-unit-pressure-projector-v2-secondary-right-03.png,128,128,2,
ok,Assets/Art/War/Units/V2/Cutouts/Secondary/war-unit-pressure-projector-v2/war-unit-pressure-projector-v2-secondary-up-00.png,128,128,1,large alpha touches frame edge: 0
ok,Assets/Art/War/Units/V2/Cutouts/Secondary/war-unit-pressure-projector-v2/war-unit-pressure-projector-v2-secondary-up-01.png,128,128,1,large alpha touches frame edge: 0
ok,Assets/Art/War/Units/V2/Cutouts/Secondary/war-unit-pressure-projector-v2/war-unit-pressure-projector-v2-secondary-up-02.png,128,128,1,large alpha touches frame edge: 0
ok,Assets/Art/War/Units/V2/Cutouts/Secondary/war-unit-pressure-projector-v2/war-unit-pressure-projector-v2-secondary-up-03.png,128,128,1,large alpha touches frame edge: 0
ok,Assets/Art/War/Units/V2/Cutouts/Secondary/war-unit-quartermaster-runner-v2/war-unit-quartermaster-runner-v2-secondary-down-00.png,128,256,1,
ok,Assets/Art/War/Units/V2/Cutouts/Secondary/war-unit-quartermaster-runner-v2/war-unit-quartermaster-runner-v2-secondary-down-01.png,128,256,1,
ok,Assets/Art/War/Units/V2/Cutouts/Secondary/war-unit-quartermaster-runner-v2/war-unit-quartermaster-runner-v2-secondary-down-02.png,128,256,1,
ok,Assets/Art/War/Units/V2/Cutouts/Secondary/war-unit-quartermaster-runner-v2/war-unit-quartermaster-runner-v2-secondary-down-03.png,128,256,1,
ok,Assets/Art/War/Units/V2/Cutouts/Secondary/war-unit-quartermaster-runner-v2/war-unit-quartermaster-runner-v2-secondary-left-00.png,128,256,1,
ok,Assets/Art/War/Units/V2/Cutouts/Secondary/war-unit-quartermaster-runner-v2/war-unit-quartermaster-runner-v2-secondary-left-01.png,128,256,1,
ok,Assets/Art/War/Units/V2/Cutouts/Secondary/war-unit-quartermaster-runner-v2/war-unit-quartermaster-runner-v2-secondary-left-02.png,128,256,1,
ok,Assets/Art/War/Units/V2/Cutouts/Secondary/war-unit-quartermaster-runner-v2/war-unit-quartermaster-runner-v2-secondary-left-03.png,128,256,1,large alpha touches frame edge: 0
suspect,Assets/Art/War/Units/V2/Cutouts/Secondary/war-unit-quartermaster-runner-v2/war-unit-quartermaster-runner-v2-secondary-right-00.png,128,256,2,"component 1 looks separated: area=557 ratio=0.12 dist=38.0 bbox=[63, 220, 85, 255] | large alpha touches frame edge: 1"
suspect,Assets/Art/War/Units/V2/Cutouts/Secondary/war-unit-quartermaster-runner-v2/war-unit-quartermaster-runner-v2-secondary-right-01.png,128,256,3,"component 1 looks separated: area=559 ratio=0.11 dist=38.0 bbox=[58, 221, 80, 255] | component 2 looks separated: area=158 ratio=0.03 dist=60.0 bbox=[88, 243, 110, 255] | large alpha touches frame edge: 1,2"
suspect,Assets/Art/War/Units/V2/Cutouts/Secondary/war-unit-quartermaster-runner-v2/war-unit-quartermaster-runner-v2-secondary-right-02.png,128,256,3,"component 1 looks separated: area=541 ratio=0.11 dist=39.0 bbox=[49, 222, 70, 255] | component 2 looks separated: area=121 ratio=0.02 dist=58.0 bbox=[83, 241, 93, 255] | large alpha touches frame edge: 1,2"
suspect,Assets/Art/War/Units/V2/Cutouts/Secondary/war-unit-quartermaster-runner-v2/war-unit-quartermaster-runner-v2-secondary-right-03.png,128,256,2,"component 1 looks separated: area=563 ratio=0.11 dist=39.0 bbox=[37, 221, 59, 255] | large alpha touches frame edge: 1"
ok,Assets/Art/War/Units/V2/Cutouts/Secondary/war-unit-quartermaster-runner-v2/war-unit-quartermaster-runner-v2-secondary-up-00.png,128,256,1,large alpha touches frame edge: 0
ok,Assets/Art/War/Units/V2/Cutouts/Secondary/war-unit-quartermaster-runner-v2/war-unit-quartermaster-runner-v2-secondary-up-01.png,128,256,1,large alpha touches frame edge: 0
ok,Assets/Art/War/Units/V2/Cutouts/Secondary/war-unit-quartermaster-runner-v2/war-unit-quartermaster-runner-v2-secondary-up-02.png,128,256,1,large alpha touches frame edge: 0
ok,Assets/Art/War/Units/V2/Cutouts/Secondary/war-unit-quartermaster-runner-v2/war-unit-quartermaster-runner-v2-secondary-up-03.png,128,256,1,large alpha touches frame edge: 0
ok,Assets/Art/War/Units/V2/Cutouts/Secondary/war-unit-rifleman-v2/war-unit-rifleman-v2-secondary-down-00.png,128,128,1,
ok,Assets/Art/War/Units/V2/Cutouts/Secondary/war-unit-rifleman-v2/war-unit-rifleman-v2-secondary-down-01.png,128,128,1,
suspect,Assets/Art/War/Units/V2/Cutouts/Secondary/war-unit-rifleman-v2/war-unit-rifleman-v2-secondary-down-02.png,128,128,2,"component 1 looks separated: area=140 ratio=0.05 dist=24.0 bbox=[109, 68, 123, 79]"
ok,Assets/Art/War/Units/V2/Cutouts/Secondary/war-unit-rifleman-v2/war-unit-rifleman-v2-secondary-down-03.png,128,128,1,
ok,Assets/Art/War/Units/V2/Cutouts/Secondary/war-unit-rifleman-v2/war-unit-rifleman-v2-secondary-left-00.png,128,128,1,
suspect,Assets/Art/War/Units/V2/Cutouts/Secondary/war-unit-rifleman-v2/war-unit-rifleman-v2-secondary-left-01.png,128,128,2,"component 1 looks separated: area=132 ratio=0.05 dist=22.0 bbox=[114, 42, 127, 53] | large alpha touches frame edge: 1"
ok,Assets/Art/War/Units/V2/Cutouts/Secondary/war-unit-rifleman-v2/war-unit-rifleman-v2-secondary-left-02.png,128,128,1,
ok,Assets/Art/War/Units/V2/Cutouts/Secondary/war-unit-rifleman-v2/war-unit-rifleman-v2-secondary-left-03.png,128,128,1,
suspect,Assets/Art/War/Units/V2/Cutouts/Secondary/war-unit-rifleman-v2/war-unit-rifleman-v2-secondary-right-00.png,128,128,2,"component 1 looks separated: area=161 ratio=0.06 dist=35.0 bbox=[63, 119, 85, 127] | large alpha touches frame edge: 1"
suspect,Assets/Art/War/Units/V2/Cutouts/Secondary/war-unit-rifleman-v2/war-unit-rifleman-v2-secondary-right-01.png,128,128,3,"component 1 looks separated: area=179 ratio=0.06 dist=33.0 bbox=[50, 118, 72, 127] | component 2 looks separated: area=151 ratio=0.05 dist=30.0 bbox=[81, 115, 95, 127] | large alpha touches frame edge: 1,2"
suspect,Assets/Art/War/Units/V2/Cutouts/Secondary/war-unit-rifleman-v2/war-unit-rifleman-v2-secondary-right-02.png,128,128,4,"component 1 looks separated: area=141 ratio=0.05 dist=32.0 bbox=[39, 120, 61, 127] | component 3 looks separated: area=115 ratio=0.04 dist=22.0 bbox=[97, 110, 108, 121] | large alpha touches frame edge: 1"
ok,Assets/Art/War/Units/V2/Cutouts/Secondary/war-unit-rifleman-v2/war-unit-rifleman-v2-secondary-right-03.png,128,128,2,
ok,Assets/Art/War/Units/V2/Cutouts/Secondary/war-unit-rifleman-v2/war-unit-rifleman-v2-secondary-up-00.png,128,128,1,large alpha touches frame edge: 0
ok,Assets/Art/War/Units/V2/Cutouts/Secondary/war-unit-rifleman-v2/war-unit-rifleman-v2-secondary-up-01.png,128,128,1,large alpha touches frame edge: 0
ok,Assets/Art/War/Units/V2/Cutouts/Secondary/war-unit-rifleman-v2/war-unit-rifleman-v2-secondary-up-02.png,128,128,1,large alpha touches frame edge: 0
ok,Assets/Art/War/Units/V2/Cutouts/Secondary/war-unit-rifleman-v2/war-unit-rifleman-v2-secondary-up-03.png,128,128,1,large alpha touches frame edge: 0
ok,Assets/Art/War/Units/V2/Cutouts/Secondary/war-unit-sapper-v2/war-unit-sapper-v2-secondary-down-00.png,128,128,1,
ok,Assets/Art/War/Units/V2/Cutouts/Secondary/war-unit-sapper-v2/war-unit-sapper-v2-secondary-down-01.png,128,128,1,
ok,Assets/Art/War/Units/V2/Cutouts/Secondary/war-unit-sapper-v2/war-unit-sapper-v2-secondary-down-02.png,128,128,1,large alpha touches frame edge: 0
ok,Assets/Art/War/Units/V2/Cutouts/Secondary/war-unit-sapper-v2/war-unit-sapper-v2-secondary-down-03.png,128,128,1,
ok,Assets/Art/War/Units/V2/Cutouts/Secondary/war-unit-sapper-v2/war-unit-sapper-v2-secondary-left-00.png,128,128,1,
ok,Assets/Art/War/Units/V2/Cutouts/Secondary/war-unit-sapper-v2/war-unit-sapper-v2-secondary-left-01.png,128,128,1,
ok,Assets/Art/War/Units/V2/Cutouts/Secondary/war-unit-sapper-v2/war-unit-sapper-v2-secondary-left-02.png,128,128,3,
ok,Assets/Art/War/Units/V2/Cutouts/Secondary/war-unit-sapper-v2/war-unit-sapper-v2-secondary-left-03.png,128,128,1,large alpha touches frame edge: 0
ok,Assets/Art/War/Units/V2/Cutouts/Secondary/war-unit-sapper-v2/war-unit-sapper-v2-secondary-right-00.png,128,128,2,
ok,Assets/Art/War/Units/V2/Cutouts/Secondary/war-unit-sapper-v2/war-unit-sapper-v2-secondary-right-01.png,128,128,1,
ok,Assets/Art/War/Units/V2/Cutouts/Secondary/war-unit-sapper-v2/war-unit-sapper-v2-secondary-right-02.png,128,128,1,
ok,Assets/Art/War/Units/V2/Cutouts/Secondary/war-unit-sapper-v2/war-unit-sapper-v2-secondary-right-03.png,128,128,1,
ok,Assets/Art/War/Units/V2/Cutouts/Secondary/war-unit-sapper-v2/war-unit-sapper-v2-secondary-up-00.png,128,128,1,large alpha touches frame edge: 0
ok,Assets/Art/War/Units/V2/Cutouts/Secondary/war-unit-sapper-v2/war-unit-sapper-v2-secondary-up-01.png,128,128,1,
ok,Assets/Art/War/Units/V2/Cutouts/Secondary/war-unit-sapper-v2/war-unit-sapper-v2-secondary-up-02.png,128,128,1,
ok,Assets/Art/War/Units/V2/Cutouts/Secondary/war-unit-sapper-v2/war-unit-sapper-v2-secondary-up-03.png,128,128,1,
ok,Assets/Art/War/Units/V2/Cutouts/Secondary/war-unit-scout-v2/war-unit-scout-v2-secondary-down-00.png,128,128,1,
ok,Assets/Art/War/Units/V2/Cutouts/Secondary/war-unit-scout-v2/war-unit-scout-v2-secondary-down-01.png,128,128,1,
ok,Assets/Art/War/Units/V2/Cutouts/Secondary/war-unit-scout-v2/war-unit-scout-v2-secondary-down-02.png,128,128,1,
ok,Assets/Art/War/Units/V2/Cutouts/Secondary/war-unit-scout-v2/war-unit-scout-v2-secondary-down-03.png,128,128,1,
ok,Assets/Art/War/Units/V2/Cutouts/Secondary/war-unit-scout-v2/war-unit-scout-v2-secondary-left-00.png,128,128,1,
ok,Assets/Art/War/Units/V2/Cutouts/Secondary/war-unit-scout-v2/war-unit-scout-v2-secondary-left-01.png,128,128,1,
ok,Assets/Art/War/Units/V2/Cutouts/Secondary/war-unit-scout-v2/war-unit-scout-v2-secondary-left-02.png,128,128,1,
ok,Assets/Art/War/Units/V2/Cutouts/Secondary/war-unit-scout-v2/war-unit-scout-v2-secondary-left-03.png,128,128,1,
suspect,Assets/Art/War/Units/V2/Cutouts/Secondary/war-unit-scout-v2/war-unit-scout-v2-secondary-right-00.png,128,128,2,"component 1 looks separated: area=217 ratio=0.09 dist=36.0 bbox=[58, 117, 84, 127] | large alpha touches frame edge: 0,1"
suspect,Assets/Art/War/Units/V2/Cutouts/Secondary/war-unit-scout-v2/war-unit-scout-v2-secondary-right-01.png,128,128,3,"component 1 looks separated: area=209 ratio=0.08 dist=35.0 bbox=[51, 116, 74, 127] | component 2 looks separated: area=200 ratio=0.08 dist=28.0 bbox=[77, 109, 90, 127] | large alpha touches frame edge: 0,1,2"
suspect,Assets/Art/War/Units/V2/Cutouts/Secondary/war-unit-scout-v2/war-unit-scout-v2-secondary-right-02.png,128,128,2,"component 1 looks separated: area=187 ratio=0.08 dist=36.0 bbox=[44, 118, 69, 127] | large alpha touches frame edge: 1"
suspect,Assets/Art/War/Units/V2/Cutouts/Secondary/war-unit-scout-v2/war-unit-scout-v2-secondary-right-03.png,128,128,3,"component 1 looks separated: area=162 ratio=0.07 dist=29.0 bbox=[60, 112, 73, 127] | component 2 looks separated: area=153 ratio=0.06 dist=35.0 bbox=[35, 118, 54, 127] | large alpha touches frame edge: 1,2"
ok,Assets/Art/War/Units/V2/Cutouts/Secondary/war-unit-scout-v2/war-unit-scout-v2-secondary-up-00.png,128,128,1,large alpha touches frame edge: 0
ok,Assets/Art/War/Units/V2/Cutouts/Secondary/war-unit-scout-v2/war-unit-scout-v2-secondary-up-01.png,128,128,1,large alpha touches frame edge: 0
ok,Assets/Art/War/Units/V2/Cutouts/Secondary/war-unit-scout-v2/war-unit-scout-v2-secondary-up-02.png,128,128,1,large alpha touches frame edge: 0
ok,Assets/Art/War/Units/V2/Cutouts/Secondary/war-unit-scout-v2/war-unit-scout-v2-secondary-up-03.png,128,128,1,large alpha touches frame edge: 0
ok,Assets/Art/War/Units/V2/Cutouts/Secondary/war-unit-senior-surgeon-v2/war-unit-senior-surgeon-v2-secondary-down-00.png,128,256,1,
ok,Assets/Art/War/Units/V2/Cutouts/Secondary/war-unit-senior-surgeon-v2/war-unit-senior-surgeon-v2-secondary-down-01.png,128,256,1,
ok,Assets/Art/War/Units/V2/Cutouts/Secondary/war-unit-senior-surgeon-v2/war-unit-senior-surgeon-v2-secondary-down-02.png,128,256,1,
ok,Assets/Art/War/Units/V2/Cutouts/Secondary/war-unit-senior-surgeon-v2/war-unit-senior-surgeon-v2-secondary-down-03.png,128,256,2,
ok,Assets/Art/War/Units/V2/Cutouts/Secondary/war-unit-senior-surgeon-v2/war-unit-senior-surgeon-v2-secondary-left-00.png,128,256,2,
ok,Assets/Art/War/Units/V2/Cutouts/Secondary/war-unit-senior-surgeon-v2/war-unit-senior-surgeon-v2-secondary-left-01.png,128,256,1,large alpha touches frame edge: 0
ok,Assets/Art/War/Units/V2/Cutouts/Secondary/war-unit-senior-surgeon-v2/war-unit-senior-surgeon-v2-secondary-left-02.png,128,256,1,
suspect,Assets/Art/War/Units/V2/Cutouts/Secondary/war-unit-senior-surgeon-v2/war-unit-senior-surgeon-v2-secondary-left-03.png,128,256,3,"component 1 looks separated: area=83 ratio=0.01 dist=42.0 bbox=[71, 245, 85, 255] | large alpha touches frame edge: 1"
suspect,Assets/Art/War/Units/V2/Cutouts/Secondary/war-unit-senior-surgeon-v2/war-unit-senior-surgeon-v2-secondary-right-00.png,128,256,3,"component 2 looks separated: area=167 ratio=0.02 dist=44.0 bbox=[56, 247, 80, 255] | large alpha touches frame edge: 2"
suspect,Assets/Art/War/Units/V2/Cutouts/Secondary/war-unit-senior-surgeon-v2/war-unit-senior-surgeon-v2-secondary-right-01.png,128,256,3,"component 2 looks separated: area=169 ratio=0.02 dist=44.0 bbox=[48, 247, 72, 255] | large alpha touches frame edge: 2"
suspect,Assets/Art/War/Units/V2/Cutouts/Secondary/war-unit-senior-surgeon-v2/war-unit-senior-surgeon-v2-secondary-right-02.png,128,256,3,"component 2 looks separated: area=174 ratio=0.02 dist=44.0 bbox=[41, 247, 64, 255] | large alpha touches frame edge: 2"
suspect,Assets/Art/War/Units/V2/Cutouts/Secondary/war-unit-senior-surgeon-v2/war-unit-senior-surgeon-v2-secondary-right-03.png,128,256,5,"component 2 looks separated: area=394 ratio=0.05 dist=20.0 bbox=[70, 218, 87, 255] | component 3 looks separated: area=166 ratio=0.02 dist=49.0 bbox=[35, 247, 58, 255] | large alpha touches frame edge: 0,2,3"
ok,Assets/Art/War/Units/V2/Cutouts/Secondary/war-unit-senior-surgeon-v2/war-unit-senior-surgeon-v2-secondary-up-00.png,128,256,1,large alpha touches frame edge: 0
suspect,Assets/Art/War/Units/V2/Cutouts/Secondary/war-unit-senior-surgeon-v2/war-unit-senior-surgeon-v2-secondary-up-01.png,128,256,2,large alpha touches frame edge: 0
ok,Assets/Art/War/Units/V2/Cutouts/Secondary/war-unit-senior-surgeon-v2/war-unit-senior-surgeon-v2-secondary-up-02.png,128,256,1,large alpha touches frame edge: 0
ok,Assets/Art/War/Units/V2/Cutouts/Secondary/war-unit-senior-surgeon-v2/war-unit-senior-surgeon-v2-secondary-up-03.png,128,256,1,large alpha touches frame edge: 0
ok,Assets/Art/War/Units/V2/Cutouts/Secondary/war-unit-shell-runner-v2/war-unit-shell-runner-v2-secondary-down-00.png,128,128,1,
ok,Assets/Art/War/Units/V2/Cutouts/Secondary/war-unit-shell-runner-v2/war-unit-shell-runner-v2-secondary-down-01.png,128,128,1,
ok,Assets/Art/War/Units/V2/Cutouts/Secondary/war-unit-shell-runner-v2/war-unit-shell-runner-v2-secondary-down-02.png,128,128,1,
ok,Assets/Art/War/Units/V2/Cutouts/Secondary/war-unit-shell-runner-v2/war-unit-shell-runner-v2-secondary-down-03.png,128,128,1,
ok,Assets/Art/War/Units/V2/Cutouts/Secondary/war-unit-shell-runner-v2/war-unit-shell-runner-v2-secondary-left-00.png,128,128,1,
ok,Assets/Art/War/Units/V2/Cutouts/Secondary/war-unit-shell-runner-v2/war-unit-shell-runner-v2-secondary-left-01.png,128,128,1,
ok,Assets/Art/War/Units/V2/Cutouts/Secondary/war-unit-shell-runner-v2/war-unit-shell-runner-v2-secondary-left-02.png,128,128,1,
ok,Assets/Art/War/Units/V2/Cutouts/Secondary/war-unit-shell-runner-v2/war-unit-shell-runner-v2-secondary-left-03.png,128,128,1,
ok,Assets/Art/War/Units/V2/Cutouts/Secondary/war-unit-shell-runner-v2/war-unit-shell-runner-v2-secondary-right-00.png,128,128,1,
suspect,Assets/Art/War/Units/V2/Cutouts/Secondary/war-unit-shell-runner-v2/war-unit-shell-runner-v2-secondary-right-01.png,128,128,2,"component 1 looks separated: area=102 ratio=0.03 dist=25.0 bbox=[50, 121, 68, 127] | large alpha touches frame edge: 1"
suspect,Assets/Art/War/Units/V2/Cutouts/Secondary/war-unit-shell-runner-v2/war-unit-shell-runner-v2-secondary-right-02.png,128,128,2,"component 1 looks separated: area=171 ratio=0.06 dist=21.0 bbox=[44, 118, 64, 127] | large alpha touches frame edge: 1"
suspect,Assets/Art/War/Units/V2/Cutouts/Secondary/war-unit-shell-runner-v2/war-unit-shell-runner-v2-secondary-right-03.png,128,128,2,"component 1 looks separated: area=214 ratio=0.06 dist=19.0 bbox=[21, 116, 43, 127] | large alpha touches frame edge: 1"
ok,Assets/Art/War/Units/V2/Cutouts/Secondary/war-unit-shell-runner-v2/war-unit-shell-runner-v2-secondary-up-00.png,128,128,1,
ok,Assets/Art/War/Units/V2/Cutouts/Secondary/war-unit-shell-runner-v2/war-unit-shell-runner-v2-secondary-up-01.png,128,128,1,large alpha touches frame edge: 0
ok,Assets/Art/War/Units/V2/Cutouts/Secondary/war-unit-shell-runner-v2/war-unit-shell-runner-v2-secondary-up-02.png,128,128,1,large alpha touches frame edge: 0
ok,Assets/Art/War/Units/V2/Cutouts/Secondary/war-unit-shell-runner-v2/war-unit-shell-runner-v2-secondary-up-03.png,128,128,1,large alpha touches frame edge: 0
ok,Assets/Art/War/Units/V2/Cutouts/Secondary/war-unit-siege-mortar-artificer-v2/war-unit-siege-mortar-artificer-v2-secondary-down-00.png,128,128,1,
ok,Assets/Art/War/Units/V2/Cutouts/Secondary/war-unit-siege-mortar-artificer-v2/war-unit-siege-mortar-artificer-v2-secondary-down-01.png,128,128,1,
ok,Assets/Art/War/Units/V2/Cutouts/Secondary/war-unit-siege-mortar-artificer-v2/war-unit-siege-mortar-artificer-v2-secondary-down-02.png,128,128,1,
ok,Assets/Art/War/Units/V2/Cutouts/Secondary/war-unit-siege-mortar-artificer-v2/war-unit-siege-mortar-artificer-v2-secondary-down-03.png,128,128,1,
ok,Assets/Art/War/Units/V2/Cutouts/Secondary/war-unit-siege-mortar-artificer-v2/war-unit-siege-mortar-artificer-v2-secondary-left-00.png,128,128,1,
ok,Assets/Art/War/Units/V2/Cutouts/Secondary/war-unit-siege-mortar-artificer-v2/war-unit-siege-mortar-artificer-v2-secondary-left-01.png,128,128,1,
ok,Assets/Art/War/Units/V2/Cutouts/Secondary/war-unit-siege-mortar-artificer-v2/war-unit-siege-mortar-artificer-v2-secondary-left-02.png,128,128,1,
ok,Assets/Art/War/Units/V2/Cutouts/Secondary/war-unit-siege-mortar-artificer-v2/war-unit-siege-mortar-artificer-v2-secondary-left-03.png,128,128,1,
suspect,Assets/Art/War/Units/V2/Cutouts/Secondary/war-unit-siege-mortar-artificer-v2/war-unit-siege-mortar-artificer-v2-secondary-right-00.png,128,128,2,"component 1 looks separated: area=117 ratio=0.03 dist=20.0 bbox=[57, 120, 76, 127] | large alpha touches frame edge: 1"
suspect,Assets/Art/War/Units/V2/Cutouts/Secondary/war-unit-siege-mortar-artificer-v2/war-unit-siege-mortar-artificer-v2-secondary-right-01.png,128,128,2,"component 1 looks separated: area=128 ratio=0.03 dist=21.0 bbox=[44, 120, 64, 127] | large alpha touches frame edge: 1"
suspect,Assets/Art/War/Units/V2/Cutouts/Secondary/war-unit-siege-mortar-artificer-v2/war-unit-siege-mortar-artificer-v2-secondary-right-02.png,128,128,2,"component 1 looks separated: area=86 ratio=0.02 dist=22.0 bbox=[38, 122, 56, 127] | large alpha touches frame edge: 1"
ok,Assets/Art/War/Units/V2/Cutouts/Secondary/war-unit-siege-mortar-artificer-v2/war-unit-siege-mortar-artificer-v2-secondary-right-03.png,128,128,2,
ok,Assets/Art/War/Units/V2/Cutouts/Secondary/war-unit-siege-mortar-artificer-v2/war-unit-siege-mortar-artificer-v2-secondary-up-00.png,128,128,1,large alpha touches frame edge: 0
ok,Assets/Art/War/Units/V2/Cutouts/Secondary/war-unit-siege-mortar-artificer-v2/war-unit-siege-mortar-artificer-v2-secondary-up-01.png,128,128,1,large alpha touches frame edge: 0
ok,Assets/Art/War/Units/V2/Cutouts/Secondary/war-unit-siege-mortar-artificer-v2/war-unit-siege-mortar-artificer-v2-secondary-up-02.png,128,128,1,large alpha touches frame edge: 0
ok,Assets/Art/War/Units/V2/Cutouts/Secondary/war-unit-siege-mortar-artificer-v2/war-unit-siege-mortar-artificer-v2-secondary-up-03.png,128,128,1,large alpha touches frame edge: 0
ok,Assets/Art/War/Units/V2/Cutouts/Secondary/war-unit-signaller-v2/war-unit-signaller-v2-secondary-down-00.png,128,128,1,
ok,Assets/Art/War/Units/V2/Cutouts/Secondary/war-unit-signaller-v2/war-unit-signaller-v2-secondary-down-01.png,128,128,1,
ok,Assets/Art/War/Units/V2/Cutouts/Secondary/war-unit-signaller-v2/war-unit-signaller-v2-secondary-down-02.png,128,128,1,
ok,Assets/Art/War/Units/V2/Cutouts/Secondary/war-unit-signaller-v2/war-unit-signaller-v2-secondary-down-03.png,128,128,1,
ok,Assets/Art/War/Units/V2/Cutouts/Secondary/war-unit-signaller-v2/war-unit-signaller-v2-secondary-left-00.png,128,128,1,
ok,Assets/Art/War/Units/V2/Cutouts/Secondary/war-unit-signaller-v2/war-unit-signaller-v2-secondary-left-01.png,128,128,1,
ok,Assets/Art/War/Units/V2/Cutouts/Secondary/war-unit-signaller-v2/war-unit-signaller-v2-secondary-left-02.png,128,128,1,
ok,Assets/Art/War/Units/V2/Cutouts/Secondary/war-unit-signaller-v2/war-unit-signaller-v2-secondary-left-03.png,128,128,1,
suspect,Assets/Art/War/Units/V2/Cutouts/Secondary/war-unit-signaller-v2/war-unit-signaller-v2-secondary-right-00.png,128,128,2,"component 1 looks separated: area=153 ratio=0.04 dist=16.0 bbox=[61, 118, 79, 127] | large alpha touches frame edge: 0,1"
suspect,Assets/Art/War/Units/V2/Cutouts/Secondary/war-unit-signaller-v2/war-unit-signaller-v2-secondary-right-01.png,128,128,2,"component 1 looks separated: area=169 ratio=0.05 dist=15.0 bbox=[52, 117, 72, 127] | large alpha touches frame edge: 0,1"
suspect,Assets/Art/War/Units/V2/Cutouts/Secondary/war-unit-signaller-v2/war-unit-signaller-v2-secondary-right-02.png,128,128,3,"component 2 looks separated: area=130 ratio=0.03 dist=16.0 bbox=[44, 119, 62, 127] | large alpha touches frame edge: 0,1,2"
suspect,Assets/Art/War/Units/V2/Cutouts/Secondary/war-unit-signaller-v2/war-unit-signaller-v2-secondary-right-03.png,128,128,2,"component 1 looks separated: area=146 ratio=0.04 dist=15.0 bbox=[37, 118, 54, 127] | large alpha touches frame edge: 0,1"
ok,Assets/Art/War/Units/V2/Cutouts/Secondary/war-unit-signaller-v2/war-unit-signaller-v2-secondary-up-00.png,128,128,1,large alpha touches frame edge: 0
ok,Assets/Art/War/Units/V2/Cutouts/Secondary/war-unit-signaller-v2/war-unit-signaller-v2-secondary-up-01.png,128,128,1,large alpha touches frame edge: 0
ok,Assets/Art/War/Units/V2/Cutouts/Secondary/war-unit-signaller-v2/war-unit-signaller-v2-secondary-up-02.png,128,128,1,large alpha touches frame edge: 0
ok,Assets/Art/War/Units/V2/Cutouts/Secondary/war-unit-signaller-v2/war-unit-signaller-v2-secondary-up-03.png,128,128,1,large alpha touches frame edge: 0
ok,Assets/Art/War/Units/V2/Cutouts/Secondary/war-unit-stretcher-bearer-v2/war-unit-stretcher-bearer-v2-secondary-down-00.png,128,128,1,
ok,Assets/Art/War/Units/V2/Cutouts/Secondary/war-unit-stretcher-bearer-v2/war-unit-stretcher-bearer-v2-secondary-down-01.png,128,128,1,
suspect,Assets/Art/War/Units/V2/Cutouts/Secondary/war-unit-stretcher-bearer-v2/war-unit-stretcher-bearer-v2-secondary-down-02.png,128,128,2,"component 1 looks separated: area=156 ratio=0.04 dist=31.0 bbox=[113, 103, 127, 121] | large alpha touches frame edge: 1"
ok,Assets/Art/War/Units/V2/Cutouts/Secondary/war-unit-stretcher-bearer-v2/war-unit-stretcher-bearer-v2-secondary-down-03.png,128,128,1,large alpha touches frame edge: 0
ok,Assets/Art/War/Units/V2/Cutouts/Secondary/war-unit-stretcher-bearer-v2/war-unit-stretcher-bearer-v2-secondary-left-00.png,128,128,1,
suspect,Assets/Art/War/Units/V2/Cutouts/Secondary/war-unit-stretcher-bearer-v2/war-unit-stretcher-bearer-v2-secondary-left-01.png,128,128,2,"component 1 looks separated: area=124 ratio=0.04 dist=36.0 bbox=[115, 92, 127, 106] | large alpha touches frame edge: 1"
suspect,Assets/Art/War/Units/V2/Cutouts/Secondary/war-unit-stretcher-bearer-v2/war-unit-stretcher-bearer-v2-secondary-left-02.png,128,128,2,"component 1 looks separated: area=453 ratio=0.13 dist=21.0 bbox=[97, 96, 127, 114] | large alpha touches frame edge: 0,1"
ok,Assets/Art/War/Units/V2/Cutouts/Secondary/war-unit-stretcher-bearer-v2/war-unit-stretcher-bearer-v2-secondary-left-03.png,128,128,1,large alpha touches frame edge: 0
ok,Assets/Art/War/Units/V2/Cutouts/Secondary/war-unit-stretcher-bearer-v2/war-unit-stretcher-bearer-v2-secondary-right-00.png,128,128,2,
ok,Assets/Art/War/Units/V2/Cutouts/Secondary/war-unit-stretcher-bearer-v2/war-unit-stretcher-bearer-v2-secondary-right-01.png,128,128,2,
ok,Assets/Art/War/Units/V2/Cutouts/Secondary/war-unit-stretcher-bearer-v2/war-unit-stretcher-bearer-v2-secondary-right-02.png,128,128,3,
ok,Assets/Art/War/Units/V2/Cutouts/Secondary/war-unit-stretcher-bearer-v2/war-unit-stretcher-bearer-v2-secondary-right-03.png,128,128,1,large alpha touches frame edge: 0
ok,Assets/Art/War/Units/V2/Cutouts/Secondary/war-unit-stretcher-bearer-v2/war-unit-stretcher-bearer-v2-secondary-up-00.png,128,128,1,large alpha touches frame edge: 0
ok,Assets/Art/War/Units/V2/Cutouts/Secondary/war-unit-stretcher-bearer-v2/war-unit-stretcher-bearer-v2-secondary-up-01.png,128,128,1,large alpha touches frame edge: 0
suspect,Assets/Art/War/Units/V2/Cutouts/Secondary/war-unit-stretcher-bearer-v2/war-unit-stretcher-bearer-v2-secondary-up-02.png,128,128,2,"component 1 looks separated: area=361 ratio=0.11 dist=15.0 bbox=[102, 59, 127, 77] | large alpha touches frame edge: 0,1"
ok,Assets/Art/War/Units/V2/Cutouts/Secondary/war-unit-stretcher-bearer-v2/war-unit-stretcher-bearer-v2-secondary-up-03.png,128,128,1,large alpha touches frame edge: 0
ok,Assets/Art/War/Units/V2/Cutouts/Secondary/war-unit-supply-officer-v2/war-unit-supply-officer-v2-secondary-down-00.png,128,256,1,
ok,Assets/Art/War/Units/V2/Cutouts/Secondary/war-unit-supply-officer-v2/war-unit-supply-officer-v2-secondary-down-01.png,128,256,1,
ok,Assets/Art/War/Units/V2/Cutouts/Secondary/war-unit-supply-officer-v2/war-unit-supply-officer-v2-secondary-down-02.png,128,256,1,
ok,Assets/Art/War/Units/V2/Cutouts/Secondary/war-unit-supply-officer-v2/war-unit-supply-officer-v2-secondary-down-03.png,128,256,1,
ok,Assets/Art/War/Units/V2/Cutouts/Secondary/war-unit-supply-officer-v2/war-unit-supply-officer-v2-secondary-left-00.png,128,256,1,
ok,Assets/Art/War/Units/V2/Cutouts/Secondary/war-unit-supply-officer-v2/war-unit-supply-officer-v2-secondary-left-01.png,128,256,1,
ok,Assets/Art/War/Units/V2/Cutouts/Secondary/war-unit-supply-officer-v2/war-unit-supply-officer-v2-secondary-left-02.png,128,256,1,
ok,Assets/Art/War/Units/V2/Cutouts/Secondary/war-unit-supply-officer-v2/war-unit-supply-officer-v2-secondary-left-03.png,128,256,1,large alpha touches frame edge: 0
suspect,Assets/Art/War/Units/V2/Cutouts/Secondary/war-unit-supply-officer-v2/war-unit-supply-officer-v2-secondary-right-00.png,128,256,2,"component 1 looks separated: area=557 ratio=0.11 dist=38.0 bbox=[63, 220, 85, 255] | large alpha touches frame edge: 1"
suspect,Assets/Art/War/Units/V2/Cutouts/Secondary/war-unit-supply-officer-v2/war-unit-supply-officer-v2-secondary-right-01.png,128,256,4,"component 1 looks separated: area=559 ratio=0.10 dist=38.0 bbox=[58, 221, 80, 255] | component 3 looks separated: area=158 ratio=0.03 dist=60.0 bbox=[88, 243, 110, 255] | large alpha touches frame edge: 1,3"
suspect,Assets/Art/War/Units/V2/Cutouts/Secondary/war-unit-supply-officer-v2/war-unit-supply-officer-v2-secondary-right-02.png,128,256,3,"component 1 looks separated: area=541 ratio=0.10 dist=39.0 bbox=[49, 222, 70, 255] | component 2 looks separated: area=121 ratio=0.02 dist=58.0 bbox=[83, 241, 93, 255] | large alpha touches frame edge: 1,2"
suspect,Assets/Art/War/Units/V2/Cutouts/Secondary/war-unit-supply-officer-v2/war-unit-supply-officer-v2-secondary-right-03.png,128,256,3,"component 1 looks separated: area=563 ratio=0.11 dist=39.0 bbox=[37, 221, 59, 255] | large alpha touches frame edge: 1"
ok,Assets/Art/War/Units/V2/Cutouts/Secondary/war-unit-supply-officer-v2/war-unit-supply-officer-v2-secondary-up-00.png,128,256,1,large alpha touches frame edge: 0
suspect,Assets/Art/War/Units/V2/Cutouts/Secondary/war-unit-supply-officer-v2/war-unit-supply-officer-v2-secondary-up-01.png,128,256,3,large alpha touches frame edge: 0
ok,Assets/Art/War/Units/V2/Cutouts/Secondary/war-unit-supply-officer-v2/war-unit-supply-officer-v2-secondary-up-02.png,128,256,1,large alpha touches frame edge: 0
ok,Assets/Art/War/Units/V2/Cutouts/Secondary/war-unit-supply-officer-v2/war-unit-supply-officer-v2-secondary-up-03.png,128,256,1,large alpha touches frame edge: 0
ok,Assets/Art/War/Units/V2/Cutouts/Secondary/war-unit-trench-lieutenant-v2/war-unit-trench-lieutenant-v2-secondary-down-00.png,128,256,1,
ok,Assets/Art/War/Units/V2/Cutouts/Secondary/war-unit-trench-lieutenant-v2/war-unit-trench-lieutenant-v2-secondary-down-01.png,128,256,1,
ok,Assets/Art/War/Units/V2/Cutouts/Secondary/war-unit-trench-lieutenant-v2/war-unit-trench-lieutenant-v2-secondary-down-02.png,128,256,1,
ok,Assets/Art/War/Units/V2/Cutouts/Secondary/war-unit-trench-lieutenant-v2/war-unit-trench-lieutenant-v2-secondary-down-03.png,128,256,2,
ok,Assets/Art/War/Units/V2/Cutouts/Secondary/war-unit-trench-lieutenant-v2/war-unit-trench-lieutenant-v2-secondary-left-00.png,128,256,2,
ok,Assets/Art/War/Units/V2/Cutouts/Secondary/war-unit-trench-lieutenant-v2/war-unit-trench-lieutenant-v2-secondary-left-01.png,128,256,1,large alpha touches frame edge: 0
ok,Assets/Art/War/Units/V2/Cutouts/Secondary/war-unit-trench-lieutenant-v2/war-unit-trench-lieutenant-v2-secondary-left-02.png,128,256,1,
suspect,Assets/Art/War/Units/V2/Cutouts/Secondary/war-unit-trench-lieutenant-v2/war-unit-trench-lieutenant-v2-secondary-left-03.png,128,256,3,"component 1 looks separated: area=83 ratio=0.01 dist=42.0 bbox=[71, 245, 85, 255] | large alpha touches frame edge: 1"
suspect,Assets/Art/War/Units/V2/Cutouts/Secondary/war-unit-trench-lieutenant-v2/war-unit-trench-lieutenant-v2-secondary-right-00.png,128,256,2,"component 1 looks separated: area=167 ratio=0.02 dist=61.0 bbox=[56, 247, 80, 255] | large alpha touches frame edge: 1"
suspect,Assets/Art/War/Units/V2/Cutouts/Secondary/war-unit-trench-lieutenant-v2/war-unit-trench-lieutenant-v2-secondary-right-01.png,128,256,2,"component 1 looks separated: area=169 ratio=0.02 dist=60.0 bbox=[48, 247, 72, 255] | large alpha touches frame edge: 1"
suspect,Assets/Art/War/Units/V2/Cutouts/Secondary/war-unit-trench-lieutenant-v2/war-unit-trench-lieutenant-v2-secondary-right-02.png,128,256,2,"component 1 looks separated: area=174 ratio=0.02 dist=60.0 bbox=[41, 247, 64, 255] | large alpha touches frame edge: 1"
suspect,Assets/Art/War/Units/V2/Cutouts/Secondary/war-unit-trench-lieutenant-v2/war-unit-trench-lieutenant-v2-secondary-right-03.png,128,256,4,"component 1 looks separated: area=394 ratio=0.05 dist=32.0 bbox=[70, 218, 87, 255] | component 2 looks separated: area=166 ratio=0.02 dist=61.0 bbox=[35, 247, 58, 255] | large alpha touches frame edge: 0,1,2"
ok,Assets/Art/War/Units/V2/Cutouts/Secondary/war-unit-trench-lieutenant-v2/war-unit-trench-lieutenant-v2-secondary-up-00.png,128,256,1,large alpha touches frame edge: 0
ok,Assets/Art/War/Units/V2/Cutouts/Secondary/war-unit-trench-lieutenant-v2/war-unit-trench-lieutenant-v2-secondary-up-01.png,128,256,1,large alpha touches frame edge: 0
ok,Assets/Art/War/Units/V2/Cutouts/Secondary/war-unit-trench-lieutenant-v2/war-unit-trench-lieutenant-v2-secondary-up-02.png,128,256,1,large alpha touches frame edge: 0
ok,Assets/Art/War/Units/V2/Cutouts/Secondary/war-unit-trench-lieutenant-v2/war-unit-trench-lieutenant-v2-secondary-up-03.png,128,256,1,large alpha touches frame edge: 0
ok,Assets/Art/War/Units/V2/Cutouts/Secondary/war-unit-trench-marksman-v2/war-unit-trench-marksman-v2-secondary-down-00.png,128,128,1,
ok,Assets/Art/War/Units/V2/Cutouts/Secondary/war-unit-trench-marksman-v2/war-unit-trench-marksman-v2-secondary-down-01.png,128,128,1,
ok,Assets/Art/War/Units/V2/Cutouts/Secondary/war-unit-trench-marksman-v2/war-unit-trench-marksman-v2-secondary-down-02.png,128,128,1,
ok,Assets/Art/War/Units/V2/Cutouts/Secondary/war-unit-trench-marksman-v2/war-unit-trench-marksman-v2-secondary-down-03.png,128,128,1,
ok,Assets/Art/War/Units/V2/Cutouts/Secondary/war-unit-trench-marksman-v2/war-unit-trench-marksman-v2-secondary-left-00.png,128,128,1,
ok,Assets/Art/War/Units/V2/Cutouts/Secondary/war-unit-trench-marksman-v2/war-unit-trench-marksman-v2-secondary-left-01.png,128,128,1,
ok,Assets/Art/War/Units/V2/Cutouts/Secondary/war-unit-trench-marksman-v2/war-unit-trench-marksman-v2-secondary-left-02.png,128,128,1,
ok,Assets/Art/War/Units/V2/Cutouts/Secondary/war-unit-trench-marksman-v2/war-unit-trench-marksman-v2-secondary-left-03.png,128,128,1,
ok,Assets/Art/War/Units/V2/Cutouts/Secondary/war-unit-trench-marksman-v2/war-unit-trench-marksman-v2-secondary-right-00.png,128,128,2,
ok,Assets/Art/War/Units/V2/Cutouts/Secondary/war-unit-trench-marksman-v2/war-unit-trench-marksman-v2-secondary-right-01.png,128,128,3,
ok,Assets/Art/War/Units/V2/Cutouts/Secondary/war-unit-trench-marksman-v2/war-unit-trench-marksman-v2-secondary-right-02.png,128,128,3,
ok,Assets/Art/War/Units/V2/Cutouts/Secondary/war-unit-trench-marksman-v2/war-unit-trench-marksman-v2-secondary-right-03.png,128,128,2,
ok,Assets/Art/War/Units/V2/Cutouts/Secondary/war-unit-trench-marksman-v2/war-unit-trench-marksman-v2-secondary-up-00.png,128,128,1,large alpha touches frame edge: 0
ok,Assets/Art/War/Units/V2/Cutouts/Secondary/war-unit-trench-marksman-v2/war-unit-trench-marksman-v2-secondary-up-01.png,128,128,1,large alpha touches frame edge: 0
ok,Assets/Art/War/Units/V2/Cutouts/Secondary/war-unit-trench-marksman-v2/war-unit-trench-marksman-v2-secondary-up-02.png,128,128,1,large alpha touches frame edge: 0
ok,Assets/Art/War/Units/V2/Cutouts/Secondary/war-unit-trench-marksman-v2/war-unit-trench-marksman-v2-secondary-up-03.png,128,128,1,large alpha touches frame edge: 0
ok,Assets/Art/War/Units/V2/Cutouts/Secondary/war-unit-trench-mortar-crew-v2/war-unit-trench-mortar-crew-v2-secondary-down-00.png,128,128,1,
ok,Assets/Art/War/Units/V2/Cutouts/Secondary/war-unit-trench-mortar-crew-v2/war-unit-trench-mortar-crew-v2-secondary-down-01.png,128,128,1,
ok,Assets/Art/War/Units/V2/Cutouts/Secondary/war-unit-trench-mortar-crew-v2/war-unit-trench-mortar-crew-v2-secondary-down-02.png,128,128,1,
ok,Assets/Art/War/Units/V2/Cutouts/Secondary/war-unit-trench-mortar-crew-v2/war-unit-trench-mortar-crew-v2-secondary-down-03.png,128,128,1,
ok,Assets/Art/War/Units/V2/Cutouts/Secondary/war-unit-trench-mortar-crew-v2/war-unit-trench-mortar-crew-v2-secondary-left-00.png,128,128,1,
ok,Assets/Art/War/Units/V2/Cutouts/Secondary/war-unit-trench-mortar-crew-v2/war-unit-trench-mortar-crew-v2-secondary-left-01.png,128,128,1,
ok,Assets/Art/War/Units/V2/Cutouts/Secondary/war-unit-trench-mortar-crew-v2/war-unit-trench-mortar-crew-v2-secondary-left-02.png,128,128,1,
ok,Assets/Art/War/Units/V2/Cutouts/Secondary/war-unit-trench-mortar-crew-v2/war-unit-trench-mortar-crew-v2-secondary-left-03.png,128,128,1,
suspect,Assets/Art/War/Units/V2/Cutouts/Secondary/war-unit-trench-mortar-crew-v2/war-unit-trench-mortar-crew-v2-secondary-right-00.png,128,128,2,"component 1 looks separated: area=117 ratio=0.04 dist=28.0 bbox=[57, 120, 76, 127] | large alpha touches frame edge: 1"
suspect,Assets/Art/War/Units/V2/Cutouts/Secondary/war-unit-trench-mortar-crew-v2/war-unit-trench-mortar-crew-v2-secondary-right-01.png,128,128,2,"component 1 looks separated: area=128 ratio=0.04 dist=29.0 bbox=[44, 120, 64, 127] | large alpha touches frame edge: 1"
suspect,Assets/Art/War/Units/V2/Cutouts/Secondary/war-unit-trench-mortar-crew-v2/war-unit-trench-mortar-crew-v2-secondary-right-02.png,128,128,2,"component 1 looks separated: area=86 ratio=0.03 dist=29.0 bbox=[38, 122, 56, 127] | large alpha touches frame edge: 1"
ok,Assets/Art/War/Units/V2/Cutouts/Secondary/war-unit-trench-mortar-crew-v2/war-unit-trench-mortar-crew-v2-secondary-right-03.png,128,128,2,
ok,Assets/Art/War/Units/V2/Cutouts/Secondary/war-unit-trench-mortar-crew-v2/war-unit-trench-mortar-crew-v2-secondary-up-00.png,128,128,1,large alpha touches frame edge: 0
ok,Assets/Art/War/Units/V2/Cutouts/Secondary/war-unit-trench-mortar-crew-v2/war-unit-trench-mortar-crew-v2-secondary-up-01.png,128,128,1,large alpha touches frame edge: 0
ok,Assets/Art/War/Units/V2/Cutouts/Secondary/war-unit-trench-mortar-crew-v2/war-unit-trench-mortar-crew-v2-secondary-up-02.png,128,128,1,large alpha touches frame edge: 0
ok,Assets/Art/War/Units/V2/Cutouts/Secondary/war-unit-trench-mortar-crew-v2/war-unit-trench-mortar-crew-v2-secondary-up-03.png,128,128,1,large alpha touches frame edge: 0
ok,Assets/Art/War/Units/V2/Cutouts/Secondary/war-unit-trench-sanitation-orderly-v2/war-unit-trench-sanitation-orderly-v2-secondary-down-00.png,128,128,1,
ok,Assets/Art/War/Units/V2/Cutouts/Secondary/war-unit-trench-sanitation-orderly-v2/war-unit-trench-sanitation-orderly-v2-secondary-down-01.png,128,128,1,
ok,Assets/Art/War/Units/V2/Cutouts/Secondary/war-unit-trench-sanitation-orderly-v2/war-unit-trench-sanitation-orderly-v2-secondary-down-02.png,128,128,1,
ok,Assets/Art/War/Units/V2/Cutouts/Secondary/war-unit-trench-sanitation-orderly-v2/war-unit-trench-sanitation-orderly-v2-secondary-down-03.png,128,128,1,
ok,Assets/Art/War/Units/V2/Cutouts/Secondary/war-unit-trench-sanitation-orderly-v2/war-unit-trench-sanitation-orderly-v2-secondary-left-00.png,128,128,1,
ok,Assets/Art/War/Units/V2/Cutouts/Secondary/war-unit-trench-sanitation-orderly-v2/war-unit-trench-sanitation-orderly-v2-secondary-left-01.png,128,128,1,
ok,Assets/Art/War/Units/V2/Cutouts/Secondary/war-unit-trench-sanitation-orderly-v2/war-unit-trench-sanitation-orderly-v2-secondary-left-02.png,128,128,1,
ok,Assets/Art/War/Units/V2/Cutouts/Secondary/war-unit-trench-sanitation-orderly-v2/war-unit-trench-sanitation-orderly-v2-secondary-left-03.png,128,128,1,
suspect,Assets/Art/War/Units/V2/Cutouts/Secondary/war-unit-trench-sanitation-orderly-v2/war-unit-trench-sanitation-orderly-v2-secondary-right-00.png,128,128,2,"component 1 looks separated: area=230 ratio=0.05 dist=16.0 bbox=[61, 115, 84, 127] | large alpha touches frame edge: 1"
suspect,Assets/Art/War/Units/V2/Cutouts/Secondary/war-unit-trench-sanitation-orderly-v2/war-unit-trench-sanitation-orderly-v2-secondary-right-01.png,128,128,2,"component 1 looks separated: area=366 ratio=0.09 dist=16.0 bbox=[42, 116, 88, 127] | large alpha touches frame edge: 1"
suspect,Assets/Art/War/Units/V2/Cutouts/Secondary/war-unit-trench-sanitation-orderly-v2/war-unit-trench-sanitation-orderly-v2-secondary-right-02.png,128,128,3,"component 2 looks separated: area=188 ratio=0.05 dist=17.0 bbox=[37, 117, 57, 127] | large alpha touches frame edge: 2"
suspect,Assets/Art/War/Units/V2/Cutouts/Secondary/war-unit-trench-sanitation-orderly-v2/war-unit-trench-sanitation-orderly-v2-secondary-right-03.png,128,128,2,"component 1 looks separated: area=146 ratio=0.04 dist=17.0 bbox=[33, 119, 52, 127] | large alpha touches frame edge: 1"
ok,Assets/Art/War/Units/V2/Cutouts/Secondary/war-unit-trench-sanitation-orderly-v2/war-unit-trench-sanitation-orderly-v2-secondary-up-00.png,128,128,1,large alpha touches frame edge: 0
ok,Assets/Art/War/Units/V2/Cutouts/Secondary/war-unit-trench-sanitation-orderly-v2/war-unit-trench-sanitation-orderly-v2-secondary-up-01.png,128,128,1,large alpha touches frame edge: 0
ok,Assets/Art/War/Units/V2/Cutouts/Secondary/war-unit-trench-sanitation-orderly-v2/war-unit-trench-sanitation-orderly-v2-secondary-up-02.png,128,128,1,large alpha touches frame edge: 0
ok,Assets/Art/War/Units/V2/Cutouts/Secondary/war-unit-trench-sanitation-orderly-v2/war-unit-trench-sanitation-orderly-v2-secondary-up-03.png,128,128,1,large alpha touches frame edge: 0
ok,Assets/Art/War/Units/V2/Cutouts/Secondary/war-unit-wire-cutter-v2/war-unit-wire-cutter-v2-secondary-down-00.png,128,128,1,
ok,Assets/Art/War/Units/V2/Cutouts/Secondary/war-unit-wire-cutter-v2/war-unit-wire-cutter-v2-secondary-down-01.png,128,128,1,
ok,Assets/Art/War/Units/V2/Cutouts/Secondary/war-unit-wire-cutter-v2/war-unit-wire-cutter-v2-secondary-down-02.png,128,128,1,
ok,Assets/Art/War/Units/V2/Cutouts/Secondary/war-unit-wire-cutter-v2/war-unit-wire-cutter-v2-secondary-down-03.png,128,128,1,
ok,Assets/Art/War/Units/V2/Cutouts/Secondary/war-unit-wire-cutter-v2/war-unit-wire-cutter-v2-secondary-left-00.png,128,128,1,
ok,Assets/Art/War/Units/V2/Cutouts/Secondary/war-unit-wire-cutter-v2/war-unit-wire-cutter-v2-secondary-left-01.png,128,128,2,
suspect,Assets/Art/War/Units/V2/Cutouts/Secondary/war-unit-wire-cutter-v2/war-unit-wire-cutter-v2-secondary-left-02.png,128,128,2,large alpha touches frame edge: 0
ok,Assets/Art/War/Units/V2/Cutouts/Secondary/war-unit-wire-cutter-v2/war-unit-wire-cutter-v2-secondary-left-03.png,128,128,1,large alpha touches frame edge: 0
suspect,Assets/Art/War/Units/V2/Cutouts/Secondary/war-unit-wire-cutter-v2/war-unit-wire-cutter-v2-secondary-right-00.png,128,128,3,"component 1 looks separated: area=197 ratio=0.05 dist=34.0 bbox=[62, 116, 81, 127] | large alpha touches frame edge: 0,1"
suspect,Assets/Art/War/Units/V2/Cutouts/Secondary/war-unit-wire-cutter-v2/war-unit-wire-cutter-v2-secondary-right-01.png,128,128,4,"component 1 looks separated: area=200 ratio=0.05 dist=33.0 bbox=[49, 116, 69, 127] | large alpha touches frame edge: 1"
suspect,Assets/Art/War/Units/V2/Cutouts/Secondary/war-unit-wire-cutter-v2/war-unit-wire-cutter-v2-secondary-right-02.png,128,128,3,"component 1 looks separated: area=203 ratio=0.05 dist=33.0 bbox=[40, 116, 62, 127] | large alpha touches frame edge: 0,1"
suspect,Assets/Art/War/Units/V2/Cutouts/Secondary/war-unit-wire-cutter-v2/war-unit-wire-cutter-v2-secondary-right-03.png,128,128,3,"component 1 looks separated: area=203 ratio=0.06 dist=33.0 bbox=[31, 116, 52, 127] | large alpha touches frame edge: 1"
ok,Assets/Art/War/Units/V2/Cutouts/Secondary/war-unit-wire-cutter-v2/war-unit-wire-cutter-v2-secondary-up-00.png,128,128,1,large alpha touches frame edge: 0
ok,Assets/Art/War/Units/V2/Cutouts/Secondary/war-unit-wire-cutter-v2/war-unit-wire-cutter-v2-secondary-up-01.png,128,128,1,large alpha touches frame edge: 0
ok,Assets/Art/War/Units/V2/Cutouts/Secondary/war-unit-wire-cutter-v2/war-unit-wire-cutter-v2-secondary-up-02.png,128,128,1,large alpha touches frame edge: 0
ok,Assets/Art/War/Units/V2/Cutouts/Secondary/war-unit-wire-cutter-v2/war-unit-wire-cutter-v2-secondary-up-03.png,128,128,1,large alpha touches frame edge: 0
ok,Assets/Art/War/Units/V2/Cutouts/Secondary/war-unit-wire-layer-v2/war-unit-wire-layer-v2-secondary-down-00.png,128,128,1,
ok,Assets/Art/War/Units/V2/Cutouts/Secondary/war-unit-wire-layer-v2/war-unit-wire-layer-v2-secondary-down-01.png,128,128,1,
ok,Assets/Art/War/Units/V2/Cutouts/Secondary/war-unit-wire-layer-v2/war-unit-wire-layer-v2-secondary-down-02.png,128,128,1,
ok,Assets/Art/War/Units/V2/Cutouts/Secondary/war-unit-wire-layer-v2/war-unit-wire-layer-v2-secondary-down-03.png,128,128,1,
ok,Assets/Art/War/Units/V2/Cutouts/Secondary/war-unit-wire-layer-v2/war-unit-wire-layer-v2-secondary-left-00.png,128,128,1,
ok,Assets/Art/War/Units/V2/Cutouts/Secondary/war-unit-wire-layer-v2/war-unit-wire-layer-v2-secondary-left-01.png,128,128,2,
suspect,Assets/Art/War/Units/V2/Cutouts/Secondary/war-unit-wire-layer-v2/war-unit-wire-layer-v2-secondary-left-02.png,128,128,3,large alpha touches frame edge: 0
ok,Assets/Art/War/Units/V2/Cutouts/Secondary/war-unit-wire-layer-v2/war-unit-wire-layer-v2-secondary-left-03.png,128,128,1,large alpha touches frame edge: 0
suspect,Assets/Art/War/Units/V2/Cutouts/Secondary/war-unit-wire-layer-v2/war-unit-wire-layer-v2-secondary-right-00.png,128,128,5,"large alpha touches frame edge: 0,1"
suspect,Assets/Art/War/Units/V2/Cutouts/Secondary/war-unit-wire-layer-v2/war-unit-wire-layer-v2-secondary-right-01.png,128,128,6,large alpha touches frame edge: 1
suspect,Assets/Art/War/Units/V2/Cutouts/Secondary/war-unit-wire-layer-v2/war-unit-wire-layer-v2-secondary-right-02.png,128,128,4,"large alpha touches frame edge: 0,1"
suspect,Assets/Art/War/Units/V2/Cutouts/Secondary/war-unit-wire-layer-v2/war-unit-wire-layer-v2-secondary-right-03.png,128,128,4,large alpha touches frame edge: 1
ok,Assets/Art/War/Units/V2/Cutouts/Secondary/war-unit-wire-layer-v2/war-unit-wire-layer-v2-secondary-up-00.png,128,128,1,large alpha touches frame edge: 0
ok,Assets/Art/War/Units/V2/Cutouts/Secondary/war-unit-wire-layer-v2/war-unit-wire-layer-v2-secondary-up-01.png,128,128,1,large alpha touches frame edge: 0
ok,Assets/Art/War/Units/V2/Cutouts/Secondary/war-unit-wire-layer-v2/war-unit-wire-layer-v2-secondary-up-02.png,128,128,1,large alpha touches frame edge: 0
ok,Assets/Art/War/Units/V2/Cutouts/Secondary/war-unit-wire-layer-v2/war-unit-wire-layer-v2-secondary-up-03.png,128,128,1,large alpha touches frame edge: 0
